"group","book","first","last","focus","mapUnit","mapChapter","guideIds","sharedGrammarUnits","textbook","originalAudio","comic","firstTry","targetedLearn","independent","feedback","delayed","route","approvedFiveStepLoop","pilot","evidence","loopRegistration","loopCourseId","loopQuestionCount","loopStageCounts","loopLearnerValidation"
"NCE1-1","NCE1","1","2","一般疑问句：Is this your…?","nce1-1","1","be-question|be","sentence-core|questions-negation","indexed-source-reader","existing-group-source-player; runtime-not-retested","existing-panels","registered 3 authored diagnostic tasks; learner outcome not inferred","registered 3 target-linked teaching items","registered 3 authored independent tasks; learner outcome not inferred","registered finite-answer checks + 3 repair tasks; open expression awaits human review","registered 3 + 3 review tasks; first gate 86400000ms; natural retention not inferred","registered course-loop at /map/#/learn/nce1-1; existing textbook route retained","not-established-per-lesson","registered-content; learner acceptance not inferred","app/data/textbook-grammar.json; app/data/grammar-explanations.json; app/learning-plan.ts; map/curriculum.ts; map/lesson-plan.ts; map/course.tsx; map/model.ts; course-loop/registry.mjs; registered lesson module","registered","nce1-1","18","{""diagnostic"":3,""guided"":3,""independent"":3,""repair"":3,""review-a"":3,""review-b"":3}","not-inferred-from-registration"
"NCE1-3","NCE1","3","4","一般疑问句的肯定与否定回答","nce1-3","1","be-question","questions-negation","indexed-source-reader","existing-group-source-player; runtime-not-retested","existing-panels","registered 3 authored diagnostic tasks; learner outcome not inferred","registered 3 target-linked teaching items","registered 3 authored independent tasks; learner outcome not inferred","registered finite-answer checks + 3 repair tasks; open expression awaits human review","registered 3 + 3 review tasks; first gate 86400000ms; natural retention not inferred","registered course-loop at /map/#/learn/nce1-3; existing textbook route retained","not-established-per-lesson","registered-content; learner acceptance not inferred","app/data/textbook-grammar.json; app/data/grammar-explanations.json; app/learning-plan.ts; map/curriculum.ts; map/lesson-plan.ts; map/course.tsx; map/model.ts; course-loop/registry.mjs; registered lesson module","registered","nce1-3","18","{""diagnostic"":3,""guided"":3,""independent"":3,""repair"":3,""review-a"":3,""review-b"":3}","not-inferred-from-registration"
"NCE1-5","NCE1","5","6","人称代词、冠词与物品问答","nce1-5","1","pronouns|articles|be-question","questions-negation|noun-reference|reference-ownership","indexed-source-reader","existing-group-source-player; runtime-not-retested","existing-panels","registered 3 authored diagnostic tasks; learner outcome not inferred","registered 3 target-linked teaching items","registered 3 authored independent tasks; learner outcome not inferred","registered finite-answer checks + 3 repair tasks; open expression awaits human review","registered 3 + 3 review tasks; first gate 86400000ms; natural retention not inferred","registered course-loop at /map/#/learn/nce1-5; existing textbook route retained","not-established-per-lesson","registered-content; learner acceptance not inferred","app/data/textbook-grammar.json; app/data/grammar-explanations.json; app/learning-plan.ts; map/curriculum.ts; map/lesson-plan.ts; map/course.tsx; map/model.ts; course-loop/registry.mjs; registered lesson module","registered","nce1-5","18","{""diagnostic"":3,""guided"":3,""independent"":3,""repair"":3,""review-a"":3,""review-b"":3}","not-inferred-from-registration"
"NCE1-7","NCE1","7","8","职业与 be 动词","nce1-7","1","be|articles","sentence-core|noun-reference","indexed-source-reader","existing-group-source-player; runtime-not-retested","existing-panels","registered 3 authored diagnostic tasks; learner outcome not inferred","registered 3 target-linked teaching items","registered 3 authored independent tasks; learner outcome not inferred","registered finite-answer checks + 3 repair tasks; open expression awaits human review","registered 3 + 3 review tasks; first gate 86400000ms; natural retention not inferred","registered course-loop at /map/#/learn/nce1-7; existing textbook route retained","not-established-per-lesson","registered-content; learner acceptance not inferred","app/data/textbook-grammar.json; app/data/grammar-explanations.json; app/learning-plan.ts; map/curriculum.ts; map/lesson-plan.ts; map/course.tsx; map/model.ts; course-loop/registry.mjs; registered lesson module","registered","nce1-7","18","{""diagnostic"":3,""guided"":3,""independent"":3,""repair"":3,""review-a"":3,""review-b"":3}","not-inferred-from-registration"
"NCE1-9","NCE1","9","10","人称代词与形容词描述","nce1-9","1","pronouns|adjectives","reference-ownership|basic-descriptions","indexed-source-reader","existing-group-source-player; runtime-not-retested","existing-panels","registered 3 authored diagnostic tasks; learner outcome not inferred","registered 3 target-linked teaching items","registered 3 authored independent tasks; learner outcome not inferred","registered finite-answer checks + 3 repair tasks; open expression awaits human review","registered 3 + 3 review tasks; first gate 86400000ms; natural retention not inferred","registered course-loop at /map/#/learn/nce1-9; existing textbook route retained","not-established-per-lesson","registered-content; learner acceptance not inferred","app/data/textbook-grammar.json; app/data/grammar-explanations.json; app/learning-plan.ts; map/curriculum.ts; map/lesson-plan.ts; map/course.tsx; map/model.ts; course-loop/registry.mjs; registered lesson module","registered","nce1-9","18","{""diagnostic"":3,""guided"":3,""independent"":3,""repair"":3,""review-a"":3,""review-b"":3}","not-inferred-from-registration"
"NCE1-11","NCE1","11","12","所属关系：whose 与物主限定词","nce1-11","1","possession","reference-ownership","indexed-source-reader","existing-group-source-player; runtime-not-retested","existing-panels","registered 3 authored diagnostic tasks; learner outcome not inferred","registered 3 target-linked teaching items","registered 3 authored independent tasks; learner outcome not inferred","registered finite-answer checks + 3 repair tasks; open expression awaits human review","registered 3 + 3 review tasks; first gate 86400000ms; natural retention not inferred","registered course-loop at /map/#/learn/nce1-11; existing textbook route retained","not-established-per-lesson","registered-content; learner acceptance not inferred","app/data/textbook-grammar.json; app/data/grammar-explanations.json; app/learning-plan.ts; map/curriculum.ts; map/lesson-plan.ts; map/course.tsx; map/model.ts; course-loop/registry.mjs; registered lesson module","registered","nce1-11","18","{""diagnostic"":3,""guided"":3,""independent"":3,""repair"":3,""review-a"":3,""review-b"":3}","not-inferred-from-registration"
"NCE1-13","NCE1","13","14","颜色问答与所属关系","nce1-13","1","adjectives|possession","reference-ownership|basic-descriptions","indexed-source-reader","existing-group-source-player; runtime-not-retested","existing-panels","registered 3 authored diagnostic tasks; learner outcome not inferred","registered 3 target-linked teaching items","registered 3 authored independent tasks; learner outcome not inferred","registered finite-answer checks + 3 repair tasks; open expression awaits human review","registered 3 + 3 review tasks; first gate 86400000ms; natural retention not inferred","registered course-loop at /map/#/learn/nce1-13; existing textbook route retained","not-established-per-lesson","registered-content; learner acceptance not inferred","app/data/textbook-grammar.json; app/data/grammar-explanations.json; app/learning-plan.ts; map/curriculum.ts; map/lesson-plan.ts; map/course.tsx; map/model.ts; course-loop/registry.mjs; registered lesson module","registered","nce1-13","18","{""diagnostic"":3,""guided"":3,""independent"":3,""repair"":3,""review-a"":3,""review-b"":3}","not-inferred-from-registration"
"NCE1-15","NCE1","15","16","a / an 与 be 动词疑问句","nce1-15","1","articles|be-question","questions-negation|noun-reference","indexed-source-reader","existing-group-source-player; runtime-not-retested","existing-panels","registered 3 authored diagnostic tasks; learner outcome not inferred","registered 3 target-linked teaching items","registered 3 authored independent tasks; learner outcome not inferred","registered finite-answer checks + 3 repair tasks; open expression awaits human review","registered 3 + 3 review tasks; first gate 86400000ms; natural retention not inferred","registered course-loop at /map/#/learn/nce1-15; existing textbook route retained","not-established-per-lesson","registered-content; learner acceptance not inferred","app/data/textbook-grammar.json; app/data/grammar-explanations.json; app/learning-plan.ts; map/curriculum.ts; map/lesson-plan.ts; map/course.tsx; map/model.ts; course-loop/registry.mjs; registered lesson module","registered","nce1-15","18","{""diagnostic"":3,""guided"":3,""independent"":3,""repair"":3,""review-a"":3,""review-b"":3}","not-inferred-from-registration"
"NCE1-17","NCE1","17","18","复数主语与职业","nce1-17","1","be|countable","sentence-core|noun-reference","indexed-source-reader","existing-group-source-player; runtime-not-retested","existing-panels","registered 3 authored diagnostic tasks; learner outcome not inferred","registered 3 target-linked teaching items","registered 3 authored independent tasks; learner outcome not inferred","registered finite-answer checks + 3 repair tasks; open expression awaits human review","registered 3 + 3 review tasks; first gate 86400000ms; natural retention not inferred","registered course-loop at /map/#/learn/nce1-17; existing textbook route retained","not-established-per-lesson","registered-content; learner acceptance not inferred","app/data/textbook-grammar.json; app/data/grammar-explanations.json; app/learning-plan.ts; map/curriculum.ts; map/lesson-plan.ts; map/course.tsx; map/model.ts; course-loop/registry.mjs; registered lesson module","registered","nce1-17","18","{""diagnostic"":3,""guided"":3,""independent"":3,""repair"":3,""review-a"":3,""review-b"":3}","not-inferred-from-registration"
"NCE1-19","NCE1","19","20","be 动词与人称代词宾格","nce1-19","1","be|pronouns","sentence-core|reference-ownership","indexed-source-reader","existing-group-source-player; runtime-not-retested","existing-panels","registered 3 authored diagnostic tasks; learner outcome not inferred","registered 3 target-linked teaching items","registered 3 authored independent tasks; learner outcome not inferred","registered finite-answer checks + 3 repair tasks; open expression awaits human review","registered 3 + 3 review tasks; first gate 86400000ms; natural retention not inferred","registered course-loop at /map/#/learn/nce1-19; existing textbook route retained","not-established-per-lesson","registered-content; learner acceptance not inferred","app/data/textbook-grammar.json; app/data/grammar-explanations.json; app/learning-plan.ts; map/curriculum.ts; map/lesson-plan.ts; map/course.tsx; map/model.ts; course-loop/registry.mjs; registered lesson module","registered","nce1-19","18","{""diagnostic"":3,""guided"":3,""independent"":3,""repair"":3,""review-a"":3,""review-b"":3}","not-inferred-from-registration"
"NCE1-21","NCE1","21","22","物主限定词、双宾语与 which one","nce1-21","1","double-object|possession","reference-ownership|giving-directions","indexed-source-reader","existing-group-source-player; runtime-not-retested","existing-panels","registered 3 authored diagnostic tasks; learner outcome not inferred","registered 3 target-linked teaching items","registered 3 authored independent tasks; learner outcome not inferred","registered finite-answer checks + 3 repair tasks; open expression awaits human review","registered 3 + 3 review tasks; first gate 86400000ms; natural retention not inferred","registered course-loop at /map/#/learn/nce1-21; existing textbook route retained","not-established-per-lesson","registered-content; learner acceptance not inferred","app/data/textbook-grammar.json; app/data/grammar-explanations.json; app/learning-plan.ts; map/curriculum.ts; map/lesson-plan.ts; map/course.tsx; map/model.ts; course-loop/registry.mjs; registered lesson module","registered","nce1-21","18","{""diagnostic"":3,""guided"":3,""independent"":3,""repair"":3,""review-a"":3,""review-b"":3}","not-inferred-from-registration"
"NCE1-23","NCE1","23","24","宾格代词、名词复数与 which ones","nce1-23","1","pronouns|countable|double-object","noun-reference|reference-ownership|giving-directions","indexed-source-reader","existing-group-source-player; runtime-not-retested","existing-panels","registered 3 authored diagnostic tasks; learner outcome not inferred","registered 3 target-linked teaching items","registered 3 authored independent tasks; learner outcome not inferred","registered finite-answer checks + 3 repair tasks; open expression awaits human review","registered 3 + 3 review tasks; first gate 86400000ms; natural retention not inferred","registered course-loop at /map/#/learn/nce1-23; existing textbook route retained","not-established-per-lesson","registered-content; learner acceptance not inferred","app/data/textbook-grammar.json; app/data/grammar-explanations.json; app/learning-plan.ts; map/curriculum.ts; map/lesson-plan.ts; map/course.tsx; map/model.ts; course-loop/registry.mjs; registered lesson module","registered","nce1-23","18","{""diagnostic"":3,""guided"":3,""independent"":3,""repair"":3,""review-a"":3,""review-b"":3}","not-inferred-from-registration"
"NCE1-25","NCE1","25","26","冠词 a / the 与位置表达","nce1-25","2","articles|place","noun-reference|giving-directions","indexed-source-reader","existing-group-source-player; runtime-not-retested","existing-lesson","registered 3 authored diagnostic tasks; learner outcome not inferred","registered 3 target-linked teaching items","registered 3 authored independent tasks; learner outcome not inferred","registered finite-answer checks + 3 repair tasks; open expression awaits human review","registered 3 + 3 review tasks; first gate 86400000ms; natural retention not inferred","registered course-loop at /map/#/learn/nce1-25; existing textbook route retained","not-established-per-lesson","registered-content; learner acceptance not inferred","app/data/textbook-grammar.json; app/data/grammar-explanations.json; app/learning-plan.ts; map/curriculum.ts; map/lesson-plan.ts; map/course.tsx; map/model.ts; course-loop/registry.mjs; registered lesson module","registered","nce1-25","18","{""diagnostic"":3,""guided"":3,""independent"":3,""repair"":3,""review-a"":3,""review-b"":3}","not-inferred-from-registration"
"NCE1-27","NCE1","27","28","复数物品的位置","nce1-27","2","place|be","sentence-core|giving-directions","indexed-source-reader","existing-group-source-player; runtime-not-retested","existing-lesson","registered 3 authored diagnostic tasks; learner outcome not inferred","registered 3 target-linked teaching items","registered 3 authored independent tasks; learner outcome not inferred","registered finite-answer checks + 3 repair tasks; open expression awaits human review","registered 3 + 3 review tasks; first gate 86400000ms; natural retention not inferred","registered course-loop at /map/#/learn/nce1-27; existing textbook route retained","not-established-per-lesson","registered-content; learner acceptance not inferred","app/data/textbook-grammar.json; app/data/grammar-explanations.json; app/learning-plan.ts; map/curriculum.ts; map/lesson-plan.ts; map/course.tsx; map/model.ts; course-loop/registry.mjs; registered lesson module","registered","nce1-27","18","{""diagnostic"":3,""guided"":3,""independent"":3,""repair"":3,""review-a"":3,""review-b"":3}","not-inferred-from-registration"
"NCE1-29","NCE1","29","30","must 与祈使句","nce1-29","2","obligation|imperative","modal-choice|giving-directions","indexed-source-reader","existing-group-source-player; runtime-not-retested","existing-panels","registered 3 authored diagnostic tasks; learner outcome not inferred","registered 3 target-linked teaching items","registered 3 authored independent tasks; learner outcome not inferred","registered finite-answer checks + 3 repair tasks; open expression awaits human review","registered 3 + 3 review tasks; first gate 86400000ms; natural retention not inferred","registered course-loop at /map/#/learn/nce1-29; existing textbook route retained","not-established-per-lesson","registered-content; learner acceptance not inferred","app/data/textbook-grammar.json; app/data/grammar-explanations.json; app/learning-plan.ts; map/curriculum.ts; map/lesson-plan.ts; map/course.tsx; map/model.ts; course-loop/registry.mjs; registered lesson module","registered","nce1-29","18","{""diagnostic"":3,""guided"":3,""independent"":3,""repair"":3,""review-a"":3,""review-b"":3}","not-inferred-from-registration"
"NCE1-31","NCE1","31","32","现在进行时：单数主语","nce1-31","2","present-continuous","present-time","indexed-source-reader","existing-group-source-player; runtime-not-retested","existing-lesson","registered 3 authored diagnostic tasks; learner outcome not inferred","registered 3 target-linked teaching items","registered 3 authored independent tasks; learner outcome not inferred","registered finite-answer checks + 3 repair tasks; open expression awaits human review","registered 3 + 3 review tasks; first gate 86400000ms; natural retention not inferred","registered course-loop at /map/#/learn/nce1-31; existing textbook route retained","not-established-per-lesson","registered-content; learner acceptance not inferred","app/data/textbook-grammar.json; app/data/grammar-explanations.json; app/learning-plan.ts; map/curriculum.ts; map/lesson-plan.ts; map/course.tsx; map/model.ts; course-loop/registry.mjs; registered lesson module","registered","nce1-31","18","{""diagnostic"":3,""guided"":3,""independent"":3,""repair"":3,""review-a"":3,""review-b"":3}","not-inferred-from-registration"
"NCE1-33","NCE1","33","34","现在进行时：复数主语","nce1-33","2","present-continuous|pronouns","present-time|reference-ownership","indexed-source-reader","existing-group-source-player; runtime-not-retested","existing-lesson","registered 3 authored diagnostic tasks; learner outcome not inferred","registered 3 target-linked teaching items","registered 3 authored independent tasks; learner outcome not inferred","registered finite-answer checks + 3 repair tasks; open expression awaits human review","registered 3 + 3 review tasks; first gate 86400000ms; natural retention not inferred","registered course-loop at /map/#/learn/nce1-33; existing textbook route retained","not-established-per-lesson","registered-content; learner acceptance not inferred","app/data/textbook-grammar.json; app/data/grammar-explanations.json; app/learning-plan.ts; map/curriculum.ts; map/lesson-plan.ts; map/course.tsx; map/model.ts; course-loop/registry.mjs; registered lesson module","registered","nce1-33","18","{""diagnostic"":3,""guided"":3,""independent"":3,""repair"":3,""review-a"":3,""review-b"":3}","not-inferred-from-registration"
"NCE1-35","NCE1","35","36","地点疑问句：Where…?","nce1-35","2","place|present-continuous","present-time|giving-directions","indexed-source-reader","existing-group-source-player; runtime-not-retested","existing-panels","registered 3 authored diagnostic tasks; learner outcome not inferred","registered 3 target-linked teaching items","registered 3 authored independent tasks; learner outcome not inferred","registered finite-answer checks + 3 repair tasks; open expression awaits human review","registered 3 + 3 review tasks; first gate 86400000ms; natural retention not inferred","registered course-loop at /map/#/learn/nce1-35; existing textbook route retained","not-established-per-lesson","registered-content; learner acceptance not inferred","app/data/textbook-grammar.json; app/data/grammar-explanations.json; app/learning-plan.ts; map/curriculum.ts; map/lesson-plan.ts; map/course.tsx; map/model.ts; course-loop/registry.mjs; registered lesson module","registered","nce1-35","18","{""diagnostic"":3,""guided"":3,""independent"":3,""repair"":3,""review-a"":3,""review-b"":3}","not-inferred-from-registration"
"NCE1-37","NCE1","37","38","现在进行与 be going to","nce1-37","2","present-continuous|going-to","present-time|plan-timeline","indexed-source-reader","existing-group-source-player; runtime-not-retested","existing-panels","registered 3 authored diagnostic tasks; learner outcome not inferred","registered 3 target-linked teaching items","registered 3 authored independent tasks; learner outcome not inferred","registered finite-answer checks + 3 repair tasks; open expression awaits human review","registered 3 + 3 review tasks; first gate 86400000ms; natural retention not inferred","registered course-loop at /map/#/learn/nce1-37; existing textbook route retained","not-established-per-lesson","registered-content; learner acceptance not inferred","app/data/textbook-grammar.json; app/data/grammar-explanations.json; app/learning-plan.ts; map/curriculum.ts; map/lesson-plan.ts; map/course.tsx; map/model.ts; course-loop/registry.mjs; registered lesson module","registered","nce1-37","18","{""diagnostic"":3,""guided"":3,""independent"":3,""repair"":3,""review-a"":3,""review-b"":3}","not-inferred-from-registration"
"NCE1-39","NCE1","39","40","be going to 表示打算","nce1-39","2","going-to","plan-timeline","indexed-source-reader","existing-group-source-player; runtime-not-retested","existing-panels","registered 3 authored diagnostic tasks; learner outcome not inferred","registered 3 target-linked teaching items","registered 3 authored independent tasks; learner outcome not inferred","registered finite-answer checks + 3 repair tasks; open expression awaits human review","registered 3 + 3 review tasks; first gate 86400000ms; natural retention not inferred","registered course-loop at /map/#/learn/nce1-39; existing textbook route retained","not-established-per-lesson","registered-content; learner acceptance not inferred","app/data/textbook-grammar.json; app/data/grammar-explanations.json; app/learning-plan.ts; map/curriculum.ts; map/lesson-plan.ts; map/course.tsx; map/model.ts; course-loop/registry.mjs; registered lesson module","registered","nce1-39","18","{""diagnostic"":3,""guided"":3,""independent"":3,""repair"":3,""review-a"":3,""review-b"":3}","not-inferred-from-registration"
"NCE1-41","NCE1","41","42","there be：单数与不可数名词","nce1-41","2","there-be|countable","sentence-core|noun-reference","indexed-source-reader","existing-group-source-player; runtime-not-retested","existing-panels","registered 3 authored diagnostic tasks; learner outcome not inferred","registered 3 target-linked teaching items","registered 3 authored independent tasks; learner outcome not inferred","registered finite-answer checks + 3 repair tasks; open expression awaits human review","registered 3 + 3 review tasks; first gate 86400000ms; natural retention not inferred","registered course-loop at /map/#/learn/nce1-41; existing textbook route retained","not-established-per-lesson","registered-content; learner acceptance not inferred","app/data/textbook-grammar.json; app/data/grammar-explanations.json; app/learning-plan.ts; map/curriculum.ts; map/lesson-plan.ts; map/course.tsx; map/model.ts; course-loop/registry.mjs; registered lesson module","registered","nce1-41","18","{""diagnostic"":3,""guided"":3,""independent"":3,""repair"":3,""review-a"":3,""review-b"":3}","not-inferred-from-registration"
"NCE1-43","NCE1","43","44","there be：some 与 any","nce1-43","2","there-be|some-any","sentence-core|noun-reference","indexed-source-reader","existing-group-source-player; runtime-not-retested","existing-panels","registered 3 authored diagnostic tasks; learner outcome not inferred","registered 3 target-linked teaching items","registered 3 authored independent tasks; learner outcome not inferred","registered finite-answer checks + 3 repair tasks; open expression awaits human review","registered 3 + 3 review tasks; first gate 86400000ms; natural retention not inferred","registered course-loop at /map/#/learn/nce1-43; existing textbook route retained","not-established-per-lesson","registered-content; learner acceptance not inferred","app/data/textbook-grammar.json; app/data/grammar-explanations.json; app/learning-plan.ts; map/curriculum.ts; map/lesson-plan.ts; map/course.tsx; map/model.ts; course-loop/registry.mjs; registered lesson module","registered","nce1-43","18","{""diagnostic"":3,""guided"":3,""independent"":3,""repair"":3,""review-a"":3,""review-b"":3}","not-inferred-from-registration"
"NCE1-45","NCE1","45","46","can 表示能力","nce1-45","2","can","modal-choice","indexed-source-reader","existing-group-source-player; runtime-not-retested","existing-panels","registered 3 authored diagnostic tasks; learner outcome not inferred","registered 3 target-linked teaching items","registered 3 authored independent tasks; learner outcome not inferred","registered finite-answer checks + 3 repair tasks; open expression awaits human review","registered 3 + 3 review tasks; first gate 86400000ms; natural retention not inferred","registered course-loop at /map/#/learn/nce1-45; existing textbook route retained","not-established-per-lesson","registered-content; learner acceptance not inferred","app/data/textbook-grammar.json; app/data/grammar-explanations.json; app/learning-plan.ts; map/curriculum.ts; map/lesson-plan.ts; map/course.tsx; map/model.ts; course-loop/registry.mjs; registered lesson module","registered","nce1-45","18","{""diagnostic"":3,""guided"":3,""independent"":3,""repair"":3,""review-a"":3,""review-b"":3}","not-inferred-from-registration"
"NCE1-47","NCE1","47","48","一般现在时：Do you like / want…?","nce1-47","2","present-simple","questions-negation|present-time","indexed-source-reader","existing-group-source-player; runtime-not-retested","existing-panels","registered 3 authored diagnostic tasks; learner outcome not inferred","registered 3 target-linked teaching items","registered 3 authored independent tasks; learner outcome not inferred","registered finite-answer checks + 3 repair tasks; open expression awaits human review","registered 3 + 3 review tasks; first gate 86400000ms; natural retention not inferred","registered course-loop at /map/#/learn/nce1-47; existing textbook route retained","not-established-per-lesson","registered-content; learner acceptance not inferred","app/data/textbook-grammar.json; app/data/grammar-explanations.json; app/learning-plan.ts; map/curriculum.ts; map/lesson-plan.ts; map/course.tsx; map/model.ts; course-loop/registry.mjs; registered lesson module","registered","nce1-47","18","{""diagnostic"":3,""guided"":3,""independent"":3,""repair"":3,""review-a"":3,""review-b"":3}","not-inferred-from-registration"
"NCE1-49","NCE1","49","50","一般现在时：第三人称单数","nce1-49","3","present-simple","questions-negation|present-time","indexed-source-reader","existing-group-source-player; runtime-not-retested","existing-panels","registered 3 authored diagnostic tasks; learner outcome not inferred","registered 3 target-linked teaching items","registered 3 authored independent tasks; learner outcome not inferred","registered finite-answer checks + 3 repair tasks; open expression awaits human review","registered 3 + 3 review tasks; first gate 86400000ms; natural retention not inferred","registered course-loop at /map/#/learn/nce1-49; existing textbook route retained","not-established-per-lesson","registered-content; learner acceptance not inferred","app/data/textbook-grammar.json; app/data/grammar-explanations.json; app/learning-plan.ts; map/curriculum.ts; map/lesson-plan.ts; map/course.tsx; map/model.ts; course-loop/registry.mjs; registered lesson module","registered","nce1-49","18","{""diagnostic"":3,""guided"":3,""independent"":3,""repair"":3,""review-a"":3,""review-b"":3}","not-inferred-from-registration"
"NCE1-51","NCE1","51","52","国籍与来源：come from","nce1-51","3","origin","basic-descriptions","indexed-source-reader","existing-group-source-player; runtime-not-retested","existing-panels","registered 3 authored diagnostic tasks; learner outcome not inferred","registered 3 target-linked teaching items","registered 3 authored independent tasks; learner outcome not inferred","registered finite-answer checks + 3 repair tasks; open expression awaits human review","registered 3 + 3 review tasks; first gate 86400000ms; natural retention not inferred","registered course-loop at /map/#/learn/nce1-51; existing textbook route retained","not-established-per-lesson","registered-content; learner acceptance not inferred","app/data/textbook-grammar.json; app/data/grammar-explanations.json; app/learning-plan.ts; map/curriculum.ts; map/lesson-plan.ts; map/course.tsx; map/model.ts; course-loop/registry.mjs; registered lesson module","registered","nce1-51","18","{""diagnostic"":3,""guided"":3,""independent"":3,""repair"":3,""review-a"":3,""review-b"":3}","not-inferred-from-registration"
"NCE1-53","NCE1","53","54","国籍与来源的问答","nce1-53","3","origin","basic-descriptions","indexed-source-reader","existing-group-source-player; runtime-not-retested","existing-panels","registered 3 authored diagnostic tasks; learner outcome not inferred","registered 3 target-linked teaching items","registered 3 authored independent tasks; learner outcome not inferred","registered finite-answer checks + 3 repair tasks; open expression awaits human review","registered 3 + 3 review tasks; first gate 86400000ms; natural retention not inferred","registered course-loop at /map/#/learn/nce1-53; existing textbook route retained","not-established-per-lesson","registered-content; learner acceptance not inferred","app/data/textbook-grammar.json; app/data/grammar-explanations.json; app/learning-plan.ts; map/curriculum.ts; map/lesson-plan.ts; map/course.tsx; map/model.ts; course-loop/registry.mjs; registered lesson module","registered","nce1-53","18","{""diagnostic"":3,""guided"":3,""independent"":3,""repair"":3,""review-a"":3,""review-b"":3}","not-inferred-from-registration"
"NCE1-55","NCE1","55","56","一般现在时与日常习惯","nce1-55","3","present-simple|adverbs","questions-negation|present-time|comparisons","indexed-source-reader","existing-group-source-player; runtime-not-retested","existing-panels","registered 3 authored diagnostic tasks; learner outcome not inferred","registered 3 target-linked teaching items","registered 3 authored independent tasks; learner outcome not inferred","registered finite-answer checks + 3 repair tasks; open expression awaits human review","registered 3 + 3 review tasks; first gate 86400000ms; natural retention not inferred","registered course-loop at /map/#/learn/nce1-55; existing textbook route retained","not-established-per-lesson","registered-content; learner acceptance not inferred","app/data/textbook-grammar.json; app/data/grammar-explanations.json; app/learning-plan.ts; map/curriculum.ts; map/lesson-plan.ts; map/course.tsx; map/model.ts; course-loop/registry.mjs; registered lesson module","registered","nce1-55","18","{""diagnostic"":3,""guided"":3,""independent"":3,""repair"":3,""review-a"":3,""review-b"":3}","not-inferred-from-registration"
"NCE1-57","NCE1","57","58","一般现在时与现在进行时对比","nce1-57","3","present-contrast","present-time","indexed-source-reader","existing-group-source-player; runtime-not-retested","existing-panels","registered 3 authored diagnostic tasks; learner outcome not inferred","registered 3 target-linked teaching items","registered 3 authored independent tasks; learner outcome not inferred","registered finite-answer checks + 3 repair tasks; open expression awaits human review","registered 3 + 3 review tasks; first gate 86400000ms; natural retention not inferred","registered course-loop at /map/#/learn/nce1-57; existing textbook route retained","not-established-per-lesson","registered-content; learner acceptance not inferred","app/data/textbook-grammar.json; app/data/grammar-explanations.json; app/learning-plan.ts; map/curriculum.ts; map/lesson-plan.ts; map/course.tsx; map/model.ts; course-loop/registry.mjs; registered lesson module","registered","nce1-57","18","{""diagnostic"":3,""guided"":3,""independent"":3,""repair"":3,""review-a"":3,""review-b"":3}","not-inferred-from-registration"
"NCE1-59","NCE1","59","60","名词复数、some 与 any","nce1-59","3","countable|some-any","noun-reference","indexed-source-reader","existing-group-source-player; runtime-not-retested","existing-panels","registered 3 authored diagnostic tasks; learner outcome not inferred","registered 3 target-linked teaching items","registered 3 authored independent tasks; learner outcome not inferred","registered finite-answer checks + 3 repair tasks; open expression awaits human review","registered 3 + 3 review tasks; first gate 86400000ms; natural retention not inferred","registered course-loop at /map/#/learn/nce1-59; existing textbook route retained","not-established-per-lesson","registered-content; learner acceptance not inferred","app/data/textbook-grammar.json; app/data/grammar-explanations.json; app/learning-plan.ts; map/curriculum.ts; map/lesson-plan.ts; map/course.tsx; map/model.ts; course-loop/registry.mjs; registered lesson module","registered","nce1-59","18","{""diagnostic"":3,""guided"":3,""independent"":3,""repair"":3,""review-a"":3,""review-b"":3}","not-inferred-from-registration"
"NCE1-61","NCE1","61","62","身体状况与 must","nce1-61","3","obligation|be","sentence-core|modal-choice","indexed-source-reader","existing-group-source-player; runtime-not-retested","existing-panels","registered 3 authored diagnostic tasks; learner outcome not inferred","registered 3 target-linked teaching items","registered 3 authored independent tasks; learner outcome not inferred","registered finite-answer checks + 3 repair tasks; open expression awaits human review","registered 3 + 3 review tasks; first gate 86400000ms; natural retention not inferred","registered course-loop at /map/#/learn/nce1-61; existing textbook route retained","not-established-per-lesson","registered-content; learner acceptance not inferred","app/data/textbook-grammar.json; app/data/grammar-explanations.json; app/learning-plan.ts; map/curriculum.ts; map/lesson-plan.ts; map/course.tsx; map/model.ts; course-loop/registry.mjs; registered lesson module","registered","nce1-61","18","{""diagnostic"":3,""guided"":3,""independent"":3,""repair"":3,""review-a"":3,""review-b"":3}","not-inferred-from-registration"
"NCE1-63","NCE1","63","64","否定祈使句与 mustn't","nce1-63","3","imperative|obligation","modal-choice|giving-directions","indexed-source-reader","existing-group-source-player; runtime-not-retested","existing-panels","registered 3 authored diagnostic tasks; learner outcome not inferred","registered 3 target-linked teaching items","registered 3 authored independent tasks; learner outcome not inferred","registered finite-answer checks + 3 repair tasks; open expression awaits human review","registered 3 + 3 review tasks; first gate 86400000ms; natural retention not inferred","registered course-loop at /map/#/learn/nce1-63; existing textbook route retained","not-established-per-lesson","registered-content; learner acceptance not inferred","app/data/textbook-grammar.json; app/data/grammar-explanations.json; app/learning-plan.ts; map/curriculum.ts; map/lesson-plan.ts; map/course.tsx; map/model.ts; course-loop/registry.mjs; registered lesson module","registered","nce1-63","18","{""diagnostic"":3,""guided"":3,""independent"":3,""repair"":3,""review-a"":3,""review-b"":3}","not-inferred-from-registration"
"NCE1-65","NCE1","65","66","时间表达与 in / at / from","nce1-65","3","time-prepositions","giving-directions","indexed-source-reader","existing-group-source-player; runtime-not-retested","existing-panels","registered 3 authored diagnostic tasks; learner outcome not inferred","registered 3 target-linked teaching items","registered 3 authored independent tasks; learner outcome not inferred","registered finite-answer checks + 3 repair tasks; open expression awaits human review","registered 3 + 3 review tasks; first gate 86400000ms; natural retention not inferred","registered course-loop at /map/#/learn/nce1-65; existing textbook route retained","not-established-per-lesson","registered-content; learner acceptance not inferred","app/data/textbook-grammar.json; app/data/grammar-explanations.json; app/learning-plan.ts; map/curriculum.ts; map/lesson-plan.ts; map/course.tsx; map/model.ts; course-loop/registry.mjs; registered lesson module","registered","nce1-65","18","{""diagnostic"":3,""guided"":3,""independent"":3,""repair"":3,""review-a"":3,""review-b"":3}","not-inferred-from-registration"
"NCE1-67","NCE1","67","68","过去时间、冠词与地点表达","nce1-67","3","past-be|articles|place","noun-reference|past-background|giving-directions","indexed-source-reader","existing-group-source-player; runtime-not-retested","existing-lesson","registered 3 authored diagnostic tasks; learner outcome not inferred","registered 3 target-linked teaching items","registered 3 authored independent tasks; learner outcome not inferred","registered finite-answer checks + 3 repair tasks; open expression awaits human review","registered 3 + 3 review tasks; first gate 86400000ms; natural retention not inferred","registered course-loop at /map/#/learn/nce1-67; existing textbook route retained","not-established-per-lesson","registered-content; learner acceptance not inferred","app/data/textbook-grammar.json; app/data/grammar-explanations.json; app/learning-plan.ts; map/curriculum.ts; map/lesson-plan.ts; map/course.tsx; map/model.ts; course-loop/registry.mjs; registered lesson module","registered","nce1-67","18","{""diagnostic"":3,""guided"":3,""independent"":3,""repair"":3,""review-a"":3,""review-b"":3}","not-inferred-from-registration"
"NCE1-69","NCE1","69","70","一般过去时：was / were","nce1-69","3","past-be","past-background","indexed-source-reader","existing-group-source-player; runtime-not-retested","existing-panels","registered 3 authored diagnostic tasks; learner outcome not inferred","registered 3 target-linked teaching items","registered 3 authored independent tasks; learner outcome not inferred","registered finite-answer checks + 3 repair tasks; open expression awaits human review","registered 3 + 3 review tasks; first gate 86400000ms; natural retention not inferred","registered course-loop at /map/#/learn/nce1-69; existing textbook route retained","not-established-per-lesson","registered-content; learner acceptance not inferred","app/data/textbook-grammar.json; app/data/grammar-explanations.json; app/learning-plan.ts; map/curriculum.ts; map/lesson-plan.ts; map/course.tsx; map/model.ts; course-loop/registry.mjs; registered lesson module","registered","nce1-69","18","{""diagnostic"":3,""guided"":3,""independent"":3,""repair"":3,""review-a"":3,""review-b"":3}","not-inferred-from-registration"
"NCE1-71","NCE1","71","72","一般过去时：did 疑问句","nce1-71","3","past-simple","questions-negation|past-present-perfect","indexed-source-reader","existing-group-source-player; runtime-not-retested","existing-panels","registered 3 authored diagnostic tasks; learner outcome not inferred","registered 3 target-linked teaching items","registered 3 authored independent tasks; learner outcome not inferred","registered finite-answer checks + 3 repair tasks; open expression awaits human review","registered 3 + 3 review tasks; first gate 86400000ms; natural retention not inferred","registered course-loop at /map/#/learn/nce1-71; existing textbook route retained","not-established-per-lesson","registered-content; learner acceptance not inferred","app/data/textbook-grammar.json; app/data/grammar-explanations.json; app/learning-plan.ts; map/curriculum.ts; map/lesson-plan.ts; map/course.tsx; map/model.ts; course-loop/registry.mjs; registered lesson module","registered","nce1-71","18","{""diagnostic"":3,""guided"":3,""independent"":3,""repair"":3,""review-a"":3,""review-b"":3}","not-inferred-from-registration"
"NCE1-73","NCE1","73","74","一般过去时：What did…?","nce1-73","4","past-simple","questions-negation|past-present-perfect","indexed-source-reader","existing-group-source-player; runtime-not-retested","existing-panels","registered 3 authored diagnostic tasks; learner outcome not inferred","registered 3 target-linked teaching items","registered 3 authored independent tasks; learner outcome not inferred","registered finite-answer checks + 3 repair tasks; open expression awaits human review","registered 3 + 3 review tasks; first gate 86400000ms; natural retention not inferred","registered course-loop at /map/#/learn/nce1-73; existing textbook route retained","not-established-per-lesson","registered-content; learner acceptance not inferred","app/data/textbook-grammar.json; app/data/grammar-explanations.json; app/learning-plan.ts; map/curriculum.ts; map/lesson-plan.ts; map/course.tsx; map/model.ts; course-loop/registry.mjs; registered lesson module","registered","nce1-73","18","{""diagnostic"":3,""guided"":3,""independent"":3,""repair"":3,""review-a"":3,""review-b"":3}","not-inferred-from-registration"
"NCE1-75","NCE1","75","76","一般过去时的时间问答","nce1-75","4","past-simple|time-prepositions","questions-negation|past-present-perfect|giving-directions","indexed-source-reader","existing-group-source-player; runtime-not-retested","existing-panels","registered 3 authored diagnostic tasks; learner outcome not inferred","registered 3 target-linked teaching items","registered 3 authored independent tasks; learner outcome not inferred","registered finite-answer checks + 3 repair tasks; open expression awaits human review","registered 3 + 3 review tasks; first gate 86400000ms; natural retention not inferred","registered course-loop at /map/#/learn/nce1-75; existing textbook route retained","not-established-per-lesson","registered-content; learner acceptance not inferred","app/data/textbook-grammar.json; app/data/grammar-explanations.json; app/learning-plan.ts; map/curriculum.ts; map/lesson-plan.ts; map/course.tsx; map/model.ts; course-loop/registry.mjs; registered lesson module","registered","nce1-75","18","{""diagnostic"":3,""guided"":3,""independent"":3,""repair"":3,""review-a"":3,""review-b"":3}","not-inferred-from-registration"
"NCE1-77","NCE1","77","78","一般过去时：过去动作的问答","nce1-77","4","past-simple","questions-negation|past-present-perfect","indexed-source-reader","existing-group-source-player; runtime-not-retested","existing-lesson","registered 3 authored diagnostic tasks; learner outcome not inferred","registered 3 target-linked teaching items","registered 3 authored independent tasks; learner outcome not inferred","registered finite-answer checks + 3 repair tasks; open expression awaits human review","registered 3 + 3 review tasks; first gate 86400000ms; natural retention not inferred","registered course-loop at /map/#/learn/nce1-77; existing textbook route retained","not-established-per-lesson","registered-content; learner acceptance not inferred","app/data/textbook-grammar.json; app/data/grammar-explanations.json; app/learning-plan.ts; map/curriculum.ts; map/lesson-plan.ts; map/course.tsx; map/model.ts; course-loop/registry.mjs; registered lesson module","registered","nce1-77","18","{""diagnostic"":3,""guided"":3,""independent"":3,""repair"":3,""review-a"":3,""review-b"":3}","not-inferred-from-registration"
"NCE1-79","NCE1","79","80","must go to 表示必须去某处","nce1-79","4","obligation|place","modal-choice|giving-directions","indexed-source-reader","existing-group-source-player; runtime-not-retested","existing-panels","registered 3 authored diagnostic tasks; learner outcome not inferred","registered 3 target-linked teaching items","registered 3 authored independent tasks; learner outcome not inferred","registered finite-answer checks + 3 repair tasks; open expression awaits human review","registered 3 + 3 review tasks; first gate 86400000ms; natural retention not inferred","registered course-loop at /map/#/learn/nce1-79; existing textbook route retained","not-established-per-lesson","registered-content; learner acceptance not inferred","app/data/textbook-grammar.json; app/data/grammar-explanations.json; app/learning-plan.ts; map/curriculum.ts; map/lesson-plan.ts; map/course.tsx; map/model.ts; course-loop/registry.mjs; registered lesson module","registered","nce1-79","18","{""diagnostic"":3,""guided"":3,""independent"":3,""repair"":3,""review-a"":3,""review-b"":3}","not-inferred-from-registration"
"NCE1-81","NCE1","81","82","have 的一般过去式","nce1-81","4","have|past-simple","questions-negation|past-present-perfect|reference-ownership","indexed-source-reader","existing-group-source-player; runtime-not-retested","existing-panels","registered 3 authored diagnostic tasks; learner outcome not inferred","registered 3 target-linked teaching items","registered 3 authored independent tasks; learner outcome not inferred","registered finite-answer checks + 3 repair tasks; open expression awaits human review","registered 3 + 3 review tasks; first gate 86400000ms; natural retention not inferred","registered course-loop at /map/#/learn/nce1-81; existing textbook route retained","not-established-per-lesson","registered-content; learner acceptance not inferred","app/data/textbook-grammar.json; app/data/grammar-explanations.json; app/learning-plan.ts; map/curriculum.ts; map/lesson-plan.ts; map/course.tsx; map/model.ts; course-loop/registry.mjs; registered lesson module","registered","nce1-81","18","{""diagnostic"":3,""guided"":3,""independent"":3,""repair"":3,""review-a"":3,""review-b"":3}","not-inferred-from-registration"
"NCE1-83","NCE1","83","84","现在完成时：Have you had…?","nce1-83","4","present-perfect|have","past-present-perfect|reference-ownership","indexed-source-reader","existing-group-source-player; runtime-not-retested","existing-panels","registered 3 authored diagnostic tasks; learner outcome not inferred","registered 3 target-linked teaching items","registered 3 authored independent tasks; learner outcome not inferred","registered finite-answer checks + 3 repair tasks; open expression awaits human review","registered 3 + 3 review tasks; first gate 86400000ms; natural retention not inferred","registered course-loop at /map/#/learn/nce1-83; existing textbook route retained","not-established-per-lesson","registered-content; learner acceptance not inferred","app/data/textbook-grammar.json; app/data/grammar-explanations.json; app/learning-plan.ts; map/curriculum.ts; map/lesson-plan.ts; map/course.tsx; map/model.ts; course-loop/registry.mjs; registered lesson module","registered","nce1-83","18","{""diagnostic"":3,""guided"":3,""independent"":3,""repair"":3,""review-a"":3,""review-b"":3}","not-inferred-from-registration"
"NCE1-85","NCE1","85","86","现在完成时：What have you done?","nce1-85","4","present-perfect","past-present-perfect","indexed-source-reader","existing-group-source-player; runtime-not-retested","existing-lesson","registered 3 authored diagnostic tasks; learner outcome not inferred","registered 3 target-linked teaching items","registered 3 authored independent tasks; learner outcome not inferred","registered finite-answer checks + 3 repair tasks; open expression awaits human review","registered 3 + 3 review tasks; first gate 86400000ms; natural retention not inferred","registered course-loop at /map/#/learn/nce1-85; existing textbook route retained","not-established-per-lesson","registered-content; learner acceptance not inferred","app/data/textbook-grammar.json; app/data/grammar-explanations.json; app/learning-plan.ts; map/curriculum.ts; map/lesson-plan.ts; map/course.tsx; map/model.ts; course-loop/registry.mjs; registered lesson module","registered","nce1-85","18","{""diagnostic"":3,""guided"":3,""independent"":3,""repair"":3,""review-a"":3,""review-b"":3}","not-inferred-from-registration"
"NCE1-87","NCE1","87","88","现在完成时与 yet","nce1-87","4","already-yet|present-perfect","past-present-perfect|time-perspective","indexed-source-reader","existing-group-source-player; runtime-not-retested","existing-panels","registered 3 authored diagnostic tasks; learner outcome not inferred","registered 3 target-linked teaching items","registered 3 authored independent tasks; learner outcome not inferred","registered finite-answer checks + 3 repair tasks; open expression awaits human review","registered 3 + 3 review tasks; first gate 86400000ms; natural retention not inferred","registered course-loop at /map/#/learn/nce1-87; existing textbook route retained","not-established-per-lesson","registered-content; learner acceptance not inferred","app/data/textbook-grammar.json; app/data/grammar-explanations.json; app/learning-plan.ts; map/curriculum.ts; map/lesson-plan.ts; map/course.tsx; map/model.ts; course-loop/registry.mjs; registered lesson module","registered","nce1-87","18","{""diagnostic"":3,""guided"":3,""independent"":3,""repair"":3,""review-a"":3,""review-b"":3}","not-inferred-from-registration"
"NCE1-89","NCE1","89","90","现在完成时的问答","nce1-89","4","already-yet|present-perfect","past-present-perfect|time-perspective","indexed-source-reader","existing-group-source-player; runtime-not-retested","existing-panels","registered 3 authored diagnostic tasks; learner outcome not inferred","registered 3 target-linked teaching items","registered 3 authored independent tasks; learner outcome not inferred","registered finite-answer checks + 3 repair tasks; open expression awaits human review","registered 3 + 3 review tasks; first gate 86400000ms; natural retention not inferred","registered course-loop at /map/#/learn/nce1-89; existing textbook route retained","not-established-per-lesson","registered-content; learner acceptance not inferred","app/data/textbook-grammar.json; app/data/grammar-explanations.json; app/learning-plan.ts; map/curriculum.ts; map/lesson-plan.ts; map/course.tsx; map/model.ts; course-loop/registry.mjs; registered lesson module","registered","nce1-89","18","{""diagnostic"":3,""guided"":3,""independent"":3,""repair"":3,""review-a"":3,""review-b"":3}","not-inferred-from-registration"
"NCE1-91","NCE1","91","92","一般将来时：When will…?","nce1-91","4","will","plan-timeline","indexed-source-reader","existing-group-source-player; runtime-not-retested","existing-lesson","registered 3 authored diagnostic tasks; learner outcome not inferred","registered 3 target-linked teaching items","registered 3 authored independent tasks; learner outcome not inferred","registered finite-answer checks + 3 repair tasks; open expression awaits human review","registered 3 + 3 review tasks; first gate 86400000ms; natural retention not inferred","registered course-loop at /map/#/learn/nce1-91; existing textbook route retained","not-established-per-lesson","registered-content; learner acceptance not inferred","app/data/textbook-grammar.json; app/data/grammar-explanations.json; app/learning-plan.ts; map/curriculum.ts; map/lesson-plan.ts; map/course.tsx; map/model.ts; course-loop/registry.mjs; registered lesson module","registered","nce1-91","18","{""diagnostic"":3,""guided"":3,""independent"":3,""repair"":3,""review-a"":3,""review-b"":3}","not-inferred-from-registration"
"NCE1-93","NCE1","93","94","过去与将来的时间问答","nce1-93","4","past-simple|will","questions-negation|past-present-perfect|plan-timeline","indexed-source-reader","existing-group-source-player; runtime-not-retested","existing-panels","registered 3 authored diagnostic tasks; learner outcome not inferred","registered 3 target-linked teaching items","registered 3 authored independent tasks; learner outcome not inferred","registered finite-answer checks + 3 repair tasks; open expression awaits human review","registered 3 + 3 review tasks; first gate 86400000ms; natural retention not inferred","registered course-loop at /map/#/learn/nce1-93; existing textbook route retained","not-established-per-lesson","registered-content; learner acceptance not inferred","app/data/textbook-grammar.json; app/data/grammar-explanations.json; app/learning-plan.ts; map/curriculum.ts; map/lesson-plan.ts; map/course.tsx; map/model.ts; course-loop/registry.mjs; registered lesson module","registered","nce1-93","18","{""diagnostic"":3,""guided"":3,""independent"":3,""repair"":3,""review-a"":3,""review-b"":3}","not-inferred-from-registration"
"NCE1-95","NCE1","95","96","had better 与将来时间表达","nce1-95","4","had-better|future-choice|time-prepositions","modal-choice|plan-timeline|giving-directions","indexed-source-reader","existing-group-source-player; runtime-not-retested","existing-panels","registered 3 authored diagnostic tasks; learner outcome not inferred","registered 3 target-linked teaching items","registered 3 authored independent tasks; learner outcome not inferred","registered finite-answer checks + 3 repair tasks; open expression awaits human review","registered 3 + 3 review tasks; first gate 86400000ms; natural retention not inferred","registered course-loop at /map/#/learn/nce1-95; existing textbook route retained","not-established-per-lesson","registered-content; learner acceptance not inferred","app/data/textbook-grammar.json; app/data/grammar-explanations.json; app/learning-plan.ts; map/curriculum.ts; map/lesson-plan.ts; map/course.tsx; map/model.ts; course-loop/registry.mjs; registered lesson module","registered","nce1-95","18","{""diagnostic"":3,""guided"":3,""independent"":3,""repair"":3,""review-a"":3,""review-b"":3}","not-inferred-from-registration"
"NCE1-97","NCE1","97","98","名词性物主代词与 whose","nce1-97","5","possession","reference-ownership","indexed-source-reader","existing-group-source-player; runtime-not-retested","existing-panels","registered 3 authored diagnostic tasks; learner outcome not inferred","registered 3 target-linked teaching items","registered 3 authored independent tasks; learner outcome not inferred","registered finite-answer checks + 3 repair tasks; open expression awaits human review","registered 3 + 3 review tasks; first gate 86400000ms; natural retention not inferred","registered course-loop at /map/#/learn/nce1-97; existing textbook route retained","not-established-per-lesson","registered-content; learner acceptance not inferred","app/data/textbook-grammar.json; app/data/grammar-explanations.json; app/learning-plan.ts; map/curriculum.ts; map/lesson-plan.ts; map/course.tsx; map/model.ts; course-loop/registry.mjs; registered lesson module","registered","nce1-97","18","{""diagnostic"":3,""guided"":3,""independent"":3,""repair"":3,""review-a"":3,""review-b"":3}","not-inferred-from-registration"
"NCE1-99","NCE1","99","100","宾语从句：He says that…","nce1-99","5","object-clause","reported-perspective","indexed-source-reader","existing-group-source-player; runtime-not-retested","existing-panels","registered 3 authored diagnostic tasks; learner outcome not inferred","registered 3 target-linked teaching items","registered 3 authored independent tasks; learner outcome not inferred","registered finite-answer checks + 3 repair tasks; open expression awaits human review","registered 3 + 3 review tasks; first gate 86400000ms; natural retention not inferred","registered course-loop at /map/#/learn/nce1-99; existing textbook route retained","not-established-per-lesson","registered-content; learner acceptance not inferred","app/data/textbook-grammar.json; app/data/grammar-explanations.json; app/learning-plan.ts; map/curriculum.ts; map/lesson-plan.ts; map/course.tsx; map/model.ts; course-loop/registry.mjs; registered lesson module","registered","nce1-99","18","{""diagnostic"":3,""guided"":3,""independent"":3,""repair"":3,""review-a"":3,""review-b"":3}","not-inferred-from-registration"
"NCE1-101","NCE1","101","102","宾语从句：省略 that","nce1-101","5","object-clause","reported-perspective","indexed-source-reader","existing-group-source-player; runtime-not-retested","existing-lesson","registered 3 authored diagnostic tasks; learner outcome not inferred","registered 3 target-linked teaching items","registered 3 authored independent tasks; learner outcome not inferred","registered finite-answer checks + 3 repair tasks; open expression awaits human review","registered 3 + 3 review tasks; first gate 86400000ms; natural retention not inferred","registered course-loop at /map/#/learn/nce1-101; existing textbook route retained","not-established-per-lesson","registered-content; learner acceptance not inferred","app/data/textbook-grammar.json; app/data/grammar-explanations.json; app/learning-plan.ts; map/curriculum.ts; map/lesson-plan.ts; map/course.tsx; map/model.ts; course-loop/registry.mjs; registered lesson module","registered","nce1-101","18","{""diagnostic"":3,""guided"":3,""independent"":3,""repair"":3,""review-a"":3,""review-b"":3}","not-inferred-from-registration"
"NCE1-103","NCE1","103","104","程度表达：too / very / enough","nce1-103","5","degree","comparisons","indexed-source-reader","existing-group-source-player; runtime-not-retested","existing-lesson","registered 3 authored diagnostic tasks; learner outcome not inferred","registered 3 target-linked teaching items","registered 3 authored independent tasks; learner outcome not inferred","registered finite-answer checks + 3 repair tasks; open expression awaits human review","registered 3 + 3 review tasks; first gate 86400000ms; natural retention not inferred","registered course-loop at /map/#/learn/nce1-103; existing textbook route retained","not-established-per-lesson","registered-content; learner acceptance not inferred","app/data/textbook-grammar.json; app/data/grammar-explanations.json; app/learning-plan.ts; map/curriculum.ts; map/lesson-plan.ts; map/course.tsx; map/model.ts; course-loop/registry.mjs; registered lesson module","registered","nce1-103","18","{""diagnostic"":3,""guided"":3,""independent"":3,""repair"":3,""review-a"":3,""review-b"":3}","not-inferred-from-registration"
"NCE1-105","NCE1","105","106","want / tell + 宾语 + to do","nce1-105","5","object-to","requests-nonfinite","indexed-source-reader","existing-group-source-player; runtime-not-retested","existing-panels","registered 3 authored diagnostic tasks; learner outcome not inferred","registered 3 target-linked teaching items","registered 3 authored independent tasks; learner outcome not inferred","registered finite-answer checks + 3 repair tasks; open expression awaits human review","registered 3 + 3 review tasks; first gate 86400000ms; natural retention not inferred","registered course-loop at /map/#/learn/nce1-105; existing textbook route retained","not-established-per-lesson","registered-content; learner acceptance not inferred","app/data/textbook-grammar.json; app/data/grammar-explanations.json; app/learning-plan.ts; map/curriculum.ts; map/lesson-plan.ts; map/course.tsx; map/model.ts; course-loop/registry.mjs; registered lesson module","registered","nce1-105","18","{""diagnostic"":3,""guided"":3,""independent"":3,""repair"":3,""review-a"":3,""review-b"":3}","not-inferred-from-registration"
"NCE1-107","NCE1","107","108","比较级","nce1-107","5","comparison","comparisons","indexed-source-reader","existing-group-source-player; runtime-not-retested","existing-panels","registered 3 authored diagnostic tasks; learner outcome not inferred","registered 3 target-linked teaching items","registered 3 authored independent tasks; learner outcome not inferred","registered finite-answer checks + 3 repair tasks; open expression awaits human review","registered 3 + 3 review tasks; first gate 86400000ms; natural retention not inferred","registered course-loop at /map/#/learn/nce1-107; existing textbook route retained","not-established-per-lesson","registered-content; learner acceptance not inferred","app/data/textbook-grammar.json; app/data/grammar-explanations.json; app/learning-plan.ts; map/curriculum.ts; map/lesson-plan.ts; map/course.tsx; map/model.ts; course-loop/registry.mjs; registered lesson module","registered","nce1-107","18","{""diagnostic"":3,""guided"":3,""independent"":3,""repair"":3,""review-a"":3,""review-b"":3}","not-inferred-from-registration"
"NCE1-109","NCE1","109","110","数量比较：much / many / less / fewer","nce1-109","5","quantity|comparison","noun-reference|comparisons","indexed-source-reader","existing-group-source-player; runtime-not-retested","existing-panels","registered 3 authored diagnostic tasks; learner outcome not inferred","registered 3 target-linked teaching items","registered 3 authored independent tasks; learner outcome not inferred","registered finite-answer checks + 3 repair tasks; open expression awaits human review","registered 3 + 3 review tasks; first gate 86400000ms; natural retention not inferred","registered course-loop at /map/#/learn/nce1-109; existing textbook route retained","not-established-per-lesson","registered-content; learner acceptance not inferred","app/data/textbook-grammar.json; app/data/grammar-explanations.json; app/learning-plan.ts; map/curriculum.ts; map/lesson-plan.ts; map/course.tsx; map/model.ts; course-loop/registry.mjs; registered lesson module","registered","nce1-109","18","{""diagnostic"":3,""guided"":3,""independent"":3,""repair"":3,""review-a"":3,""review-b"":3}","not-inferred-from-registration"
"NCE1-111","NCE1","111","112","形容词比较形式","nce1-111","5","comparison","comparisons","indexed-source-reader","existing-group-source-player; runtime-not-retested","existing-panels","registered 3 authored diagnostic tasks; learner outcome not inferred","registered 3 target-linked teaching items","registered 3 authored independent tasks; learner outcome not inferred","registered finite-answer checks + 3 repair tasks; open expression awaits human review","registered 3 + 3 review tasks; first gate 86400000ms; natural retention not inferred","registered course-loop at /map/#/learn/nce1-111; existing textbook route retained","not-established-per-lesson","registered-content; learner acceptance not inferred","app/data/textbook-grammar.json; app/data/grammar-explanations.json; app/learning-plan.ts; map/curriculum.ts; map/lesson-plan.ts; map/course.tsx; map/model.ts; course-loop/registry.mjs; registered lesson module","registered","nce1-111","18","{""diagnostic"":3,""guided"":3,""independent"":3,""repair"":3,""review-a"":3,""review-b"":3}","not-inferred-from-registration"
"NCE1-113","NCE1","113","114","不定代词：none","nce1-113","5","none","negative-precision","indexed-source-reader","existing-group-source-player; runtime-not-retested","existing-panels","registered 3 authored diagnostic tasks; learner outcome not inferred","registered 3 target-linked teaching items","registered 3 authored independent tasks; learner outcome not inferred","registered finite-answer checks + 3 repair tasks; open expression awaits human review","registered 3 + 3 review tasks; first gate 86400000ms; natural retention not inferred","registered course-loop at /map/#/learn/nce1-113; existing textbook route retained","not-established-per-lesson","registered-content; learner acceptance not inferred","app/data/textbook-grammar.json; app/data/grammar-explanations.json; app/learning-plan.ts; map/curriculum.ts; map/lesson-plan.ts; map/course.tsx; map/model.ts; course-loop/registry.mjs; registered lesson module","registered","nce1-113","18","{""diagnostic"":3,""guided"":3,""independent"":3,""repair"":3,""review-a"":3,""review-b"":3}","not-inferred-from-registration"
"NCE1-115","NCE1","115","116","every / no / any / some","nce1-115","5","indefinite|some-any","noun-reference|negative-precision","indexed-source-reader","existing-group-source-player; runtime-not-retested","existing-panels","registered 3 authored diagnostic tasks; learner outcome not inferred","registered 3 target-linked teaching items","registered 3 authored independent tasks; learner outcome not inferred","registered finite-answer checks + 3 repair tasks; open expression awaits human review","registered 3 + 3 review tasks; first gate 86400000ms; natural retention not inferred","registered course-loop at /map/#/learn/nce1-115; existing textbook route retained","not-established-per-lesson","registered-content; learner acceptance not inferred","app/data/textbook-grammar.json; app/data/grammar-explanations.json; app/learning-plan.ts; map/curriculum.ts; map/lesson-plan.ts; map/course.tsx; map/model.ts; course-loop/registry.mjs; registered lesson module","registered","nce1-115","18","{""diagnostic"":3,""guided"":3,""independent"":3,""repair"":3,""review-a"":3,""review-b"":3}","not-inferred-from-registration"
"NCE1-117","NCE1","117","118","过去进行时","nce1-117","5","past-continuous","past-background","indexed-source-reader","existing-group-source-player; runtime-not-retested","existing-panels","registered 3 authored diagnostic tasks; learner outcome not inferred","registered 3 target-linked teaching items","registered 3 authored independent tasks; learner outcome not inferred","registered finite-answer checks + 3 repair tasks; open expression awaits human review","registered 3 + 3 review tasks; first gate 86400000ms; natural retention not inferred","registered course-loop at /map/#/learn/nce1-117; existing textbook route retained","not-established-per-lesson","registered-content; learner acceptance not inferred","app/data/textbook-grammar.json; app/data/grammar-explanations.json; app/learning-plan.ts; map/curriculum.ts; map/lesson-plan.ts; map/course.tsx; map/model.ts; course-loop/registry.mjs; registered lesson module","registered","nce1-117","18","{""diagnostic"":3,""guided"":3,""independent"":3,""repair"":3,""review-a"":3,""review-b"":3}","not-inferred-from-registration"
"NCE1-119","NCE1","119","120","过去完成时","nce1-119","5","past-perfect","past-background","indexed-source-reader","existing-group-source-player; runtime-not-retested","existing-panels","registered 3 authored diagnostic tasks; learner outcome not inferred","registered 3 target-linked teaching items","registered 3 authored independent tasks; learner outcome not inferred","registered finite-answer checks + 3 repair tasks; open expression awaits human review","registered 3 + 3 review tasks; first gate 86400000ms; natural retention not inferred","registered course-loop at /map/#/learn/nce1-119; existing textbook route retained","not-established-per-lesson","registered-content; learner acceptance not inferred","app/data/textbook-grammar.json; app/data/grammar-explanations.json; app/learning-plan.ts; map/curriculum.ts; map/lesson-plan.ts; map/course.tsx; map/model.ts; course-loop/registry.mjs; registered lesson module","registered","nce1-119","18","{""diagnostic"":3,""guided"":3,""independent"":3,""repair"":3,""review-a"":3,""review-b"":3}","not-inferred-from-registration"
"NCE1-121","NCE1","121","122","关系代词 who / whom / which / that","nce1-121","6","relative","relative-reference","indexed-source-reader","existing-group-source-player; runtime-not-retested","existing-panels","registered 3 authored diagnostic tasks; learner outcome not inferred","registered 3 target-linked teaching items","registered 3 authored independent tasks; learner outcome not inferred","registered finite-answer checks + 3 repair tasks; open expression awaits human review","registered 3 + 3 review tasks; first gate 86400000ms; natural retention not inferred","registered course-loop at /map/#/learn/nce1-121; existing textbook route retained","not-established-per-lesson","registered-content; learner acceptance not inferred","app/data/textbook-grammar.json; app/data/grammar-explanations.json; app/learning-plan.ts; map/curriculum.ts; map/lesson-plan.ts; map/course.tsx; map/model.ts; course-loop/registry.mjs; registered lesson module","registered","nce1-121","18","{""diagnostic"":3,""guided"":3,""independent"":3,""repair"":3,""review-a"":3,""review-b"":3}","not-inferred-from-registration"
"NCE1-123","NCE1","123","124","关系代词的省略","nce1-123","6","relative-omission","relative-reference","indexed-source-reader","existing-group-source-player; runtime-not-retested","existing-panels","registered 3 authored diagnostic tasks; learner outcome not inferred","registered 3 target-linked teaching items","registered 3 authored independent tasks; learner outcome not inferred","registered finite-answer checks + 3 repair tasks; open expression awaits human review","registered 3 + 3 review tasks; first gate 86400000ms; natural retention not inferred","registered course-loop at /map/#/learn/nce1-123; existing textbook route retained","not-established-per-lesson","registered-content; learner acceptance not inferred","app/data/textbook-grammar.json; app/data/grammar-explanations.json; app/learning-plan.ts; map/curriculum.ts; map/lesson-plan.ts; map/course.tsx; map/model.ts; course-loop/registry.mjs; registered lesson module","registered","nce1-123","18","{""diagnostic"":3,""guided"":3,""independent"":3,""repair"":3,""review-a"":3,""review-b"":3}","not-inferred-from-registration"
"NCE1-125","NCE1","125","126","have to 与不必","nce1-125","6","obligation","modal-choice","indexed-source-reader","existing-group-source-player; runtime-not-retested","existing-panels","registered 3 authored diagnostic tasks; learner outcome not inferred","registered 3 target-linked teaching items","registered 3 authored independent tasks; learner outcome not inferred","registered finite-answer checks + 3 repair tasks; open expression awaits human review","registered 3 + 3 review tasks; first gate 86400000ms; natural retention not inferred","registered course-loop at /map/#/learn/nce1-125; existing textbook route retained","not-established-per-lesson","registered-content; learner acceptance not inferred","app/data/textbook-grammar.json; app/data/grammar-explanations.json; app/learning-plan.ts; map/curriculum.ts; map/lesson-plan.ts; map/course.tsx; map/model.ts; course-loop/registry.mjs; registered lesson module","registered","nce1-125","18","{""diagnostic"":3,""guided"":3,""independent"":3,""repair"":3,""review-a"":3,""review-b"":3}","not-inferred-from-registration"
"NCE1-127","NCE1","127","128","对现在的推测：can't / must be","nce1-127","6","deduction-now","modal-evidence","indexed-source-reader","existing-group-source-player; runtime-not-retested","existing-lesson","registered 3 authored diagnostic tasks; learner outcome not inferred","registered 3 target-linked teaching items","registered 3 authored independent tasks; learner outcome not inferred","registered finite-answer checks + 3 repair tasks; open expression awaits human review","registered 3 + 3 review tasks; first gate 86400000ms; natural retention not inferred","registered course-loop at /map/#/learn/nce1-127; existing textbook route retained","not-established-per-lesson","registered-content; learner acceptance not inferred","app/data/textbook-grammar.json; app/data/grammar-explanations.json; app/learning-plan.ts; map/curriculum.ts; map/lesson-plan.ts; map/course.tsx; map/model.ts; course-loop/registry.mjs; registered lesson module","registered","nce1-127","18","{""diagnostic"":3,""guided"":3,""independent"":3,""repair"":3,""review-a"":3,""review-b"":3}","not-inferred-from-registration"
"NCE1-129","NCE1","129","130","对过去的推测：can't / must have been","nce1-129","6","deduction-past","modal-evidence","indexed-source-reader","existing-group-source-player; runtime-not-retested","existing-panels","registered 3 authored diagnostic tasks; learner outcome not inferred","registered 3 target-linked teaching items","registered 3 authored independent tasks; learner outcome not inferred","registered finite-answer checks + 3 repair tasks; open expression awaits human review","registered 3 + 3 review tasks; first gate 86400000ms; natural retention not inferred","registered course-loop at /map/#/learn/nce1-129; existing textbook route retained","not-established-per-lesson","registered-content; learner acceptance not inferred","app/data/textbook-grammar.json; app/data/grammar-explanations.json; app/learning-plan.ts; map/curriculum.ts; map/lesson-plan.ts; map/course.tsx; map/model.ts; course-loop/registry.mjs; registered lesson module","registered","nce1-129","18","{""diagnostic"":3,""guided"":3,""independent"":3,""repair"":3,""review-a"":3,""review-b"":3}","not-inferred-from-registration"
"NCE1-131","NCE1","131","132","may be / may have been","nce1-131","6","may|deduction-past","modal-evidence","indexed-source-reader","existing-group-source-player; runtime-not-retested","existing-lesson","registered 3 authored diagnostic tasks; learner outcome not inferred","registered 3 target-linked teaching items","registered 3 authored independent tasks; learner outcome not inferred","registered finite-answer checks + 3 repair tasks; open expression awaits human review","registered 3 + 3 review tasks; first gate 86400000ms; natural retention not inferred","registered course-loop at /map/#/learn/nce1-131; existing textbook route retained","not-established-per-lesson","registered-content; learner acceptance not inferred","app/data/textbook-grammar.json; app/data/grammar-explanations.json; app/learning-plan.ts; map/curriculum.ts; map/lesson-plan.ts; map/course.tsx; map/model.ts; course-loop/registry.mjs; registered lesson module","registered","nce1-131","18","{""diagnostic"":3,""guided"":3,""independent"":3,""repair"":3,""review-a"":3,""review-b"":3}","not-inferred-from-registration"
"NCE1-133","NCE1","133","134","间接引语：said / told","nce1-133","6","reported","reported-perspective","indexed-source-reader","existing-group-source-player; runtime-not-retested","existing-panels","gap: no lesson-specific pre-teaching diagnostic","shared-guides-by-lesson; no diagnostic routing","real source-recall quiz + shared guide application; not unseen context","real quiz key/skill repair + open draft; no preserved bespoke transfer correction chain","real >=24h map scheduler; source excerpt/guide rotation, not unseen lesson-specific banks","in-map; serial textbook chapters before IELTS lanes","not-established-per-lesson","not-authored-this-batch","app/data/textbook-grammar.json; app/data/grammar-explanations.json; app/learning-plan.ts; map/curriculum.ts; map/lesson-plan.ts; map/course.tsx; map/model.ts","not-registered","","0","","not-inferred-from-registration"
"NCE1-135","NCE1","135","136","间接引语中的时态变化","nce1-135","6","reported","reported-perspective","indexed-source-reader","existing-group-source-player; runtime-not-retested","existing-panels","gap: no lesson-specific pre-teaching diagnostic","shared-guides-by-lesson; no diagnostic routing","real source-recall quiz + shared guide application; not unseen context","real quiz key/skill repair + open draft; no preserved bespoke transfer correction chain","real >=24h map scheduler; source excerpt/guide rotation, not unseen lesson-specific banks","in-map; serial textbook chapters before IELTS lanes","not-established-per-lesson","not-authored-this-batch","app/data/textbook-grammar.json; app/data/grammar-explanations.json; app/learning-plan.ts; map/curriculum.ts; map/lesson-plan.ts; map/course.tsx; map/model.ts","not-registered","","0","","not-inferred-from-registration"
"NCE1-137","NCE1","137","138","if 条件句","nce1-137","6","condition-real","linking-ideas","indexed-source-reader","existing-group-source-player; runtime-not-retested","existing-lesson","gap: no lesson-specific pre-teaching diagnostic","shared-guides-by-lesson; no diagnostic routing","real source-recall quiz + shared guide application; not unseen context","real quiz key/skill repair + open draft; no preserved bespoke transfer correction chain","real >=24h map scheduler; source excerpt/guide rotation, not unseen lesson-specific banks","in-map; serial textbook chapters before IELTS lanes","not-established-per-lesson","not-authored-this-batch","app/data/textbook-grammar.json; app/data/grammar-explanations.json; app/learning-plan.ts; map/curriculum.ts; map/lesson-plan.ts; map/course.tsx; map/model.ts","not-registered","","0","","not-inferred-from-registration"
"NCE1-139","NCE1","139","140","间接疑问句","nce1-139","6","indirect-question","reported-perspective","indexed-source-reader","existing-group-source-player; runtime-not-retested","existing-lesson","gap: no lesson-specific pre-teaching diagnostic","shared-guides-by-lesson; no diagnostic routing","real source-recall quiz + shared guide application; not unseen context","real quiz key/skill repair + open draft; no preserved bespoke transfer correction chain","real >=24h map scheduler; source excerpt/guide rotation, not unseen lesson-specific banks","in-map; serial textbook chapters before IELTS lanes","not-established-per-lesson","not-authored-this-batch","app/data/textbook-grammar.json; app/data/grammar-explanations.json; app/learning-plan.ts; map/curriculum.ts; map/lesson-plan.ts; map/course.tsx; map/model.ts","not-registered","","0","","not-inferred-from-registration"
"NCE1-141","NCE1","141","142","一般过去时的被动语态","nce1-141","6","passive","passive-focus","indexed-source-reader","existing-group-source-player; runtime-not-retested","existing-lesson","gap: no lesson-specific pre-teaching diagnostic","shared-guides-by-lesson; no diagnostic routing","real source-recall quiz + shared guide application; not unseen context","real quiz key/skill repair + open draft; no preserved bespoke transfer correction chain","real >=24h map scheduler; source excerpt/guide rotation, not unseen lesson-specific banks","in-map; serial textbook chapters before IELTS lanes","not-established-per-lesson","not-authored-this-batch","app/data/textbook-grammar.json; app/data/grammar-explanations.json; app/learning-plan.ts; map/curriculum.ts; map/lesson-plan.ts; map/course.tsx; map/model.ts","not-registered","","0","","not-inferred-from-registration"
"NCE1-143","NCE1","143","144","完成时与将来时的被动语态","nce1-143","6","passive-forms","passive-focus","indexed-source-reader","existing-group-source-player; runtime-not-retested","existing-lesson","gap: no lesson-specific pre-teaching diagnostic","shared-guides-by-lesson; no diagnostic routing","real source-recall quiz + shared guide application; not unseen context","real quiz key/skill repair + open draft; no preserved bespoke transfer correction chain","real >=24h map scheduler; source excerpt/guide rotation, not unseen lesson-specific banks","in-map; serial textbook chapters before IELTS lanes","not-established-per-lesson","not-authored-this-batch","app/data/textbook-grammar.json; app/data/grammar-explanations.json; app/learning-plan.ts; map/curriculum.ts; map/lesson-plan.ts; map/course.tsx; map/model.ts","not-registered","","0","","not-inferred-from-registration"
"NCE2-1","NCE2","1","1","简单陈述句的语序","nce2-1","7","word-order","sentence-core","indexed-source-reader","existing-group-source-player; runtime-not-retested","no-indexed-comic; text/audio-fallback","gap: no lesson-specific pre-teaching diagnostic","shared-guides-by-lesson; no diagnostic routing","real source-recall quiz + shared guide application; not unseen context","real quiz key/skill repair + open draft; no preserved bespoke transfer correction chain","real >=24h map scheduler; source excerpt/guide rotation, not unseen lesson-specific banks","in-map; serial textbook chapters before IELTS lanes","not-established-per-lesson","not-authored-this-batch","app/data/textbook-grammar.json; app/data/grammar-explanations.json; app/learning-plan.ts; map/curriculum.ts; map/lesson-plan.ts; map/course.tsx; map/model.ts","not-registered","","0","","not-inferred-from-registration"
"NCE2-2","NCE2","2","2","一般现在时与现在进行时","nce2-2","7","present-contrast","present-time","indexed-source-reader","existing-group-source-player; runtime-not-retested","no-indexed-comic; text/audio-fallback","gap: no lesson-specific pre-teaching diagnostic","shared-guides-by-lesson; no diagnostic routing","real source-recall quiz + shared guide application; not unseen context","real quiz key/skill repair + open draft; no preserved bespoke transfer correction chain","real >=24h map scheduler; source excerpt/guide rotation, not unseen lesson-specific banks","in-map; serial textbook chapters before IELTS lanes","not-established-per-lesson","not-authored-this-batch","app/data/textbook-grammar.json; app/data/grammar-explanations.json; app/learning-plan.ts; map/curriculum.ts; map/lesson-plan.ts; map/course.tsx; map/model.ts","not-registered","","0","","not-inferred-from-registration"
"NCE2-3","NCE2","3","3","一般过去时","nce2-3","7","past-simple","questions-negation|past-present-perfect","indexed-source-reader","existing-group-source-player; runtime-not-retested","no-indexed-comic; text/audio-fallback","gap: no lesson-specific pre-teaching diagnostic","shared-guides-by-lesson; no diagnostic routing","real source-recall quiz + shared guide application; not unseen context","real quiz key/skill repair + open draft; no preserved bespoke transfer correction chain","real >=24h map scheduler; source excerpt/guide rotation, not unseen lesson-specific banks","in-map; serial textbook chapters before IELTS lanes","not-established-per-lesson","not-authored-this-batch","app/data/textbook-grammar.json; app/data/grammar-explanations.json; app/learning-plan.ts; map/curriculum.ts; map/lesson-plan.ts; map/course.tsx; map/model.ts","not-registered","","0","","not-inferred-from-registration"
"NCE2-4","NCE2","4","4","现在完成时","nce2-4","7","present-perfect","past-present-perfect","indexed-source-reader","existing-group-source-player; runtime-not-retested","no-indexed-comic; text/audio-fallback","gap: no lesson-specific pre-teaching diagnostic","shared-guides-by-lesson; no diagnostic routing","real source-recall quiz + shared guide application; not unseen context","real quiz key/skill repair + open draft; no preserved bespoke transfer correction chain","real >=24h map scheduler; source excerpt/guide rotation, not unseen lesson-specific banks","in-map; serial textbook chapters before IELTS lanes","not-established-per-lesson","not-authored-this-batch","app/data/textbook-grammar.json; app/data/grammar-explanations.json; app/learning-plan.ts; map/curriculum.ts; map/lesson-plan.ts; map/course.tsx; map/model.ts","not-registered","","0","","not-inferred-from-registration"
"NCE2-5","NCE2","5","5","一般过去时与现在完成时","nce2-5","7","past-or-perfect","past-present-perfect","indexed-source-reader","existing-group-source-player; runtime-not-retested","no-indexed-comic; text/audio-fallback","gap: no lesson-specific pre-teaching diagnostic","shared-guides-by-lesson; no diagnostic routing","real source-recall quiz + shared guide application; not unseen context","real quiz key/skill repair + open draft; no preserved bespoke transfer correction chain","real >=24h map scheduler; source excerpt/guide rotation, not unseen lesson-specific banks","in-map; serial textbook chapters before IELTS lanes","not-established-per-lesson","not-authored-this-batch","app/data/textbook-grammar.json; app/data/grammar-explanations.json; app/learning-plan.ts; map/curriculum.ts; map/lesson-plan.ts; map/course.tsx; map/model.ts","not-registered","","0","","not-inferred-from-registration"
"NCE2-6","NCE2","6","6","冠词与 some","nce2-6","7","articles|some-any","noun-reference","indexed-source-reader","existing-group-source-player; runtime-not-retested","no-indexed-comic; text/audio-fallback","gap: no lesson-specific pre-teaching diagnostic","shared-guides-by-lesson; no diagnostic routing","real source-recall quiz + shared guide application; not unseen context","real quiz key/skill repair + open draft; no preserved bespoke transfer correction chain","real >=24h map scheduler; source excerpt/guide rotation, not unseen lesson-specific banks","in-map; serial textbook chapters before IELTS lanes","not-established-per-lesson","not-authored-this-batch","app/data/textbook-grammar.json; app/data/grammar-explanations.json; app/learning-plan.ts; map/curriculum.ts; map/lesson-plan.ts; map/course.tsx; map/model.ts","not-registered","","0","","not-inferred-from-registration"
"NCE2-7","NCE2","7","7","过去进行时","nce2-7","7","past-continuous","past-background","indexed-source-reader","existing-group-source-player; runtime-not-retested","no-indexed-comic; text/audio-fallback","gap: no lesson-specific pre-teaching diagnostic","shared-guides-by-lesson; no diagnostic routing","real source-recall quiz + shared guide application; not unseen context","real quiz key/skill repair + open draft; no preserved bespoke transfer correction chain","real >=24h map scheduler; source excerpt/guide rotation, not unseen lesson-specific banks","in-map; serial textbook chapters before IELTS lanes","not-established-per-lesson","not-authored-this-batch","app/data/textbook-grammar.json; app/data/grammar-explanations.json; app/learning-plan.ts; map/curriculum.ts; map/lesson-plan.ts; map/course.tsx; map/model.ts","not-registered","","0","","not-inferred-from-registration"
"NCE2-8","NCE2","8","8","比较级与最高级","nce2-8","7","comparison","comparisons","indexed-source-reader","existing-group-source-player; runtime-not-retested","no-indexed-comic; text/audio-fallback","gap: no lesson-specific pre-teaching diagnostic","shared-guides-by-lesson; no diagnostic routing","real source-recall quiz + shared guide application; not unseen context","real quiz key/skill repair + open draft; no preserved bespoke transfer correction chain","real >=24h map scheduler; source excerpt/guide rotation, not unseen lesson-specific banks","in-map; serial textbook chapters before IELTS lanes","not-established-per-lesson","not-authored-this-batch","app/data/textbook-grammar.json; app/data/grammar-explanations.json; app/learning-plan.ts; map/curriculum.ts; map/lesson-plan.ts; map/course.tsx; map/model.ts","not-registered","","0","","not-inferred-from-registration"
"NCE2-9","NCE2","9","9","时间介词","nce2-9","7","time-prepositions","giving-directions","indexed-source-reader","existing-group-source-player; runtime-not-retested","no-indexed-comic; text/audio-fallback","gap: no lesson-specific pre-teaching diagnostic","shared-guides-by-lesson; no diagnostic routing","real source-recall quiz + shared guide application; not unseen context","real quiz key/skill repair + open draft; no preserved bespoke transfer correction chain","real >=24h map scheduler; source excerpt/guide rotation, not unseen lesson-specific banks","in-map; serial textbook chapters before IELTS lanes","not-established-per-lesson","not-authored-this-batch","app/data/textbook-grammar.json; app/data/grammar-explanations.json; app/learning-plan.ts; map/curriculum.ts; map/lesson-plan.ts; map/course.tsx; map/model.ts","not-registered","","0","","not-inferred-from-registration"
"NCE2-10","NCE2","10","10","一般过去时的被动语态","nce2-10","7","passive","passive-focus","indexed-source-reader","existing-group-source-player; runtime-not-retested","no-indexed-comic; text/audio-fallback","gap: no lesson-specific pre-teaching diagnostic","shared-guides-by-lesson; no diagnostic routing","real source-recall quiz + shared guide application; not unseen context","real quiz key/skill repair + open draft; no preserved bespoke transfer correction chain","real >=24h map scheduler; source excerpt/guide rotation, not unseen lesson-specific banks","in-map; serial textbook chapters before IELTS lanes","not-established-per-lesson","not-authored-this-batch","app/data/textbook-grammar.json; app/data/grammar-explanations.json; app/learning-plan.ts; map/curriculum.ts; map/lesson-plan.ts; map/course.tsx; map/model.ts","not-registered","","0","","not-inferred-from-registration"
"NCE2-11","NCE2","11","11","复习第 2–10 课关键句型","nce2-11","7","present-contrast|past-or-perfect|comparison|passive","present-time|past-present-perfect|comparisons|passive-focus","indexed-source-reader","existing-group-source-player; runtime-not-retested","no-indexed-comic; text/audio-fallback","gap: no lesson-specific pre-teaching diagnostic","shared-guides-by-lesson; no diagnostic routing","real source-recall quiz + shared guide application; not unseen context","real quiz key/skill repair + open draft; no preserved bespoke transfer correction chain","real >=24h map scheduler; source excerpt/guide rotation, not unseen lesson-specific banks","in-map; serial textbook chapters before IELTS lanes","not-established-per-lesson","not-authored-this-batch","app/data/textbook-grammar.json; app/data/grammar-explanations.json; app/learning-plan.ts; map/curriculum.ts; map/lesson-plan.ts; map/course.tsx; map/model.ts","not-registered","","0","","not-inferred-from-registration"
"NCE2-12","NCE2","12","12","一般将来时","nce2-12","7","will","plan-timeline","indexed-source-reader","existing-group-source-player; runtime-not-retested","no-indexed-comic; text/audio-fallback","gap: no lesson-specific pre-teaching diagnostic","shared-guides-by-lesson; no diagnostic routing","real source-recall quiz + shared guide application; not unseen context","real quiz key/skill repair + open draft; no preserved bespoke transfer correction chain","real >=24h map scheduler; source excerpt/guide rotation, not unseen lesson-specific banks","in-map; serial textbook chapters before IELTS lanes","not-established-per-lesson","not-authored-this-batch","app/data/textbook-grammar.json; app/data/grammar-explanations.json; app/learning-plan.ts; map/curriculum.ts; map/lesson-plan.ts; map/course.tsx; map/model.ts","not-registered","","0","","not-inferred-from-registration"
"NCE2-13","NCE2","13","13","将来进行时","nce2-13","8","future-continuous","extended-timeline","indexed-source-reader","existing-group-source-player; runtime-not-retested","no-indexed-comic; text/audio-fallback","gap: no lesson-specific pre-teaching diagnostic","shared-guides-by-lesson; no diagnostic routing","real source-recall quiz + shared guide application; not unseen context","real quiz key/skill repair + open draft; no preserved bespoke transfer correction chain","real >=24h map scheduler; source excerpt/guide rotation, not unseen lesson-specific banks","in-map; serial textbook chapters before IELTS lanes","not-established-per-lesson","not-authored-this-batch","app/data/textbook-grammar.json; app/data/grammar-explanations.json; app/learning-plan.ts; map/curriculum.ts; map/lesson-plan.ts; map/course.tsx; map/model.ts","not-registered","","0","","not-inferred-from-registration"
"NCE2-14","NCE2","14","14","过去完成时","nce2-14","8","past-perfect","past-background","indexed-source-reader","existing-group-source-player; runtime-not-retested","no-indexed-comic; text/audio-fallback","gap: no lesson-specific pre-teaching diagnostic","shared-guides-by-lesson; no diagnostic routing","real source-recall quiz + shared guide application; not unseen context","real quiz key/skill repair + open draft; no preserved bespoke transfer correction chain","real >=24h map scheduler; source excerpt/guide rotation, not unseen lesson-specific banks","in-map; serial textbook chapters before IELTS lanes","not-established-per-lesson","not-authored-this-batch","app/data/textbook-grammar.json; app/data/grammar-explanations.json; app/learning-plan.ts; map/curriculum.ts; map/lesson-plan.ts; map/course.tsx; map/model.ts","not-registered","","0","","not-inferred-from-registration"
"NCE2-15","NCE2","15","15","直接引语与间接引语","nce2-15","8","reported","reported-perspective","indexed-source-reader","existing-group-source-player; runtime-not-retested","no-indexed-comic; text/audio-fallback","gap: no lesson-specific pre-teaching diagnostic","shared-guides-by-lesson; no diagnostic routing","real source-recall quiz + shared guide application; not unseen context","real quiz key/skill repair + open draft; no preserved bespoke transfer correction chain","real >=24h map scheduler; source excerpt/guide rotation, not unseen lesson-specific banks","in-map; serial textbook chapters before IELTS lanes","not-established-per-lesson","not-authored-this-batch","app/data/textbook-grammar.json; app/data/grammar-explanations.json; app/learning-plan.ts; map/curriculum.ts; map/lesson-plan.ts; map/course.tsx; map/model.ts","not-registered","","0","","not-inferred-from-registration"
"NCE2-16","NCE2","16","16","真实条件句","nce2-16","8","condition-real","linking-ideas","indexed-source-reader","existing-group-source-player; runtime-not-retested","no-indexed-comic; text/audio-fallback","gap: no lesson-specific pre-teaching diagnostic","shared-guides-by-lesson; no diagnostic routing","real source-recall quiz + shared guide application; not unseen context","real quiz key/skill repair + open draft; no preserved bespoke transfer correction chain","real >=24h map scheduler; source excerpt/guide rotation, not unseen lesson-specific banks","in-map; serial textbook chapters before IELTS lanes","not-established-per-lesson","not-authored-this-batch","app/data/textbook-grammar.json; app/data/grammar-explanations.json; app/learning-plan.ts; map/curriculum.ts; map/lesson-plan.ts; map/course.tsx; map/model.ts","not-registered","","0","","not-inferred-from-registration"
"NCE2-17","NCE2","17","17","must 与 have to","nce2-17","8","obligation","modal-choice","indexed-source-reader","existing-group-source-player; runtime-not-retested","no-indexed-comic; text/audio-fallback","gap: no lesson-specific pre-teaching diagnostic","shared-guides-by-lesson; no diagnostic routing","real source-recall quiz + shared guide application; not unseen context","real quiz key/skill repair + open draft; no preserved bespoke transfer correction chain","real >=24h map scheduler; source excerpt/guide rotation, not unseen lesson-specific banks","in-map; serial textbook chapters before IELTS lanes","not-established-per-lesson","not-authored-this-batch","app/data/textbook-grammar.json; app/data/grammar-explanations.json; app/learning-plan.ts; map/curriculum.ts; map/lesson-plan.ts; map/course.tsx; map/model.ts","not-registered","","0","","not-inferred-from-registration"
"NCE2-18","NCE2","18","18","have 的用法","nce2-18","8","have","reference-ownership","indexed-source-reader","existing-group-source-player; runtime-not-retested","no-indexed-comic; text/audio-fallback","gap: no lesson-specific pre-teaching diagnostic","shared-guides-by-lesson; no diagnostic routing","real source-recall quiz + shared guide application; not unseen context","real quiz key/skill repair + open draft; no preserved bespoke transfer correction chain","real >=24h map scheduler; source excerpt/guide rotation, not unseen lesson-specific banks","in-map; serial textbook chapters before IELTS lanes","not-established-per-lesson","not-authored-this-batch","app/data/textbook-grammar.json; app/data/grammar-explanations.json; app/learning-plan.ts; map/curriculum.ts; map/lesson-plan.ts; map/course.tsx; map/model.ts","not-registered","","0","","not-inferred-from-registration"
"NCE2-19","NCE2","19","19","can 与 may","nce2-19","8","can|may","modal-choice|modal-evidence","indexed-source-reader","existing-group-source-player; runtime-not-retested","no-indexed-comic; text/audio-fallback","gap: no lesson-specific pre-teaching diagnostic","shared-guides-by-lesson; no diagnostic routing","real source-recall quiz + shared guide application; not unseen context","real quiz key/skill repair + open draft; no preserved bespoke transfer correction chain","real >=24h map scheduler; source excerpt/guide rotation, not unseen lesson-specific banks","in-map; serial textbook chapters before IELTS lanes","not-established-per-lesson","not-authored-this-batch","app/data/textbook-grammar.json; app/data/grammar-explanations.json; app/learning-plan.ts; map/curriculum.ts; map/lesson-plan.ts; map/course.tsx; map/model.ts","not-registered","","0","","not-inferred-from-registration"
"NCE2-20","NCE2","20","20","动名词","nce2-20","8","gerund","verb-complements","indexed-source-reader","existing-group-source-player; runtime-not-retested","no-indexed-comic; text/audio-fallback","gap: no lesson-specific pre-teaching diagnostic","shared-guides-by-lesson; no diagnostic routing","real source-recall quiz + shared guide application; not unseen context","real quiz key/skill repair + open draft; no preserved bespoke transfer correction chain","real >=24h map scheduler; source excerpt/guide rotation, not unseen lesson-specific banks","in-map; serial textbook chapters before IELTS lanes","not-established-per-lesson","not-authored-this-batch","app/data/textbook-grammar.json; app/data/grammar-explanations.json; app/learning-plan.ts; map/curriculum.ts; map/lesson-plan.ts; map/course.tsx; map/model.ts","not-registered","","0","","not-inferred-from-registration"
"NCE2-21","NCE2","21","21","被动语态与情态动词","nce2-21","8","passive-forms","passive-focus","indexed-source-reader","existing-group-source-player; runtime-not-retested","no-indexed-comic; text/audio-fallback","gap: no lesson-specific pre-teaching diagnostic","shared-guides-by-lesson; no diagnostic routing","real source-recall quiz + shared guide application; not unseen context","real quiz key/skill repair + open draft; no preserved bespoke transfer correction chain","real >=24h map scheduler; source excerpt/guide rotation, not unseen lesson-specific banks","in-map; serial textbook chapters before IELTS lanes","not-established-per-lesson","not-authored-this-batch","app/data/textbook-grammar.json; app/data/grammar-explanations.json; app/learning-plan.ts; map/curriculum.ts; map/lesson-plan.ts; map/course.tsx; map/model.ts","not-registered","","0","","not-inferred-from-registration"
"NCE2-22","NCE2","22","22","动词与介词：of / from / in / on","nce2-22","8","verb-prepositions","verb-complements","indexed-source-reader","existing-group-source-player; runtime-not-retested","no-indexed-comic; text/audio-fallback","gap: no lesson-specific pre-teaching diagnostic","shared-guides-by-lesson; no diagnostic routing","real source-recall quiz + shared guide application; not unseen context","real quiz key/skill repair + open draft; no preserved bespoke transfer correction chain","real >=24h map scheduler; source excerpt/guide rotation, not unseen lesson-specific banks","in-map; serial textbook chapters before IELTS lanes","not-established-per-lesson","not-authored-this-batch","app/data/textbook-grammar.json; app/data/grammar-explanations.json; app/learning-plan.ts; map/curriculum.ts; map/lesson-plan.ts; map/course.tsx; map/model.ts","not-registered","","0","","not-inferred-from-registration"
"NCE2-23","NCE2","23","23","复习第 12–21 课关键句型","nce2-23","8","will|past-perfect|condition-real|gerund","linking-ideas|plan-timeline|verb-complements|past-background","indexed-source-reader","existing-group-source-player; runtime-not-retested","no-indexed-comic; text/audio-fallback","gap: no lesson-specific pre-teaching diagnostic","shared-guides-by-lesson; no diagnostic routing","real source-recall quiz + shared guide application; not unseen context","real quiz key/skill repair + open draft; no preserved bespoke transfer correction chain","real >=24h map scheduler; source excerpt/guide rotation, not unseen lesson-specific banks","in-map; serial textbook chapters before IELTS lanes","not-established-per-lesson","not-authored-this-batch","app/data/textbook-grammar.json; app/data/grammar-explanations.json; app/learning-plan.ts; map/curriculum.ts; map/lesson-plan.ts; map/course.tsx; map/model.ts","not-registered","","0","","not-inferred-from-registration"
"NCE2-24","NCE2","24","24","复习第 2–23 课难点","nce2-24","8","articles|time-prepositions|verb-prepositions","noun-reference|verb-complements|giving-directions","indexed-source-reader","existing-group-source-player; runtime-not-retested","no-indexed-comic; text/audio-fallback","gap: no lesson-specific pre-teaching diagnostic","shared-guides-by-lesson; no diagnostic routing","real source-recall quiz + shared guide application; not unseen context","real quiz key/skill repair + open draft; no preserved bespoke transfer correction chain","real >=24h map scheduler; source excerpt/guide rotation, not unseen lesson-specific banks","in-map; serial textbook chapters before IELTS lanes","not-established-per-lesson","not-authored-this-batch","app/data/textbook-grammar.json; app/data/grammar-explanations.json; app/learning-plan.ts; map/curriculum.ts; map/lesson-plan.ts; map/course.tsx; map/model.ts","not-registered","","0","","not-inferred-from-registration"
"NCE2-25","NCE2","25","25","并列句的语序","nce2-25","9","complex-sentences|word-order","sentence-core|linking-ideas","indexed-source-reader","existing-group-source-player; runtime-not-retested","no-indexed-comic; text/audio-fallback","gap: no lesson-specific pre-teaching diagnostic","shared-guides-by-lesson; no diagnostic routing","real source-recall quiz + shared guide application; not unseen context","real quiz key/skill repair + open draft; no preserved bespoke transfer correction chain","real >=24h map scheduler; source excerpt/guide rotation, not unseen lesson-specific banks","in-map; serial textbook chapters before IELTS lanes","not-established-per-lesson","not-authored-this-batch","app/data/textbook-grammar.json; app/data/grammar-explanations.json; app/learning-plan.ts; map/curriculum.ts; map/lesson-plan.ts; map/course.tsx; map/model.ts","not-registered","","0","","not-inferred-from-registration"
"NCE2-26","NCE2","26","26","一般现在时与习惯性动作","nce2-26","9","present-simple|adverbs","questions-negation|present-time|comparisons","indexed-source-reader","existing-group-source-player; runtime-not-retested","no-indexed-comic; text/audio-fallback","gap: no lesson-specific pre-teaching diagnostic","shared-guides-by-lesson; no diagnostic routing","real source-recall quiz + shared guide application; not unseen context","real quiz key/skill repair + open draft; no preserved bespoke transfer correction chain","real >=24h map scheduler; source excerpt/guide rotation, not unseen lesson-specific banks","in-map; serial textbook chapters before IELTS lanes","not-established-per-lesson","not-authored-this-batch","app/data/textbook-grammar.json; app/data/grammar-explanations.json; app/learning-plan.ts; map/curriculum.ts; map/lesson-plan.ts; map/course.tsx; map/model.ts","not-registered","","0","","not-inferred-from-registration"
"NCE2-27","NCE2","27","27","一般过去时复习","nce2-27","9","past-simple","questions-negation|past-present-perfect","indexed-source-reader","existing-group-source-player; runtime-not-retested","no-indexed-comic; text/audio-fallback","gap: no lesson-specific pre-teaching diagnostic","shared-guides-by-lesson; no diagnostic routing","real source-recall quiz + shared guide application; not unseen context","real quiz key/skill repair + open draft; no preserved bespoke transfer correction chain","real >=24h map scheduler; source excerpt/guide rotation, not unseen lesson-specific banks","in-map; serial textbook chapters before IELTS lanes","not-established-per-lesson","not-authored-this-batch","app/data/textbook-grammar.json; app/data/grammar-explanations.json; app/learning-plan.ts; map/curriculum.ts; map/lesson-plan.ts; map/course.tsx; map/model.ts","not-registered","","0","","not-inferred-from-registration"
"NCE2-28","NCE2","28","28","现在完成时复习","nce2-28","9","present-perfect|already-yet","past-present-perfect|time-perspective","indexed-source-reader","existing-group-source-player; runtime-not-retested","no-indexed-comic; text/audio-fallback","gap: no lesson-specific pre-teaching diagnostic","shared-guides-by-lesson; no diagnostic routing","real source-recall quiz + shared guide application; not unseen context","real quiz key/skill repair + open draft; no preserved bespoke transfer correction chain","real >=24h map scheduler; source excerpt/guide rotation, not unseen lesson-specific banks","in-map; serial textbook chapters before IELTS lanes","not-established-per-lesson","not-authored-this-batch","app/data/textbook-grammar.json; app/data/grammar-explanations.json; app/learning-plan.ts; map/curriculum.ts; map/lesson-plan.ts; map/course.tsx; map/model.ts","not-registered","","0","","not-inferred-from-registration"
"NCE2-29","NCE2","29","29","过去时与完成时的时间线","nce2-29","9","past-or-perfect","past-present-perfect","indexed-source-reader","existing-group-source-player; runtime-not-retested","no-indexed-comic; text/audio-fallback","gap: no lesson-specific pre-teaching diagnostic","shared-guides-by-lesson; no diagnostic routing","real source-recall quiz + shared guide application; not unseen context","real quiz key/skill repair + open draft; no preserved bespoke transfer correction chain","real >=24h map scheduler; source excerpt/guide rotation, not unseen lesson-specific banks","in-map; serial textbook chapters before IELTS lanes","not-established-per-lesson","not-authored-this-batch","app/data/textbook-grammar.json; app/data/grammar-explanations.json; app/learning-plan.ts; map/curriculum.ts; map/lesson-plan.ts; map/course.tsx; map/model.ts","not-registered","","0","","not-inferred-from-registration"
"NCE2-30","NCE2","30","30","冠词、some 与 any","nce2-30","9","articles|some-any","noun-reference","indexed-source-reader","existing-group-source-player; runtime-not-retested","no-indexed-comic; text/audio-fallback","gap: no lesson-specific pre-teaching diagnostic","shared-guides-by-lesson; no diagnostic routing","real source-recall quiz + shared guide application; not unseen context","real quiz key/skill repair + open draft; no preserved bespoke transfer correction chain","real >=24h map scheduler; source excerpt/guide rotation, not unseen lesson-specific banks","in-map; serial textbook chapters before IELTS lanes","not-established-per-lesson","not-authored-this-batch","app/data/textbook-grammar.json; app/data/grammar-explanations.json; app/learning-plan.ts; map/curriculum.ts; map/lesson-plan.ts; map/course.tsx; map/model.ts","not-registered","","0","","not-inferred-from-registration"
"NCE2-31","NCE2","31","31","used to 与过去进行时","nce2-31","9","used-to|past-continuous","past-background|habit-change","indexed-source-reader","existing-group-source-player; runtime-not-retested","no-indexed-comic; text/audio-fallback","gap: no lesson-specific pre-teaching diagnostic","shared-guides-by-lesson; no diagnostic routing","real source-recall quiz + shared guide application; not unseen context","real quiz key/skill repair + open draft; no preserved bespoke transfer correction chain","real >=24h map scheduler; source excerpt/guide rotation, not unseen lesson-specific banks","in-map; serial textbook chapters before IELTS lanes","not-established-per-lesson","not-authored-this-batch","app/data/textbook-grammar.json; app/data/grammar-explanations.json; app/learning-plan.ts; map/curriculum.ts; map/lesson-plan.ts; map/course.tsx; map/model.ts","not-registered","","0","","not-inferred-from-registration"
"NCE2-32","NCE2","32","32","同级比较与比较级","nce2-32","9","comparison","comparisons","indexed-source-reader","existing-group-source-player; runtime-not-retested","no-indexed-comic; text/audio-fallback","gap: no lesson-specific pre-teaching diagnostic","shared-guides-by-lesson; no diagnostic routing","real source-recall quiz + shared guide application; not unseen context","real quiz key/skill repair + open draft; no preserved bespoke transfer correction chain","real >=24h map scheduler; source excerpt/guide rotation, not unseen lesson-specific banks","in-map; serial textbook chapters before IELTS lanes","not-established-per-lesson","not-authored-this-batch","app/data/textbook-grammar.json; app/data/grammar-explanations.json; app/learning-plan.ts; map/curriculum.ts; map/lesson-plan.ts; map/course.tsx; map/model.ts","not-registered","","0","","not-inferred-from-registration"
"NCE2-33","NCE2","33","33","地点与方向介词","nce2-33","9","place","giving-directions","indexed-source-reader","existing-group-source-player; runtime-not-retested","no-indexed-comic; text/audio-fallback","gap: no lesson-specific pre-teaching diagnostic","shared-guides-by-lesson; no diagnostic routing","real source-recall quiz + shared guide application; not unseen context","real quiz key/skill repair + open draft; no preserved bespoke transfer correction chain","real >=24h map scheduler; source excerpt/guide rotation, not unseen lesson-specific banks","in-map; serial textbook chapters before IELTS lanes","not-established-per-lesson","not-authored-this-batch","app/data/textbook-grammar.json; app/data/grammar-explanations.json; app/learning-plan.ts; map/curriculum.ts; map/lesson-plan.ts; map/course.tsx; map/model.ts","not-registered","","0","","not-inferred-from-registration"
"NCE2-34","NCE2","34","34","被动语态复习","nce2-34","9","passive","passive-focus","indexed-source-reader","existing-group-source-player; runtime-not-retested","no-indexed-comic; text/audio-fallback","gap: no lesson-specific pre-teaching diagnostic","shared-guides-by-lesson; no diagnostic routing","real source-recall quiz + shared guide application; not unseen context","real quiz key/skill repair + open draft; no preserved bespoke transfer correction chain","real >=24h map scheduler; source excerpt/guide rotation, not unseen lesson-specific banks","in-map; serial textbook chapters before IELTS lanes","not-established-per-lesson","not-authored-this-batch","app/data/textbook-grammar.json; app/data/grammar-explanations.json; app/learning-plan.ts; map/curriculum.ts; map/lesson-plan.ts; map/course.tsx; map/model.ts","not-registered","","0","","not-inferred-from-registration"
"NCE2-35","NCE2","35","35","复习第 26–34 课关键句型","nce2-35","9","present-contrast|past-or-perfect|used-to|passive","present-time|past-present-perfect|passive-focus|habit-change","indexed-source-reader","existing-group-source-player; runtime-not-retested","no-indexed-comic; text/audio-fallback","gap: no lesson-specific pre-teaching diagnostic","shared-guides-by-lesson; no diagnostic routing","real source-recall quiz + shared guide application; not unseen context","real quiz key/skill repair + open draft; no preserved bespoke transfer correction chain","real >=24h map scheduler; source excerpt/guide rotation, not unseen lesson-specific banks","in-map; serial textbook chapters before IELTS lanes","not-established-per-lesson","not-authored-this-batch","app/data/textbook-grammar.json; app/data/grammar-explanations.json; app/learning-plan.ts; map/curriculum.ts; map/lesson-plan.ts; map/course.tsx; map/model.ts","not-registered","","0","","not-inferred-from-registration"
"NCE2-36","NCE2","36","36","be going to 与将来表达","nce2-36","9","going-to|future-choice","plan-timeline","indexed-source-reader","existing-group-source-player; runtime-not-retested","no-indexed-comic; text/audio-fallback","gap: no lesson-specific pre-teaching diagnostic","shared-guides-by-lesson; no diagnostic routing","real source-recall quiz + shared guide application; not unseen context","real quiz key/skill repair + open draft; no preserved bespoke transfer correction chain","real >=24h map scheduler; source excerpt/guide rotation, not unseen lesson-specific banks","in-map; serial textbook chapters before IELTS lanes","not-established-per-lesson","not-authored-this-batch","app/data/textbook-grammar.json; app/data/grammar-explanations.json; app/learning-plan.ts; map/curriculum.ts; map/lesson-plan.ts; map/course.tsx; map/model.ts","not-registered","","0","","not-inferred-from-registration"
"NCE2-37","NCE2","37","37","将来完成时","nce2-37","10","future-perfect","extended-timeline","indexed-source-reader","existing-group-source-player; runtime-not-retested","no-indexed-comic; text/audio-fallback","gap: no lesson-specific pre-teaching diagnostic","shared-guides-by-lesson; no diagnostic routing","real source-recall quiz + shared guide application; not unseen context","real quiz key/skill repair + open draft; no preserved bespoke transfer correction chain","real >=24h map scheduler; source excerpt/guide rotation, not unseen lesson-specific banks","in-map; serial textbook chapters before IELTS lanes","not-established-per-lesson","not-authored-this-batch","app/data/textbook-grammar.json; app/data/grammar-explanations.json; app/learning-plan.ts; map/curriculum.ts; map/lesson-plan.ts; map/course.tsx; map/model.ts","not-registered","","0","","not-inferred-from-registration"
"NCE2-38","NCE2","38","38","过去完成时与 as if","nce2-38","10","past-perfect|as-if","past-background|hypothetical-condition","indexed-source-reader","existing-group-source-player; runtime-not-retested","no-indexed-comic; text/audio-fallback","gap: no lesson-specific pre-teaching diagnostic","shared-guides-by-lesson; no diagnostic routing","real source-recall quiz + shared guide application; not unseen context","real quiz key/skill repair + open draft; no preserved bespoke transfer correction chain","real >=24h map scheduler; source excerpt/guide rotation, not unseen lesson-specific banks","in-map; serial textbook chapters before IELTS lanes","not-established-per-lesson","not-authored-this-batch","app/data/textbook-grammar.json; app/data/grammar-explanations.json; app/learning-plan.ts; map/curriculum.ts; map/lesson-plan.ts; map/course.tsx; map/model.ts","not-registered","","0","","not-inferred-from-registration"
"NCE2-39","NCE2","39","39","间接陈述与间接疑问句","nce2-39","10","reported|indirect-question","reported-perspective","indexed-source-reader","existing-group-source-player; runtime-not-retested","no-indexed-comic; text/audio-fallback","gap: no lesson-specific pre-teaching diagnostic","shared-guides-by-lesson; no diagnostic routing","real source-recall quiz + shared guide application; not unseen context","real quiz key/skill repair + open draft; no preserved bespoke transfer correction chain","real >=24h map scheduler; source excerpt/guide rotation, not unseen lesson-specific banks","in-map; serial textbook chapters before IELTS lanes","not-established-per-lesson","not-authored-this-batch","app/data/textbook-grammar.json; app/data/grammar-explanations.json; app/learning-plan.ts; map/curriculum.ts; map/lesson-plan.ts; map/course.tsx; map/model.ts","not-registered","","0","","not-inferred-from-registration"
"NCE2-40","NCE2","40","40","非真实条件句","nce2-40","10","condition-unreal","hypothetical-condition","indexed-source-reader","existing-group-source-player; runtime-not-retested","no-indexed-comic; text/audio-fallback","gap: no lesson-specific pre-teaching diagnostic","shared-guides-by-lesson; no diagnostic routing","real source-recall quiz + shared guide application; not unseen context","real quiz key/skill repair + open draft; no preserved bespoke transfer correction chain","real >=24h map scheduler; source excerpt/guide rotation, not unseen lesson-specific banks","in-map; serial textbook chapters before IELTS lanes","not-established-per-lesson","not-authored-this-batch","app/data/textbook-grammar.json; app/data/grammar-explanations.json; app/learning-plan.ts; map/curriculum.ts; map/lesson-plan.ts; map/course.tsx; map/model.ts","not-registered","","0","","not-inferred-from-registration"
"NCE2-41","NCE2","41","41","must / have to / need","nce2-41","10","obligation|need-doing","modal-choice|passive-focus","indexed-source-reader","existing-group-source-player; runtime-not-retested","no-indexed-comic; text/audio-fallback","gap: no lesson-specific pre-teaching diagnostic","shared-guides-by-lesson; no diagnostic routing","real source-recall quiz + shared guide application; not unseen context","real quiz key/skill repair + open draft; no preserved bespoke transfer correction chain","real >=24h map scheduler; source excerpt/guide rotation, not unseen lesson-specific banks","in-map; serial textbook chapters before IELTS lanes","not-established-per-lesson","not-authored-this-batch","app/data/textbook-grammar.json; app/data/grammar-explanations.json; app/learning-plan.ts; map/curriculum.ts; map/lesson-plan.ts; map/course.tsx; map/model.ts","not-registered","","0","","not-inferred-from-registration"
"NCE2-42","NCE2","42","42","have 与 have got","nce2-42","10","have","reference-ownership","indexed-source-reader","existing-group-source-player; runtime-not-retested","no-indexed-comic; text/audio-fallback","gap: no lesson-specific pre-teaching diagnostic","shared-guides-by-lesson; no diagnostic routing","real source-recall quiz + shared guide application; not unseen context","real quiz key/skill repair + open draft; no preserved bespoke transfer correction chain","real >=24h map scheduler; source excerpt/guide rotation, not unseen lesson-specific banks","in-map; serial textbook chapters before IELTS lanes","not-established-per-lesson","not-authored-this-batch","app/data/textbook-grammar.json; app/data/grammar-explanations.json; app/learning-plan.ts; map/curriculum.ts; map/lesson-plan.ts; map/course.tsx; map/model.ts","not-registered","","0","","not-inferred-from-registration"
"NCE2-43","NCE2","43","43","can 与 be able to","nce2-43","10","past-ability","modal-evidence","indexed-source-reader","existing-group-source-player; runtime-not-retested","no-indexed-comic; text/audio-fallback","gap: no lesson-specific pre-teaching diagnostic","shared-guides-by-lesson; no diagnostic routing","real source-recall quiz + shared guide application; not unseen context","real quiz key/skill repair + open draft; no preserved bespoke transfer correction chain","real >=24h map scheduler; source excerpt/guide rotation, not unseen lesson-specific banks","in-map; serial textbook chapters before IELTS lanes","not-established-per-lesson","not-authored-this-batch","app/data/textbook-grammar.json; app/data/grammar-explanations.json; app/learning-plan.ts; map/curriculum.ts; map/lesson-plan.ts; map/course.tsx; map/model.ts","not-registered","","0","","not-inferred-from-registration"
"NCE2-44","NCE2","44","44","动名词与不定式","nce2-44","10","verb-patterns|gerund","verb-complements","indexed-source-reader","existing-group-source-player; runtime-not-retested","no-indexed-comic; text/audio-fallback","gap: no lesson-specific pre-teaching diagnostic","shared-guides-by-lesson; no diagnostic routing","real source-recall quiz + shared guide application; not unseen context","real quiz key/skill repair + open draft; no preserved bespoke transfer correction chain","real >=24h map scheduler; source excerpt/guide rotation, not unseen lesson-specific banks","in-map; serial textbook chapters before IELTS lanes","not-established-per-lesson","not-authored-this-batch","app/data/textbook-grammar.json; app/data/grammar-explanations.json; app/learning-plan.ts; map/curriculum.ts; map/lesson-plan.ts; map/course.tsx; map/model.ts","not-registered","","0","","not-inferred-from-registration"
"NCE2-45","NCE2","45","45","被动语态综合复习","nce2-45","10","passive|passive-forms","passive-focus","indexed-source-reader","existing-group-source-player; runtime-not-retested","no-indexed-comic; text/audio-fallback","gap: no lesson-specific pre-teaching diagnostic","shared-guides-by-lesson; no diagnostic routing","real source-recall quiz + shared guide application; not unseen context","real quiz key/skill repair + open draft; no preserved bespoke transfer correction chain","real >=24h map scheduler; source excerpt/guide rotation, not unseen lesson-specific banks","in-map; serial textbook chapters before IELTS lanes","not-established-per-lesson","not-authored-this-batch","app/data/textbook-grammar.json; app/data/grammar-explanations.json; app/learning-plan.ts; map/curriculum.ts; map/lesson-plan.ts; map/course.tsx; map/model.ts","not-registered","","0","","not-inferred-from-registration"
"NCE2-46","NCE2","46","46","动词与介词：to / at / for / with","nce2-46","10","verb-prepositions","verb-complements","indexed-source-reader","existing-group-source-player; runtime-not-retested","no-indexed-comic; text/audio-fallback","gap: no lesson-specific pre-teaching diagnostic","shared-guides-by-lesson; no diagnostic routing","real source-recall quiz + shared guide application; not unseen context","real quiz key/skill repair + open draft; no preserved bespoke transfer correction chain","real >=24h map scheduler; source excerpt/guide rotation, not unseen lesson-specific banks","in-map; serial textbook chapters before IELTS lanes","not-established-per-lesson","not-authored-this-batch","app/data/textbook-grammar.json; app/data/grammar-explanations.json; app/learning-plan.ts; map/curriculum.ts; map/lesson-plan.ts; map/course.tsx; map/model.ts","not-registered","","0","","not-inferred-from-registration"
"NCE2-47","NCE2","47","47","复习第 36–45 课关键句型","nce2-47","10","future-perfect|condition-unreal|past-ability|verb-patterns","verb-complements|modal-evidence|hypothetical-condition|extended-timeline","indexed-source-reader","existing-group-source-player; runtime-not-retested","no-indexed-comic; text/audio-fallback","gap: no lesson-specific pre-teaching diagnostic","shared-guides-by-lesson; no diagnostic routing","real source-recall quiz + shared guide application; not unseen context","real quiz key/skill repair + open draft; no preserved bespoke transfer correction chain","real >=24h map scheduler; source excerpt/guide rotation, not unseen lesson-specific banks","in-map; serial textbook chapters before IELTS lanes","not-established-per-lesson","not-authored-this-batch","app/data/textbook-grammar.json; app/data/grammar-explanations.json; app/learning-plan.ts; map/curriculum.ts; map/lesson-plan.ts; map/course.tsx; map/model.ts","not-registered","","0","","not-inferred-from-registration"
"NCE2-48","NCE2","48","48","复习第 26–45 课难点","nce2-48","10","verb-patterns|verb-prepositions|degree","comparisons|verb-complements","indexed-source-reader","existing-group-source-player; runtime-not-retested","no-indexed-comic; text/audio-fallback","gap: no lesson-specific pre-teaching diagnostic","shared-guides-by-lesson; no diagnostic routing","real source-recall quiz + shared guide application; not unseen context","real quiz key/skill repair + open draft; no preserved bespoke transfer correction chain","real >=24h map scheduler; source excerpt/guide rotation, not unseen lesson-specific banks","in-map; serial textbook chapters before IELTS lanes","not-established-per-lesson","not-authored-this-batch","app/data/textbook-grammar.json; app/data/grammar-explanations.json; app/learning-plan.ts; map/curriculum.ts; map/lesson-plan.ts; map/course.tsx; map/model.ts","not-registered","","0","","not-inferred-from-registration"
"NCE2-49","NCE2","49","49","复合句与连接词","nce2-49","11","complex-sentences","linking-ideas","indexed-source-reader","existing-group-source-player; runtime-not-retested","no-indexed-comic; text/audio-fallback","gap: no lesson-specific pre-teaching diagnostic","shared-guides-by-lesson; no diagnostic routing","real source-recall quiz + shared guide application; not unseen context","real quiz key/skill repair + open draft; no preserved bespoke transfer correction chain","real >=24h map scheduler; source excerpt/guide rotation, not unseen lesson-specific banks","in-map; serial textbook chapters before IELTS lanes","not-established-per-lesson","not-authored-this-batch","app/data/textbook-grammar.json; app/data/grammar-explanations.json; app/learning-plan.ts; map/curriculum.ts; map/lesson-plan.ts; map/course.tsx; map/model.ts","not-registered","","0","","not-inferred-from-registration"
"NCE2-50","NCE2","50","50","一般现在时与状态动词","nce2-50","11","present-contrast|present-simple","questions-negation|present-time","indexed-source-reader","existing-group-source-player; runtime-not-retested","no-indexed-comic; text/audio-fallback","gap: no lesson-specific pre-teaching diagnostic","shared-guides-by-lesson; no diagnostic routing","real source-recall quiz + shared guide application; not unseen context","real quiz key/skill repair + open draft; no preserved bespoke transfer correction chain","real >=24h map scheduler; source excerpt/guide rotation, not unseen lesson-specific banks","in-map; serial textbook chapters before IELTS lanes","not-established-per-lesson","not-authored-this-batch","app/data/textbook-grammar.json; app/data/grammar-explanations.json; app/learning-plan.ts; map/curriculum.ts; map/lesson-plan.ts; map/course.tsx; map/model.ts","not-registered","","0","","not-inferred-from-registration"
"NCE2-51","NCE2","51","51","一般过去时复习","nce2-51","11","past-simple","questions-negation|past-present-perfect","indexed-source-reader","existing-group-source-player; runtime-not-retested","no-indexed-comic; text/audio-fallback","gap: no lesson-specific pre-teaching diagnostic","shared-guides-by-lesson; no diagnostic routing","real source-recall quiz + shared guide application; not unseen context","real quiz key/skill repair + open draft; no preserved bespoke transfer correction chain","real >=24h map scheduler; source excerpt/guide rotation, not unseen lesson-specific banks","in-map; serial textbook chapters before IELTS lanes","not-established-per-lesson","not-authored-this-batch","app/data/textbook-grammar.json; app/data/grammar-explanations.json; app/learning-plan.ts; map/curriculum.ts; map/lesson-plan.ts; map/course.tsx; map/model.ts","not-registered","","0","","not-inferred-from-registration"
"NCE2-52","NCE2","52","52","现在完成时与完成进行时","nce2-52","11","perfect-continuous|present-perfect","past-present-perfect|duration-perspective","indexed-source-reader","existing-group-source-player; runtime-not-retested","no-indexed-comic; text/audio-fallback","gap: no lesson-specific pre-teaching diagnostic","shared-guides-by-lesson; no diagnostic routing","real source-recall quiz + shared guide application; not unseen context","real quiz key/skill repair + open draft; no preserved bespoke transfer correction chain","real >=24h map scheduler; source excerpt/guide rotation, not unseen lesson-specific banks","in-map; serial textbook chapters before IELTS lanes","not-established-per-lesson","not-authored-this-batch","app/data/textbook-grammar.json; app/data/grammar-explanations.json; app/learning-plan.ts; map/curriculum.ts; map/lesson-plan.ts; map/course.tsx; map/model.ts","not-registered","","0","","not-inferred-from-registration"
"NCE2-53","NCE2","53","53","过去时、完成时与完成进行时","nce2-53","11","past-or-perfect|perfect-continuous","past-present-perfect|duration-perspective","indexed-source-reader","existing-group-source-player; runtime-not-retested","no-indexed-comic; text/audio-fallback","gap: no lesson-specific pre-teaching diagnostic","shared-guides-by-lesson; no diagnostic routing","real source-recall quiz + shared guide application; not unseen context","real quiz key/skill repair + open draft; no preserved bespoke transfer correction chain","real >=24h map scheduler; source excerpt/guide rotation, not unseen lesson-specific banks","in-map; serial textbook chapters before IELTS lanes","not-established-per-lesson","not-authored-this-batch","app/data/textbook-grammar.json; app/data/grammar-explanations.json; app/learning-plan.ts; map/curriculum.ts; map/lesson-plan.ts; map/course.tsx; map/model.ts","not-registered","","0","","not-inferred-from-registration"
"NCE2-54","NCE2","54","54","冠词与不定数量","nce2-54","11","articles|quantity|some-any","noun-reference","indexed-source-reader","existing-group-source-player; runtime-not-retested","no-indexed-comic; text/audio-fallback","gap: no lesson-specific pre-teaching diagnostic","shared-guides-by-lesson; no diagnostic routing","real source-recall quiz + shared guide application; not unseen context","real quiz key/skill repair + open draft; no preserved bespoke transfer correction chain","real >=24h map scheduler; source excerpt/guide rotation, not unseen lesson-specific banks","in-map; serial textbook chapters before IELTS lanes","not-established-per-lesson","not-authored-this-batch","app/data/textbook-grammar.json; app/data/grammar-explanations.json; app/learning-plan.ts; map/curriculum.ts; map/lesson-plan.ts; map/course.tsx; map/model.ts","not-registered","","0","","not-inferred-from-registration"
"NCE2-55","NCE2","55","55","过去习惯：would 与 used to","nce2-55","11","used-to","habit-change","indexed-source-reader","existing-group-source-player; runtime-not-retested","no-indexed-comic; text/audio-fallback","gap: no lesson-specific pre-teaching diagnostic","shared-guides-by-lesson; no diagnostic routing","real source-recall quiz + shared guide application; not unseen context","real quiz key/skill repair + open draft; no preserved bespoke transfer correction chain","real >=24h map scheduler; source excerpt/guide rotation, not unseen lesson-specific banks","in-map; serial textbook chapters before IELTS lanes","not-established-per-lesson","not-authored-this-batch","app/data/textbook-grammar.json; app/data/grammar-explanations.json; app/learning-plan.ts; map/curriculum.ts; map/lesson-plan.ts; map/course.tsx; map/model.ts","not-registered","","0","","not-inferred-from-registration"
"NCE2-56","NCE2","56","56","形容词与副词的比较","nce2-56","11","comparison|adverbs","comparisons","indexed-source-reader","existing-group-source-player; runtime-not-retested","no-indexed-comic; text/audio-fallback","gap: no lesson-specific pre-teaching diagnostic","shared-guides-by-lesson; no diagnostic routing","real source-recall quiz + shared guide application; not unseen context","real quiz key/skill repair + open draft; no preserved bespoke transfer correction chain","real >=24h map scheduler; source excerpt/guide rotation, not unseen lesson-specific banks","in-map; serial textbook chapters before IELTS lanes","not-established-per-lesson","not-authored-this-batch","app/data/textbook-grammar.json; app/data/grammar-explanations.json; app/learning-plan.ts; map/curriculum.ts; map/lesson-plan.ts; map/course.tsx; map/model.ts","not-registered","","0","","not-inferred-from-registration"
"NCE2-57","NCE2","57","57","介词：at / in / off / with","nce2-57","11","verb-prepositions|place","verb-complements|giving-directions","indexed-source-reader","existing-group-source-player; runtime-not-retested","no-indexed-comic; text/audio-fallback","gap: no lesson-specific pre-teaching diagnostic","shared-guides-by-lesson; no diagnostic routing","real source-recall quiz + shared guide application; not unseen context","real quiz key/skill repair + open draft; no preserved bespoke transfer correction chain","real >=24h map scheduler; source excerpt/guide rotation, not unseen lesson-specific banks","in-map; serial textbook chapters before IELTS lanes","not-established-per-lesson","not-authored-this-batch","app/data/textbook-grammar.json; app/data/grammar-explanations.json; app/learning-plan.ts; map/curriculum.ts; map/lesson-plan.ts; map/course.tsx; map/model.ts","not-registered","","0","","not-inferred-from-registration"
"NCE2-58","NCE2","58","58","被动语态：It is said / be said to","nce2-58","11","reporting-passive","information-focus","indexed-source-reader","existing-group-source-player; runtime-not-retested","no-indexed-comic; text/audio-fallback","gap: no lesson-specific pre-teaching diagnostic","shared-guides-by-lesson; no diagnostic routing","real source-recall quiz + shared guide application; not unseen context","real quiz key/skill repair + open draft; no preserved bespoke transfer correction chain","real >=24h map scheduler; source excerpt/guide rotation, not unseen lesson-specific banks","in-map; serial textbook chapters before IELTS lanes","not-established-per-lesson","not-authored-this-batch","app/data/textbook-grammar.json; app/data/grammar-explanations.json; app/learning-plan.ts; map/curriculum.ts; map/lesson-plan.ts; map/course.tsx; map/model.ts","not-registered","","0","","not-inferred-from-registration"
"NCE2-59","NCE2","59","59","复习第 50–58 课关键句型","nce2-59","11","present-contrast|perfect-continuous|used-to|reporting-passive","present-time|information-focus|habit-change|duration-perspective","indexed-source-reader","existing-group-source-player; runtime-not-retested","no-indexed-comic; text/audio-fallback","gap: no lesson-specific pre-teaching diagnostic","shared-guides-by-lesson; no diagnostic routing","real source-recall quiz + shared guide application; not unseen context","real quiz key/skill repair + open draft; no preserved bespoke transfer correction chain","real >=24h map scheduler; source excerpt/guide rotation, not unseen lesson-specific banks","in-map; serial textbook chapters before IELTS lanes","not-established-per-lesson","not-authored-this-batch","app/data/textbook-grammar.json; app/data/grammar-explanations.json; app/learning-plan.ts; map/curriculum.ts; map/lesson-plan.ts; map/course.tsx; map/model.ts","not-registered","","0","","not-inferred-from-registration"
"NCE2-60","NCE2","60","60","将来时间与时间状语从句","nce2-60","11","time-clause|future-choice","plan-timeline","indexed-source-reader","existing-group-source-player; runtime-not-retested","no-indexed-comic; text/audio-fallback","gap: no lesson-specific pre-teaching diagnostic","shared-guides-by-lesson; no diagnostic routing","real source-recall quiz + shared guide application; not unseen context","real quiz key/skill repair + open draft; no preserved bespoke transfer correction chain","real >=24h map scheduler; source excerpt/guide rotation, not unseen lesson-specific banks","in-map; serial textbook chapters before IELTS lanes","not-established-per-lesson","not-authored-this-batch","app/data/textbook-grammar.json; app/data/grammar-explanations.json; app/learning-plan.ts; map/curriculum.ts; map/lesson-plan.ts; map/course.tsx; map/model.ts","not-registered","","0","","not-inferred-from-registration"
"NCE2-61","NCE2","61","61","将来完成与完成进行时","nce2-61","12","future-perfect|future-perfect-continuous","extended-timeline|duration-perspective","indexed-source-reader","existing-group-source-player; runtime-not-retested","no-indexed-comic; text/audio-fallback","gap: no lesson-specific pre-teaching diagnostic","shared-guides-by-lesson; no diagnostic routing","real source-recall quiz + shared guide application; not unseen context","real quiz key/skill repair + open draft; no preserved bespoke transfer correction chain","real >=24h map scheduler; source excerpt/guide rotation, not unseen lesson-specific banks","in-map; serial textbook chapters before IELTS lanes","not-established-per-lesson","not-authored-this-batch","app/data/textbook-grammar.json; app/data/grammar-explanations.json; app/learning-plan.ts; map/curriculum.ts; map/lesson-plan.ts; map/course.tsx; map/model.ts","not-registered","","0","","not-inferred-from-registration"
"NCE2-62","NCE2","62","62","过去完成进行时","nce2-62","12","past-perfect-continuous","duration-perspective","indexed-source-reader","existing-group-source-player; runtime-not-retested","no-indexed-comic; text/audio-fallback","gap: no lesson-specific pre-teaching diagnostic","shared-guides-by-lesson; no diagnostic routing","real source-recall quiz + shared guide application; not unseen context","real quiz key/skill repair + open draft; no preserved bespoke transfer correction chain","real >=24h map scheduler; source excerpt/guide rotation, not unseen lesson-specific banks","in-map; serial textbook chapters before IELTS lanes","not-established-per-lesson","not-authored-this-batch","app/data/textbook-grammar.json; app/data/grammar-explanations.json; app/learning-plan.ts; map/curriculum.ts; map/lesson-plan.ts; map/course.tsx; map/model.ts","not-registered","","0","","not-inferred-from-registration"
"NCE2-63","NCE2","63","63","转述命令与请求","nce2-63","12","reported-commands","reported-perspective","indexed-source-reader","existing-group-source-player; runtime-not-retested","no-indexed-comic; text/audio-fallback","gap: no lesson-specific pre-teaching diagnostic","shared-guides-by-lesson; no diagnostic routing","real source-recall quiz + shared guide application; not unseen context","real quiz key/skill repair + open draft; no preserved bespoke transfer correction chain","real >=24h map scheduler; source excerpt/guide rotation, not unseen lesson-specific banks","in-map; serial textbook chapters before IELTS lanes","not-established-per-lesson","not-authored-this-batch","app/data/textbook-grammar.json; app/data/grammar-explanations.json; app/learning-plan.ts; map/curriculum.ts; map/lesson-plan.ts; map/course.tsx; map/model.ts","not-registered","","0","","not-inferred-from-registration"
"NCE2-64","NCE2","64","64","与过去事实相反的条件句","nce2-64","12","condition-past","hypothetical-condition","indexed-source-reader","existing-group-source-player; runtime-not-retested","no-indexed-comic; text/audio-fallback","gap: no lesson-specific pre-teaching diagnostic","shared-guides-by-lesson; no diagnostic routing","real source-recall quiz + shared guide application; not unseen context","real quiz key/skill repair + open draft; no preserved bespoke transfer correction chain","real >=24h map scheduler; source excerpt/guide rotation, not unseen lesson-specific banks","in-map; serial textbook chapters before IELTS lanes","not-established-per-lesson","not-authored-this-batch","app/data/textbook-grammar.json; app/data/grammar-explanations.json; app/learning-plan.ts; map/curriculum.ts; map/lesson-plan.ts; map/course.tsx; map/model.ts","not-registered","","0","","not-inferred-from-registration"
"NCE2-65","NCE2","65","65","must / have to / should / ought to","nce2-65","12","obligation|should","modal-choice","indexed-source-reader","existing-group-source-player; runtime-not-retested","no-indexed-comic; text/audio-fallback","gap: no lesson-specific pre-teaching diagnostic","shared-guides-by-lesson; no diagnostic routing","real source-recall quiz + shared guide application; not unseen context","real quiz key/skill repair + open draft; no preserved bespoke transfer correction chain","real >=24h map scheduler; source excerpt/guide rotation, not unseen lesson-specific banks","in-map; serial textbook chapters before IELTS lanes","not-established-per-lesson","not-authored-this-batch","app/data/textbook-grammar.json; app/data/grammar-explanations.json; app/learning-plan.ts; map/curriculum.ts; map/lesson-plan.ts; map/course.tsx; map/model.ts","not-registered","","0","","not-inferred-from-registration"
"NCE2-66","NCE2","66","66","have + 宾语 + 过去分词","nce2-66","12","causative","passive-focus","indexed-source-reader","existing-group-source-player; runtime-not-retested","no-indexed-comic; text/audio-fallback","gap: no lesson-specific pre-teaching diagnostic","shared-guides-by-lesson; no diagnostic routing","real source-recall quiz + shared guide application; not unseen context","real quiz key/skill repair + open draft; no preserved bespoke transfer correction chain","real >=24h map scheduler; source excerpt/guide rotation, not unseen lesson-specific banks","in-map; serial textbook chapters before IELTS lanes","not-established-per-lesson","not-authored-this-batch","app/data/textbook-grammar.json; app/data/grammar-explanations.json; app/learning-plan.ts; map/curriculum.ts; map/lesson-plan.ts; map/course.tsx; map/model.ts","not-registered","","0","","not-inferred-from-registration"
"NCE2-67","NCE2","67","67","can / be able to / manage to","nce2-67","12","past-ability","modal-evidence","indexed-source-reader","existing-group-source-player; runtime-not-retested","no-indexed-comic; text/audio-fallback","gap: no lesson-specific pre-teaching diagnostic","shared-guides-by-lesson; no diagnostic routing","real source-recall quiz + shared guide application; not unseen context","real quiz key/skill repair + open draft; no preserved bespoke transfer correction chain","real >=24h map scheduler; source excerpt/guide rotation, not unseen lesson-specific banks","in-map; serial textbook chapters before IELTS lanes","not-established-per-lesson","not-authored-this-batch","app/data/textbook-grammar.json; app/data/grammar-explanations.json; app/learning-plan.ts; map/curriculum.ts; map/lesson-plan.ts; map/course.tsx; map/model.ts","not-registered","","0","","not-inferred-from-registration"
"NCE2-68","NCE2","68","68","动名词与不定式的选择","nce2-68","12","verb-patterns|gerund","verb-complements","indexed-source-reader","existing-group-source-player; runtime-not-retested","no-indexed-comic; text/audio-fallback","gap: no lesson-specific pre-teaching diagnostic","shared-guides-by-lesson; no diagnostic routing","real source-recall quiz + shared guide application; not unseen context","real quiz key/skill repair + open draft; no preserved bespoke transfer correction chain","real >=24h map scheduler; source excerpt/guide rotation, not unseen lesson-specific banks","in-map; serial textbook chapters before IELTS lanes","not-established-per-lesson","not-authored-this-batch","app/data/textbook-grammar.json; app/data/grammar-explanations.json; app/learning-plan.ts; map/curriculum.ts; map/lesson-plan.ts; map/course.tsx; map/model.ts","not-registered","","0","","not-inferred-from-registration"
"NCE2-69","NCE2","69","69","被动语态与非谓语形式","nce2-69","12","nonfinite-passive","requests-nonfinite","indexed-source-reader","existing-group-source-player; runtime-not-retested","no-indexed-comic; text/audio-fallback","gap: no lesson-specific pre-teaching diagnostic","shared-guides-by-lesson; no diagnostic routing","real source-recall quiz + shared guide application; not unseen context","real quiz key/skill repair + open draft; no preserved bespoke transfer correction chain","real >=24h map scheduler; source excerpt/guide rotation, not unseen lesson-specific banks","in-map; serial textbook chapters before IELTS lanes","not-established-per-lesson","not-authored-this-batch","app/data/textbook-grammar.json; app/data/grammar-explanations.json; app/learning-plan.ts; map/curriculum.ts; map/lesson-plan.ts; map/course.tsx; map/model.ts","not-registered","","0","","not-inferred-from-registration"
"NCE2-70","NCE2","70","70","动词、形容词与介词搭配","nce2-70","12","verb-prepositions","verb-complements","indexed-source-reader","existing-group-source-player; runtime-not-retested","no-indexed-comic; text/audio-fallback","gap: no lesson-specific pre-teaching diagnostic","shared-guides-by-lesson; no diagnostic routing","real source-recall quiz + shared guide application; not unseen context","real quiz key/skill repair + open draft; no preserved bespoke transfer correction chain","real >=24h map scheduler; source excerpt/guide rotation, not unseen lesson-specific banks","in-map; serial textbook chapters before IELTS lanes","not-established-per-lesson","not-authored-this-batch","app/data/textbook-grammar.json; app/data/grammar-explanations.json; app/learning-plan.ts; map/curriculum.ts; map/lesson-plan.ts; map/course.tsx; map/model.ts","not-registered","","0","","not-inferred-from-registration"
"NCE2-71","NCE2","71","71","复习第 60–69 课关键句型","nce2-71","12","condition-past|causative|past-perfect-continuous|nonfinite-passive","passive-focus|hypothetical-condition|duration-perspective|requests-nonfinite","indexed-source-reader","existing-group-source-player; runtime-not-retested","no-indexed-comic; text/audio-fallback","gap: no lesson-specific pre-teaching diagnostic","shared-guides-by-lesson; no diagnostic routing","real source-recall quiz + shared guide application; not unseen context","real quiz key/skill repair + open draft; no preserved bespoke transfer correction chain","real >=24h map scheduler; source excerpt/guide rotation, not unseen lesson-specific banks","in-map; serial textbook chapters before IELTS lanes","not-established-per-lesson","not-authored-this-batch","app/data/textbook-grammar.json; app/data/grammar-explanations.json; app/learning-plan.ts; map/curriculum.ts; map/lesson-plan.ts; map/course.tsx; map/model.ts","not-registered","","0","","not-inferred-from-registration"
"NCE2-72","NCE2","72","72","复习第 50–71 课难点","nce2-72","12","verb-patterns|verb-prepositions|negative-scope","verb-complements|negative-precision","indexed-source-reader","existing-group-source-player; runtime-not-retested","no-indexed-comic; text/audio-fallback","gap: no lesson-specific pre-teaching diagnostic","shared-guides-by-lesson; no diagnostic routing","real source-recall quiz + shared guide application; not unseen context","real quiz key/skill repair + open draft; no preserved bespoke transfer correction chain","real >=24h map scheduler; source excerpt/guide rotation, not unseen lesson-specific banks","in-map; serial textbook chapters before IELTS lanes","not-established-per-lesson","not-authored-this-batch","app/data/textbook-grammar.json; app/data/grammar-explanations.json; app/learning-plan.ts; map/curriculum.ts; map/lesson-plan.ts; map/course.tsx; map/model.ts","not-registered","","0","","not-inferred-from-registration"
"NCE2-73","NCE2","73","73","简单句、并列句与复合句","nce2-73","13","word-order|complex-sentences","sentence-core|linking-ideas","indexed-source-reader","existing-group-source-player; runtime-not-retested","no-indexed-comic; text/audio-fallback","gap: no lesson-specific pre-teaching diagnostic","shared-guides-by-lesson; no diagnostic routing","real source-recall quiz + shared guide application; not unseen context","real quiz key/skill repair + open draft; no preserved bespoke transfer correction chain","real >=24h map scheduler; source excerpt/guide rotation, not unseen lesson-specific banks","in-map; serial textbook chapters before IELTS lanes","not-established-per-lesson","not-authored-this-batch","app/data/textbook-grammar.json; app/data/grammar-explanations.json; app/learning-plan.ts; map/curriculum.ts; map/lesson-plan.ts; map/course.tsx; map/model.ts","not-registered","","0","","not-inferred-from-registration"
"NCE2-74","NCE2","74","74","现在时态综合运用","nce2-74","13","present-contrast|always-continuous","present-time|habit-change","indexed-source-reader","existing-group-source-player; runtime-not-retested","no-indexed-comic; text/audio-fallback","gap: no lesson-specific pre-teaching diagnostic","shared-guides-by-lesson; no diagnostic routing","real source-recall quiz + shared guide application; not unseen context","real quiz key/skill repair + open draft; no preserved bespoke transfer correction chain","real >=24h map scheduler; source excerpt/guide rotation, not unseen lesson-specific banks","in-map; serial textbook chapters before IELTS lanes","not-established-per-lesson","not-authored-this-batch","app/data/textbook-grammar.json; app/data/grammar-explanations.json; app/learning-plan.ts; map/curriculum.ts; map/lesson-plan.ts; map/course.tsx; map/model.ts","not-registered","","0","","not-inferred-from-registration"
"NCE2-75","NCE2","75","75","一般过去时综合运用","nce2-75","13","past-simple","questions-negation|past-present-perfect","indexed-source-reader","existing-group-source-player; runtime-not-retested","no-indexed-comic; text/audio-fallback","gap: no lesson-specific pre-teaching diagnostic","shared-guides-by-lesson; no diagnostic routing","real source-recall quiz + shared guide application; not unseen context","real quiz key/skill repair + open draft; no preserved bespoke transfer correction chain","real >=24h map scheduler; source excerpt/guide rotation, not unseen lesson-specific banks","in-map; serial textbook chapters before IELTS lanes","not-established-per-lesson","not-authored-this-batch","app/data/textbook-grammar.json; app/data/grammar-explanations.json; app/learning-plan.ts; map/curriculum.ts; map/lesson-plan.ts; map/course.tsx; map/model.ts","not-registered","","0","","not-inferred-from-registration"
"NCE2-76","NCE2","76","76","现在完成与完成进行时","nce2-76","13","perfect-continuous|present-perfect","past-present-perfect|duration-perspective","indexed-source-reader","existing-group-source-player; runtime-not-retested","no-indexed-comic; text/audio-fallback","gap: no lesson-specific pre-teaching diagnostic","shared-guides-by-lesson; no diagnostic routing","real source-recall quiz + shared guide application; not unseen context","real quiz key/skill repair + open draft; no preserved bespoke transfer correction chain","real >=24h map scheduler; source excerpt/guide rotation, not unseen lesson-specific banks","in-map; serial textbook chapters before IELTS lanes","not-established-per-lesson","not-authored-this-batch","app/data/textbook-grammar.json; app/data/grammar-explanations.json; app/learning-plan.ts; map/curriculum.ts; map/lesson-plan.ts; map/course.tsx; map/model.ts","not-registered","","0","","not-inferred-from-registration"
"NCE2-77","NCE2","77","77","过去时与完成时综合运用","nce2-77","13","past-or-perfect|perfect-continuous","past-present-perfect|duration-perspective","indexed-source-reader","existing-group-source-player; runtime-not-retested","no-indexed-comic; text/audio-fallback","gap: no lesson-specific pre-teaching diagnostic","shared-guides-by-lesson; no diagnostic routing","real source-recall quiz + shared guide application; not unseen context","real quiz key/skill repair + open draft; no preserved bespoke transfer correction chain","real >=24h map scheduler; source excerpt/guide rotation, not unseen lesson-specific banks","in-map; serial textbook chapters before IELTS lanes","not-established-per-lesson","not-authored-this-batch","app/data/textbook-grammar.json; app/data/grammar-explanations.json; app/learning-plan.ts; map/curriculum.ts; map/lesson-plan.ts; map/course.tsx; map/model.ts","not-registered","","0","","not-inferred-from-registration"
"NCE2-78","NCE2","78","78","冠词 a 与 the","nce2-78","13","articles","noun-reference","indexed-source-reader","existing-group-source-player; runtime-not-retested","no-indexed-comic; text/audio-fallback","gap: no lesson-specific pre-teaching diagnostic","shared-guides-by-lesson; no diagnostic routing","real source-recall quiz + shared guide application; not unseen context","real quiz key/skill repair + open draft; no preserved bespoke transfer correction chain","real >=24h map scheduler; source excerpt/guide rotation, not unseen lesson-specific banks","in-map; serial textbook chapters before IELTS lanes","not-established-per-lesson","not-authored-this-batch","app/data/textbook-grammar.json; app/data/grammar-explanations.json; app/learning-plan.ts; map/curriculum.ts; map/lesson-plan.ts; map/course.tsx; map/model.ts","not-registered","","0","","not-inferred-from-registration"
"NCE2-79","NCE2","79","79","过去时、进行时与过去习惯","nce2-79","13","past-continuous|used-to","past-background|habit-change","indexed-source-reader","existing-group-source-player; runtime-not-retested","no-indexed-comic; text/audio-fallback","gap: no lesson-specific pre-teaching diagnostic","shared-guides-by-lesson; no diagnostic routing","real source-recall quiz + shared guide application; not unseen context","real quiz key/skill repair + open draft; no preserved bespoke transfer correction chain","real >=24h map scheduler; source excerpt/guide rotation, not unseen lesson-specific banks","in-map; serial textbook chapters before IELTS lanes","not-established-per-lesson","not-authored-this-batch","app/data/textbook-grammar.json; app/data/grammar-explanations.json; app/learning-plan.ts; map/curriculum.ts; map/lesson-plan.ts; map/course.tsx; map/model.ts","not-registered","","0","","not-inferred-from-registration"
"NCE2-80","NCE2","80","80","形容词和副词的比较形式","nce2-80","13","comparison|adverbs","comparisons","indexed-source-reader","existing-group-source-player; runtime-not-retested","no-indexed-comic; text/audio-fallback","gap: no lesson-specific pre-teaching diagnostic","shared-guides-by-lesson; no diagnostic routing","real source-recall quiz + shared guide application; not unseen context","real quiz key/skill repair + open draft; no preserved bespoke transfer correction chain","real >=24h map scheduler; source excerpt/guide rotation, not unseen lesson-specific banks","in-map; serial textbook chapters before IELTS lanes","not-established-per-lesson","not-authored-this-batch","app/data/textbook-grammar.json; app/data/grammar-explanations.json; app/learning-plan.ts; map/curriculum.ts; map/lesson-plan.ts; map/course.tsx; map/model.ts","not-registered","","0","","not-inferred-from-registration"
"NCE2-81","NCE2","81","81","介词综合运用","nce2-81","13","verb-prepositions|place","verb-complements|giving-directions","indexed-source-reader","existing-group-source-player; runtime-not-retested","no-indexed-comic; text/audio-fallback","gap: no lesson-specific pre-teaching diagnostic","shared-guides-by-lesson; no diagnostic routing","real source-recall quiz + shared guide application; not unseen context","real quiz key/skill repair + open draft; no preserved bespoke transfer correction chain","real >=24h map scheduler; source excerpt/guide rotation, not unseen lesson-specific banks","in-map; serial textbook chapters before IELTS lanes","not-established-per-lesson","not-authored-this-batch","app/data/textbook-grammar.json; app/data/grammar-explanations.json; app/learning-plan.ts; map/curriculum.ts; map/lesson-plan.ts; map/course.tsx; map/model.ts","not-registered","","0","","not-inferred-from-registration"
"NCE2-82","NCE2","82","82","被动语态综合运用","nce2-82","13","passive|passive-forms","passive-focus","indexed-source-reader","existing-group-source-player; runtime-not-retested","no-indexed-comic; text/audio-fallback","gap: no lesson-specific pre-teaching diagnostic","shared-guides-by-lesson; no diagnostic routing","real source-recall quiz + shared guide application; not unseen context","real quiz key/skill repair + open draft; no preserved bespoke transfer correction chain","real >=24h map scheduler; source excerpt/guide rotation, not unseen lesson-specific banks","in-map; serial textbook chapters before IELTS lanes","not-established-per-lesson","not-authored-this-batch","app/data/textbook-grammar.json; app/data/grammar-explanations.json; app/learning-plan.ts; map/curriculum.ts; map/lesson-plan.ts; map/course.tsx; map/model.ts","not-registered","","0","","not-inferred-from-registration"
"NCE2-83","NCE2","83","83","复习第 74–82 课关键句型","nce2-83","13","present-contrast|past-or-perfect|comparison|passive-forms","present-time|past-present-perfect|comparisons|passive-focus","indexed-source-reader","existing-group-source-player; runtime-not-retested","no-indexed-comic; text/audio-fallback","gap: no lesson-specific pre-teaching diagnostic","shared-guides-by-lesson; no diagnostic routing","real source-recall quiz + shared guide application; not unseen context","real quiz key/skill repair + open draft; no preserved bespoke transfer correction chain","real >=24h map scheduler; source excerpt/guide rotation, not unseen lesson-specific banks","in-map; serial textbook chapters before IELTS lanes","not-established-per-lesson","not-authored-this-batch","app/data/textbook-grammar.json; app/data/grammar-explanations.json; app/learning-plan.ts; map/curriculum.ts; map/lesson-plan.ts; map/course.tsx; map/model.ts","not-registered","","0","","not-inferred-from-registration"
"NCE2-84","NCE2","84","84","一般将来时综合运用","nce2-84","13","will|future-choice","plan-timeline","indexed-source-reader","existing-group-source-player; runtime-not-retested","no-indexed-comic; text/audio-fallback","gap: no lesson-specific pre-teaching diagnostic","shared-guides-by-lesson; no diagnostic routing","real source-recall quiz + shared guide application; not unseen context","real quiz key/skill repair + open draft; no preserved bespoke transfer correction chain","real >=24h map scheduler; source excerpt/guide rotation, not unseen lesson-specific banks","in-map; serial textbook chapters before IELTS lanes","not-established-per-lesson","not-authored-this-batch","app/data/textbook-grammar.json; app/data/grammar-explanations.json; app/learning-plan.ts; map/curriculum.ts; map/lesson-plan.ts; map/course.tsx; map/model.ts","not-registered","","0","","not-inferred-from-registration"
"NCE2-85","NCE2","85","85","将来、将来进行与完成进行时","nce2-85","14","future-continuous|future-perfect-continuous|will","plan-timeline|extended-timeline|duration-perspective","indexed-source-reader","existing-group-source-player; runtime-not-retested","no-indexed-comic; text/audio-fallback","gap: no lesson-specific pre-teaching diagnostic","shared-guides-by-lesson; no diagnostic routing","real source-recall quiz + shared guide application; not unseen context","real quiz key/skill repair + open draft; no preserved bespoke transfer correction chain","real >=24h map scheduler; source excerpt/guide rotation, not unseen lesson-specific banks","in-map; serial textbook chapters before IELTS lanes","not-established-per-lesson","not-authored-this-batch","app/data/textbook-grammar.json; app/data/grammar-explanations.json; app/learning-plan.ts; map/curriculum.ts; map/lesson-plan.ts; map/course.tsx; map/model.ts","not-registered","","0","","not-inferred-from-registration"
"NCE2-86","NCE2","86","86","过去完成与完成进行时","nce2-86","14","past-perfect|past-perfect-continuous","past-background|duration-perspective","indexed-source-reader","existing-group-source-player; runtime-not-retested","no-indexed-comic; text/audio-fallback","gap: no lesson-specific pre-teaching diagnostic","shared-guides-by-lesson; no diagnostic routing","real source-recall quiz + shared guide application; not unseen context","real quiz key/skill repair + open draft; no preserved bespoke transfer correction chain","real >=24h map scheduler; source excerpt/guide rotation, not unseen lesson-specific banks","in-map; serial textbook chapters before IELTS lanes","not-established-per-lesson","not-authored-this-batch","app/data/textbook-grammar.json; app/data/grammar-explanations.json; app/learning-plan.ts; map/curriculum.ts; map/lesson-plan.ts; map/course.tsx; map/model.ts","not-registered","","0","","not-inferred-from-registration"
"NCE2-87","NCE2","87","87","间接引语综合运用","nce2-87","14","reported|indirect-question|reported-commands","reported-perspective","indexed-source-reader","existing-group-source-player; runtime-not-retested","no-indexed-comic; text/audio-fallback","gap: no lesson-specific pre-teaching diagnostic","shared-guides-by-lesson; no diagnostic routing","real source-recall quiz + shared guide application; not unseen context","real quiz key/skill repair + open draft; no preserved bespoke transfer correction chain","real >=24h map scheduler; source excerpt/guide rotation, not unseen lesson-specific banks","in-map; serial textbook chapters before IELTS lanes","not-established-per-lesson","not-authored-this-batch","app/data/textbook-grammar.json; app/data/grammar-explanations.json; app/learning-plan.ts; map/curriculum.ts; map/lesson-plan.ts; map/course.tsx; map/model.ts","not-registered","","0","","not-inferred-from-registration"
"NCE2-88","NCE2","88","88","if 条件句综合运用","nce2-88","14","condition-real|condition-unreal|condition-past","linking-ideas|hypothetical-condition","indexed-source-reader","existing-group-source-player; runtime-not-retested","no-indexed-comic; text/audio-fallback","gap: no lesson-specific pre-teaching diagnostic","shared-guides-by-lesson; no diagnostic routing","real source-recall quiz + shared guide application; not unseen context","real quiz key/skill repair + open draft; no preserved bespoke transfer correction chain","real >=24h map scheduler; source excerpt/guide rotation, not unseen lesson-specific banks","in-map; serial textbook chapters before IELTS lanes","not-established-per-lesson","not-authored-this-batch","app/data/textbook-grammar.json; app/data/grammar-explanations.json; app/learning-plan.ts; map/curriculum.ts; map/lesson-plan.ts; map/course.tsx; map/model.ts","not-registered","","0","","not-inferred-from-registration"
"NCE2-89","NCE2","89","89","情态与义务表达","nce2-89","14","obligation|should|need-doing","modal-choice|passive-focus","indexed-source-reader","existing-group-source-player; runtime-not-retested","no-indexed-comic; text/audio-fallback","gap: no lesson-specific pre-teaching diagnostic","shared-guides-by-lesson; no diagnostic routing","real source-recall quiz + shared guide application; not unseen context","real quiz key/skill repair + open draft; no preserved bespoke transfer correction chain","real >=24h map scheduler; source excerpt/guide rotation, not unseen lesson-specific banks","in-map; serial textbook chapters before IELTS lanes","not-established-per-lesson","not-authored-this-batch","app/data/textbook-grammar.json; app/data/grammar-explanations.json; app/learning-plan.ts; map/curriculum.ts; map/lesson-plan.ts; map/course.tsx; map/model.ts","not-registered","","0","","not-inferred-from-registration"
"NCE2-90","NCE2","90","90","have 的用法复习","nce2-90","14","have|causative","passive-focus|reference-ownership","indexed-source-reader","existing-group-source-player; runtime-not-retested","no-indexed-comic; text/audio-fallback","gap: no lesson-specific pre-teaching diagnostic","shared-guides-by-lesson; no diagnostic routing","real source-recall quiz + shared guide application; not unseen context","real quiz key/skill repair + open draft; no preserved bespoke transfer correction chain","real >=24h map scheduler; source excerpt/guide rotation, not unseen lesson-specific banks","in-map; serial textbook chapters before IELTS lanes","not-established-per-lesson","not-authored-this-batch","app/data/textbook-grammar.json; app/data/grammar-explanations.json; app/learning-plan.ts; map/curriculum.ts; map/lesson-plan.ts; map/course.tsx; map/model.ts","not-registered","","0","","not-inferred-from-registration"
"NCE2-91","NCE2","91","91","能力与成功做成某事","nce2-91","14","past-ability","modal-evidence","indexed-source-reader","existing-group-source-player; runtime-not-retested","no-indexed-comic; text/audio-fallback","gap: no lesson-specific pre-teaching diagnostic","shared-guides-by-lesson; no diagnostic routing","real source-recall quiz + shared guide application; not unseen context","real quiz key/skill repair + open draft; no preserved bespoke transfer correction chain","real >=24h map scheduler; source excerpt/guide rotation, not unseen lesson-specific banks","in-map; serial textbook chapters before IELTS lanes","not-established-per-lesson","not-authored-this-batch","app/data/textbook-grammar.json; app/data/grammar-explanations.json; app/learning-plan.ts; map/curriculum.ts; map/lesson-plan.ts; map/course.tsx; map/model.ts","not-registered","","0","","not-inferred-from-registration"
"NCE2-92","NCE2","92","92","need doing 与动名词","nce2-92","14","need-doing|gerund","passive-focus|verb-complements","indexed-source-reader","existing-group-source-player; runtime-not-retested","no-indexed-comic; text/audio-fallback","gap: no lesson-specific pre-teaching diagnostic","shared-guides-by-lesson; no diagnostic routing","real source-recall quiz + shared guide application; not unseen context","real quiz key/skill repair + open draft; no preserved bespoke transfer correction chain","real >=24h map scheduler; source excerpt/guide rotation, not unseen lesson-specific banks","in-map; serial textbook chapters before IELTS lanes","not-established-per-lesson","not-authored-this-batch","app/data/textbook-grammar.json; app/data/grammar-explanations.json; app/learning-plan.ts; map/curriculum.ts; map/lesson-plan.ts; map/course.tsx; map/model.ts","not-registered","","0","","not-inferred-from-registration"
"NCE2-93","NCE2","93","93","被动语态及其相关形式","nce2-93","14","passive|passive-double|passive-forms","passive-focus","indexed-source-reader","existing-group-source-player; runtime-not-retested","no-indexed-comic; text/audio-fallback","gap: no lesson-specific pre-teaching diagnostic","shared-guides-by-lesson; no diagnostic routing","real source-recall quiz + shared guide application; not unseen context","real quiz key/skill repair + open draft; no preserved bespoke transfer correction chain","real >=24h map scheduler; source excerpt/guide rotation, not unseen lesson-specific banks","in-map; serial textbook chapters before IELTS lanes","not-established-per-lesson","not-authored-this-batch","app/data/textbook-grammar.json; app/data/grammar-explanations.json; app/learning-plan.ts; map/curriculum.ts; map/lesson-plan.ts; map/course.tsx; map/model.ts","not-registered","","0","","not-inferred-from-registration"
"NCE2-94","NCE2","94","94","复习介词搭配","nce2-94","14","verb-prepositions|phrasal-verbs","verb-complements|linked-vocabulary","indexed-source-reader","existing-group-source-player; runtime-not-retested","no-indexed-comic; text/audio-fallback","gap: no lesson-specific pre-teaching diagnostic","shared-guides-by-lesson; no diagnostic routing","real source-recall quiz + shared guide application; not unseen context","real quiz key/skill repair + open draft; no preserved bespoke transfer correction chain","real >=24h map scheduler; source excerpt/guide rotation, not unseen lesson-specific banks","in-map; serial textbook chapters before IELTS lanes","not-established-per-lesson","not-authored-this-batch","app/data/textbook-grammar.json; app/data/grammar-explanations.json; app/learning-plan.ts; map/curriculum.ts; map/lesson-plan.ts; map/course.tsx; map/model.ts","not-registered","","0","","not-inferred-from-registration"
"NCE2-95","NCE2","95","95","动词形式综合复习","nce2-95","14","verb-review|nonfinite","requests-nonfinite|structure-rewrite","indexed-source-reader","existing-group-source-player; runtime-not-retested","no-indexed-comic; text/audio-fallback","gap: no lesson-specific pre-teaching diagnostic","shared-guides-by-lesson; no diagnostic routing","real source-recall quiz + shared guide application; not unseen context","real quiz key/skill repair + open draft; no preserved bespoke transfer correction chain","real >=24h map scheduler; source excerpt/guide rotation, not unseen lesson-specific banks","in-map; serial textbook chapters before IELTS lanes","not-established-per-lesson","not-authored-this-batch","app/data/textbook-grammar.json; app/data/grammar-explanations.json; app/learning-plan.ts; map/curriculum.ts; map/lesson-plan.ts; map/course.tsx; map/model.ts","not-registered","","0","","not-inferred-from-registration"
"NCE2-96","NCE2","96","96","复习第 74–91 课难点","nce2-96","14","verb-patterns|articles|negative-scope","noun-reference|verb-complements|negative-precision","indexed-source-reader","existing-group-source-player; runtime-not-retested","no-indexed-comic; text/audio-fallback","gap: no lesson-specific pre-teaching diagnostic","shared-guides-by-lesson; no diagnostic routing","real source-recall quiz + shared guide application; not unseen context","real quiz key/skill repair + open draft; no preserved bespoke transfer correction chain","real >=24h map scheduler; source excerpt/guide rotation, not unseen lesson-specific banks","in-map; serial textbook chapters before IELTS lanes","not-established-per-lesson","not-authored-this-batch","app/data/textbook-grammar.json; app/data/grammar-explanations.json; app/learning-plan.ts; map/curriculum.ts; map/lesson-plan.ts; map/course.tsx; map/model.ts","not-registered","","0","","not-inferred-from-registration"
"NCE3-1","NCE3","1","1","简单句、并列句与复合句","","","word-order|complex-sentences","sentence-core|linking-ideas","indexed-source-reader","existing-group-source-player; runtime-not-retested","no-indexed-comic; text/audio-fallback","gap: no lesson-specific pre-teaching diagnostic","shared-guides-by-lesson; no diagnostic routing","classic lesson-linked practice from shared guide bank; not audited as bespoke unseen context","real classic answer/pitfall check + open draft; no bespoke chain","real classic per-goal calendar-day dueAt (not minimum 24h); shared variants, not bespoke fresh banks","available in classic textbook reader/grammar; absent from required map sequence","not-established-per-lesson","not-authored-this-batch","app/data/textbook-grammar.json; app/data/grammar-explanations.json; app/learning-plan.ts; map/curriculum.ts; map/lesson-plan.ts; map/course.tsx; map/model.ts","not-registered","","0","","not-inferred-from-registration"
"NCE3-2","NCE3","2","2","一般现在时与现在进行时","","","present-contrast|always-continuous","present-time|habit-change","indexed-source-reader","existing-group-source-player; runtime-not-retested","no-indexed-comic; text/audio-fallback","gap: no lesson-specific pre-teaching diagnostic","shared-guides-by-lesson; no diagnostic routing","classic lesson-linked practice from shared guide bank; not audited as bespoke unseen context","real classic answer/pitfall check + open draft; no bespoke chain","real classic per-goal calendar-day dueAt (not minimum 24h); shared variants, not bespoke fresh banks","available in classic textbook reader/grammar; absent from required map sequence","not-established-per-lesson","not-authored-this-batch","app/data/textbook-grammar.json; app/data/grammar-explanations.json; app/learning-plan.ts; map/curriculum.ts; map/lesson-plan.ts; map/course.tsx; map/model.ts","not-registered","","0","","not-inferred-from-registration"
"NCE3-3","NCE3","3","3","一般过去时与动词过去式","","","past-simple","questions-negation|past-present-perfect","indexed-source-reader","existing-group-source-player; runtime-not-retested","no-indexed-comic; text/audio-fallback","gap: no lesson-specific pre-teaching diagnostic","shared-guides-by-lesson; no diagnostic routing","classic lesson-linked practice from shared guide bank; not audited as bespoke unseen context","real classic answer/pitfall check + open draft; no bespoke chain","real classic per-goal calendar-day dueAt (not minimum 24h); shared variants, not bespoke fresh banks","available in classic textbook reader/grammar; absent from required map sequence","not-established-per-lesson","not-authored-this-batch","app/data/textbook-grammar.json; app/data/grammar-explanations.json; app/learning-plan.ts; map/curriculum.ts; map/lesson-plan.ts; map/course.tsx; map/model.ts","not-registered","","0","","not-inferred-from-registration"
"NCE3-4","NCE3","4","4","现在完成与完成进行时","","","perfect-continuous|present-perfect","past-present-perfect|duration-perspective","indexed-source-reader","existing-group-source-player; runtime-not-retested","no-indexed-comic; text/audio-fallback","gap: no lesson-specific pre-teaching diagnostic","shared-guides-by-lesson; no diagnostic routing","classic lesson-linked practice from shared guide bank; not audited as bespoke unseen context","real classic answer/pitfall check + open draft; no bespoke chain","real classic per-goal calendar-day dueAt (not minimum 24h); shared variants, not bespoke fresh banks","available in classic textbook reader/grammar; absent from required map sequence","not-established-per-lesson","not-authored-this-batch","app/data/textbook-grammar.json; app/data/grammar-explanations.json; app/learning-plan.ts; map/curriculum.ts; map/lesson-plan.ts; map/course.tsx; map/model.ts","not-registered","","0","","not-inferred-from-registration"
"NCE3-5","NCE3","5","5","冠词 a / the 与 some","","","articles|some-any","noun-reference","indexed-source-reader","existing-group-source-player; runtime-not-retested","no-indexed-comic; text/audio-fallback","gap: no lesson-specific pre-teaching diagnostic","shared-guides-by-lesson; no diagnostic routing","classic lesson-linked practice from shared guide bank; not audited as bespoke unseen context","real classic answer/pitfall check + open draft; no bespoke chain","real classic per-goal calendar-day dueAt (not minimum 24h); shared variants, not bespoke fresh banks","available in classic textbook reader/grammar; absent from required map sequence","not-established-per-lesson","not-authored-this-batch","app/data/textbook-grammar.json; app/data/grammar-explanations.json; app/learning-plan.ts; map/curriculum.ts; map/lesson-plan.ts; map/course.tsx; map/model.ts","not-registered","","0","","not-inferred-from-registration"
"NCE3-6","NCE3","6","6","一般过去时与过去进行时","","","past-continuous|past-simple","questions-negation|past-present-perfect|past-background","indexed-source-reader","existing-group-source-player; runtime-not-retested","no-indexed-comic; text/audio-fallback","gap: no lesson-specific pre-teaching diagnostic","shared-guides-by-lesson; no diagnostic routing","classic lesson-linked practice from shared guide bank; not audited as bespoke unseen context","real classic answer/pitfall check + open draft; no bespoke chain","real classic per-goal calendar-day dueAt (not minimum 24h); shared variants, not bespoke fresh banks","available in classic textbook reader/grammar; absent from required map sequence","not-established-per-lesson","not-authored-this-batch","app/data/textbook-grammar.json; app/data/grammar-explanations.json; app/learning-plan.ts; map/curriculum.ts; map/lesson-plan.ts; map/course.tsx; map/model.ts","not-registered","","0","","not-inferred-from-registration"
"NCE3-7","NCE3","7","7","过去式的运用","","","past-simple|verb-review","questions-negation|past-present-perfect|structure-rewrite","indexed-source-reader","existing-group-source-player; runtime-not-retested","no-indexed-comic; text/audio-fallback","gap: no lesson-specific pre-teaching diagnostic","shared-guides-by-lesson; no diagnostic routing","classic lesson-linked practice from shared guide bank; not audited as bespoke unseen context","real classic answer/pitfall check + open draft; no bespoke chain","real classic per-goal calendar-day dueAt (not minimum 24h); shared variants, not bespoke fresh banks","available in classic textbook reader/grammar; absent from required map sequence","not-established-per-lesson","not-authored-this-batch","app/data/textbook-grammar.json; app/data/grammar-explanations.json; app/learning-plan.ts; map/curriculum.ts; map/lesson-plan.ts; map/course.tsx; map/model.ts","not-registered","","0","","not-inferred-from-registration"
"NCE3-8","NCE3","8","8","动词形式复习","","","verb-review|nonfinite","requests-nonfinite|structure-rewrite","indexed-source-reader","existing-group-source-player; runtime-not-retested","no-indexed-comic; text/audio-fallback","gap: no lesson-specific pre-teaching diagnostic","shared-guides-by-lesson; no diagnostic routing","classic lesson-linked practice from shared guide bank; not audited as bespoke unseen context","real classic answer/pitfall check + open draft; no bespoke chain","real classic per-goal calendar-day dueAt (not minimum 24h); shared variants, not bespoke fresh banks","available in classic textbook reader/grammar; absent from required map sequence","not-established-per-lesson","not-authored-this-batch","app/data/textbook-grammar.json; app/data/grammar-explanations.json; app/learning-plan.ts; map/curriculum.ts; map/lesson-plan.ts; map/course.tsx; map/model.ts","not-registered","","0","","not-inferred-from-registration"
"NCE3-9","NCE3","9","9","一般现在时与普遍事实","","","present-simple|present-contrast","questions-negation|present-time","indexed-source-reader","existing-group-source-player; runtime-not-retested","no-indexed-comic; text/audio-fallback","gap: no lesson-specific pre-teaching diagnostic","shared-guides-by-lesson; no diagnostic routing","classic lesson-linked practice from shared guide bank; not audited as bespoke unseen context","real classic answer/pitfall check + open draft; no bespoke chain","real classic per-goal calendar-day dueAt (not minimum 24h); shared variants, not bespoke fresh banks","available in classic textbook reader/grammar; absent from required map sequence","not-established-per-lesson","not-authored-this-batch","app/data/textbook-grammar.json; app/data/grammar-explanations.json; app/learning-plan.ts; map/curriculum.ts; map/lesson-plan.ts; map/course.tsx; map/model.ts","not-registered","","0","","not-inferred-from-registration"
"NCE3-10","NCE3","10","10","过去完成时","","","past-perfect","past-background","indexed-source-reader","existing-group-source-player; runtime-not-retested","no-indexed-comic; text/audio-fallback","gap: no lesson-specific pre-teaching diagnostic","shared-guides-by-lesson; no diagnostic routing","classic lesson-linked practice from shared guide bank; not audited as bespoke unseen context","real classic answer/pitfall check + open draft; no bespoke chain","real classic per-goal calendar-day dueAt (not minimum 24h); shared variants, not bespoke fresh banks","available in classic textbook reader/grammar; absent from required map sequence","not-established-per-lesson","not-authored-this-batch","app/data/textbook-grammar.json; app/data/grammar-explanations.json; app/learning-plan.ts; map/curriculum.ts; map/lesson-plan.ts; map/course.tsx; map/model.ts","not-registered","","0","","not-inferred-from-registration"
"NCE3-11","NCE3","11","11","间接引语","","","reported|indirect-question","reported-perspective","indexed-source-reader","existing-group-source-player; runtime-not-retested","no-indexed-comic; text/audio-fallback","gap: no lesson-specific pre-teaching diagnostic","shared-guides-by-lesson; no diagnostic routing","classic lesson-linked practice from shared guide bank; not audited as bespoke unseen context","real classic answer/pitfall check + open draft; no bespoke chain","real classic per-goal calendar-day dueAt (not minimum 24h); shared variants, not bespoke fresh banks","available in classic textbook reader/grammar; absent from required map sequence","not-established-per-lesson","not-authored-this-batch","app/data/textbook-grammar.json; app/data/grammar-explanations.json; app/learning-plan.ts; map/curriculum.ts; map/lesson-plan.ts; map/course.tsx; map/model.ts","not-registered","","0","","not-inferred-from-registration"
"NCE3-12","NCE3","12","12","if 条件句","","","condition-real|condition-unreal|condition-past","linking-ideas|hypothetical-condition","indexed-source-reader","existing-group-source-player; runtime-not-retested","no-indexed-comic; text/audio-fallback","gap: no lesson-specific pre-teaching diagnostic","shared-guides-by-lesson; no diagnostic routing","classic lesson-linked practice from shared guide bank; not audited as bespoke unseen context","real classic answer/pitfall check + open draft; no bespoke chain","real classic per-goal calendar-day dueAt (not minimum 24h); shared variants, not bespoke fresh banks","available in classic textbook reader/grammar; absent from required map sequence","not-established-per-lesson","not-authored-this-batch","app/data/textbook-grammar.json; app/data/grammar-explanations.json; app/learning-plan.ts; map/curriculum.ts; map/lesson-plan.ts; map/course.tsx; map/model.ts","not-registered","","0","","not-inferred-from-registration"
"NCE3-13","NCE3","13","13","must / need / have to","","","obligation|need-doing","modal-choice|passive-focus","indexed-source-reader","existing-group-source-player; runtime-not-retested","no-indexed-comic; text/audio-fallback","gap: no lesson-specific pre-teaching diagnostic","shared-guides-by-lesson; no diagnostic routing","classic lesson-linked practice from shared guide bank; not audited as bespoke unseen context","real classic answer/pitfall check + open draft; no bespoke chain","real classic per-goal calendar-day dueAt (not minimum 24h); shared variants, not bespoke fresh banks","available in classic textbook reader/grammar; absent from required map sequence","not-established-per-lesson","not-authored-this-batch","app/data/textbook-grammar.json; app/data/grammar-explanations.json; app/learning-plan.ts; map/curriculum.ts; map/lesson-plan.ts; map/course.tsx; map/model.ts","not-registered","","0","","not-inferred-from-registration"
"NCE3-14","NCE3","14","14","have 的用法","","","have|causative","passive-focus|reference-ownership","indexed-source-reader","existing-group-source-player; runtime-not-retested","no-indexed-comic; text/audio-fallback","gap: no lesson-specific pre-teaching diagnostic","shared-guides-by-lesson; no diagnostic routing","classic lesson-linked practice from shared guide bank; not audited as bespoke unseen context","real classic answer/pitfall check + open draft; no bespoke chain","real classic per-goal calendar-day dueAt (not minimum 24h); shared variants, not bespoke fresh banks","available in classic textbook reader/grammar; absent from required map sequence","not-established-per-lesson","not-authored-this-batch","app/data/textbook-grammar.json; app/data/grammar-explanations.json; app/learning-plan.ts; map/curriculum.ts; map/lesson-plan.ts; map/course.tsx; map/model.ts","not-registered","","0","","not-inferred-from-registration"
"NCE3-15","NCE3","15","15","can / could 与 manage to","","","past-ability|could-have","modal-evidence","indexed-source-reader","existing-group-source-player; runtime-not-retested","no-indexed-comic; text/audio-fallback","gap: no lesson-specific pre-teaching diagnostic","shared-guides-by-lesson; no diagnostic routing","classic lesson-linked practice from shared guide bank; not audited as bespoke unseen context","real classic answer/pitfall check + open draft; no bespoke chain","real classic per-goal calendar-day dueAt (not minimum 24h); shared variants, not bespoke fresh banks","available in classic textbook reader/grammar; absent from required map sequence","not-established-per-lesson","not-authored-this-batch","app/data/textbook-grammar.json; app/data/grammar-explanations.json; app/learning-plan.ts; map/curriculum.ts; map/lesson-plan.ts; map/course.tsx; map/model.ts","not-registered","","0","","not-inferred-from-registration"
"NCE3-16","NCE3","16","16","动名词与完成形式","","","gerund|nonfinite-passive","verb-complements|requests-nonfinite","indexed-source-reader","existing-group-source-player; runtime-not-retested","no-indexed-comic; text/audio-fallback","gap: no lesson-specific pre-teaching diagnostic","shared-guides-by-lesson; no diagnostic routing","classic lesson-linked practice from shared guide bank; not audited as bespoke unseen context","real classic answer/pitfall check + open draft; no bespoke chain","real classic per-goal calendar-day dueAt (not minimum 24h); shared variants, not bespoke fresh banks","available in classic textbook reader/grammar; absent from required map sequence","not-established-per-lesson","not-authored-this-batch","app/data/textbook-grammar.json; app/data/grammar-explanations.json; app/learning-plan.ts; map/curriculum.ts; map/lesson-plan.ts; map/course.tsx; map/model.ts","not-registered","","0","","not-inferred-from-registration"
"NCE3-17","NCE3","17","17","被动语态","","","passive|passive-forms","passive-focus","indexed-source-reader","existing-group-source-player; runtime-not-retested","no-indexed-comic; text/audio-fallback","gap: no lesson-specific pre-teaching diagnostic","shared-guides-by-lesson; no diagnostic routing","classic lesson-linked practice from shared guide bank; not audited as bespoke unseen context","real classic answer/pitfall check + open draft; no bespoke chain","real classic per-goal calendar-day dueAt (not minimum 24h); shared variants, not bespoke fresh banks","available in classic textbook reader/grammar; absent from required map sequence","not-established-per-lesson","not-authored-this-batch","app/data/textbook-grammar.json; app/data/grammar-explanations.json; app/learning-plan.ts; map/curriculum.ts; map/lesson-plan.ts; map/course.tsx; map/model.ts","not-registered","","0","","not-inferred-from-registration"
"NCE3-18","NCE3","18","18","介词与搭配","","","verb-prepositions","verb-complements","indexed-source-reader","existing-group-source-player; runtime-not-retested","no-indexed-comic; text/audio-fallback","gap: no lesson-specific pre-teaching diagnostic","shared-guides-by-lesson; no diagnostic routing","classic lesson-linked practice from shared guide bank; not audited as bespoke unseen context","real classic answer/pitfall check + open draft; no bespoke chain","real classic per-goal calendar-day dueAt (not minimum 24h); shared variants, not bespoke fresh banks","available in classic textbook reader/grammar; absent from required map sequence","not-established-per-lesson","not-authored-this-batch","app/data/textbook-grammar.json; app/data/grammar-explanations.json; app/learning-plan.ts; map/curriculum.ts; map/lesson-plan.ts; map/course.tsx; map/model.ts","not-registered","","0","","not-inferred-from-registration"
"NCE3-19","NCE3","19","19","动词形式综合复习","","","verb-review|verb-patterns","verb-complements|structure-rewrite","indexed-source-reader","existing-group-source-player; runtime-not-retested","no-indexed-comic; text/audio-fallback","gap: no lesson-specific pre-teaching diagnostic","shared-guides-by-lesson; no diagnostic routing","classic lesson-linked practice from shared guide bank; not audited as bespoke unseen context","real classic answer/pitfall check + open draft; no bespoke chain","real classic per-goal calendar-day dueAt (not minimum 24h); shared variants, not bespoke fresh banks","available in classic textbook reader/grammar; absent from required map sequence","not-established-per-lesson","not-authored-this-batch","app/data/textbook-grammar.json; app/data/grammar-explanations.json; app/learning-plan.ts; map/curriculum.ts; map/lesson-plan.ts; map/course.tsx; map/model.ts","not-registered","","0","","not-inferred-from-registration"
"NCE3-20","NCE3","20","20","复习第 1–17 课难点","","","articles|verb-prepositions|degree","noun-reference|comparisons|verb-complements","indexed-source-reader","existing-group-source-player; runtime-not-retested","no-indexed-comic; text/audio-fallback","gap: no lesson-specific pre-teaching diagnostic","shared-guides-by-lesson; no diagnostic routing","classic lesson-linked practice from shared guide bank; not audited as bespoke unseen context","real classic answer/pitfall check + open draft; no bespoke chain","real classic per-goal calendar-day dueAt (not minimum 24h); shared variants, not bespoke fresh banks","available in classic textbook reader/grammar; absent from required map sequence","not-established-per-lesson","not-authored-this-batch","app/data/textbook-grammar.json; app/data/grammar-explanations.json; app/learning-plan.ts; map/curriculum.ts; map/lesson-plan.ts; map/course.tsx; map/model.ts","not-registered","","0","","not-inferred-from-registration"
"NCE3-21","NCE3","21","21","ago / before 与能力表达","","","ago-before|past-ability","modal-evidence|time-perspective","indexed-source-reader","existing-group-source-player; runtime-not-retested","no-indexed-comic; text/audio-fallback","gap: no lesson-specific pre-teaching diagnostic","shared-guides-by-lesson; no diagnostic routing","classic lesson-linked practice from shared guide bank; not audited as bespoke unseen context","real classic answer/pitfall check + open draft; no bespoke chain","real classic per-goal calendar-day dueAt (not minimum 24h); shared variants, not bespoke fresh banks","available in classic textbook reader/grammar; absent from required map sequence","not-established-per-lesson","not-authored-this-batch","app/data/textbook-grammar.json; app/data/grammar-explanations.json; app/learning-plan.ts; map/curriculum.ts; map/lesson-plan.ts; map/course.tsx; map/model.ts","not-registered","","0","","not-inferred-from-registration"
"NCE3-22","NCE3","22","22","so / such…that 与 used to","","","so-such|used-to","habit-change|linked-vocabulary","indexed-source-reader","existing-group-source-player; runtime-not-retested","no-indexed-comic; text/audio-fallback","gap: no lesson-specific pre-teaching diagnostic","shared-guides-by-lesson; no diagnostic routing","classic lesson-linked practice from shared guide bank; not audited as bespoke unseen context","real classic answer/pitfall check + open draft; no bespoke chain","real classic per-goal calendar-day dueAt (not minimum 24h); shared variants, not bespoke fresh banks","available in classic textbook reader/grammar; absent from required map sequence","not-established-per-lesson","not-authored-this-batch","app/data/textbook-grammar.json; app/data/grammar-explanations.json; app/learning-plan.ts; map/curriculum.ts; map/lesson-plan.ts; map/course.tsx; map/model.ts","not-registered","","0","","not-inferred-from-registration"
"NCE3-23","NCE3","23","23","非真实条件句与词义辨析","","","condition-unreal","hypothetical-condition","indexed-source-reader","existing-group-source-player; runtime-not-retested","no-indexed-comic; text/audio-fallback","gap: no lesson-specific pre-teaching diagnostic","shared-guides-by-lesson; no diagnostic routing","classic lesson-linked practice from shared guide bank; not audited as bespoke unseen context","real classic answer/pitfall check + open draft; no bespoke chain","real classic per-goal calendar-day dueAt (not minimum 24h); shared variants, not bespoke fresh banks","available in classic textbook reader/grammar; absent from required map sequence","not-established-per-lesson","not-authored-this-batch","app/data/textbook-grammar.json; app/data/grammar-explanations.json; app/learning-plan.ts; map/curriculum.ts; map/lesson-plan.ts; map/course.tsx; map/model.ts","not-registered","","0","","not-inferred-from-registration"
"NCE3-24","NCE3","24","24","频率副词与宾语补足语","","","adverbs|object-to","comparisons|requests-nonfinite","indexed-source-reader","existing-group-source-player; runtime-not-retested","no-indexed-comic; text/audio-fallback","gap: no lesson-specific pre-teaching diagnostic","shared-guides-by-lesson; no diagnostic routing","classic lesson-linked practice from shared guide bank; not audited as bespoke unseen context","real classic answer/pitfall check + open draft; no bespoke chain","real classic per-goal calendar-day dueAt (not minimum 24h); shared variants, not bespoke fresh banks","available in classic textbook reader/grammar; absent from required map sequence","not-established-per-lesson","not-authored-this-batch","app/data/textbook-grammar.json; app/data/grammar-explanations.json; app/learning-plan.ts; map/curriculum.ts; map/lesson-plan.ts; map/course.tsx; map/model.ts","not-registered","","0","","not-inferred-from-registration"
"NCE3-25","NCE3","25","25","used to / be used to 与比较形式","","","be-used-to|comparison","comparisons|habit-change","indexed-source-reader","existing-group-source-player; runtime-not-retested","no-indexed-comic; text/audio-fallback","gap: no lesson-specific pre-teaching diagnostic","shared-guides-by-lesson; no diagnostic routing","classic lesson-linked practice from shared guide bank; not audited as bespoke unseen context","real classic answer/pitfall check + open draft; no bespoke chain","real classic per-goal calendar-day dueAt (not minimum 24h); shared variants, not bespoke fresh banks","available in classic textbook reader/grammar; absent from required map sequence","not-established-per-lesson","not-authored-this-batch","app/data/textbook-grammar.json; app/data/grammar-explanations.json; app/learning-plan.ts; map/curriculum.ts; map/lesson-plan.ts; map/course.tsx; map/model.ts","not-registered","","0","","not-inferred-from-registration"
"NCE3-26","NCE3","26","26","动名词与 avoid doing","","","gerund|nonfinite-passive","verb-complements|requests-nonfinite","indexed-source-reader","existing-group-source-player; runtime-not-retested","no-indexed-comic; text/audio-fallback","gap: no lesson-specific pre-teaching diagnostic","shared-guides-by-lesson; no diagnostic routing","classic lesson-linked practice from shared guide bank; not audited as bespoke unseen context","real classic answer/pitfall check + open draft; no bespoke chain","real classic per-goal calendar-day dueAt (not minimum 24h); shared variants, not bespoke fresh banks","available in classic textbook reader/grammar; absent from required map sequence","not-established-per-lesson","not-authored-this-batch","app/data/textbook-grammar.json; app/data/grammar-explanations.json; app/learning-plan.ts; map/curriculum.ts; map/lesson-plan.ts; map/course.tsx; map/model.ts","not-registered","","0","","not-inferred-from-registration"
"NCE3-27","NCE3","27","27","被动转述与不可数名词","","","reporting-passive|countable","noun-reference|information-focus","indexed-source-reader","existing-group-source-player; runtime-not-retested","no-indexed-comic; text/audio-fallback","gap: no lesson-specific pre-teaching diagnostic","shared-guides-by-lesson; no diagnostic routing","classic lesson-linked practice from shared guide bank; not audited as bespoke unseen context","real classic answer/pitfall check + open draft; no bespoke chain","real classic per-goal calendar-day dueAt (not minimum 24h); shared variants, not bespoke fresh banks","available in classic textbook reader/grammar; absent from required map sequence","not-established-per-lesson","not-authored-this-batch","app/data/textbook-grammar.json; app/data/grammar-explanations.json; app/learning-plan.ts; map/curriculum.ts; map/lesson-plan.ts; map/course.tsx; map/model.ts","not-registered","","0","","not-inferred-from-registration"
"NCE3-28","NCE3","28","28","no sooner…than 与时间关系","","","inversion|past-perfect","past-background|information-focus","indexed-source-reader","existing-group-source-player; runtime-not-retested","no-indexed-comic; text/audio-fallback","gap: no lesson-specific pre-teaching diagnostic","shared-guides-by-lesson; no diagnostic routing","classic lesson-linked practice from shared guide bank; not audited as bespoke unseen context","real classic answer/pitfall check + open draft; no bespoke chain","real classic per-goal calendar-day dueAt (not minimum 24h); shared variants, not bespoke fresh banks","available in classic textbook reader/grammar; absent from required map sequence","not-established-per-lesson","not-authored-this-batch","app/data/textbook-grammar.json; app/data/grammar-explanations.json; app/learning-plan.ts; map/curriculum.ts; map/lesson-plan.ts; map/course.tsx; map/model.ts","not-registered","","0","","not-inferred-from-registration"
"NCE3-29","NCE3","29","29","介词搭配与 it 作形式宾语","","","verb-prepositions|formal-it","verb-complements|information-focus","indexed-source-reader","existing-group-source-player; runtime-not-retested","no-indexed-comic; text/audio-fallback","gap: no lesson-specific pre-teaching diagnostic","shared-guides-by-lesson; no diagnostic routing","classic lesson-linked practice from shared guide bank; not audited as bespoke unseen context","real classic answer/pitfall check + open draft; no bespoke chain","real classic per-goal calendar-day dueAt (not minimum 24h); shared variants, not bespoke fresh banks","available in classic textbook reader/grammar; absent from required map sequence","not-established-per-lesson","not-authored-this-batch","app/data/textbook-grammar.json; app/data/grammar-explanations.json; app/learning-plan.ts; map/curriculum.ts; map/lesson-plan.ts; map/course.tsx; map/model.ts","not-registered","","0","","not-inferred-from-registration"
"NCE3-30","NCE3","30","30","动词搭配与说话转述","","","phrasal-verbs|reported","reported-perspective|linked-vocabulary","indexed-source-reader","existing-group-source-player; runtime-not-retested","no-indexed-comic; text/audio-fallback","gap: no lesson-specific pre-teaching diagnostic","shared-guides-by-lesson; no diagnostic routing","classic lesson-linked practice from shared guide bank; not audited as bespoke unseen context","real classic answer/pitfall check + open draft; no bespoke chain","real classic per-goal calendar-day dueAt (not minimum 24h); shared variants, not bespoke fresh banks","available in classic textbook reader/grammar; absent from required map sequence","not-established-per-lesson","not-authored-this-batch","app/data/textbook-grammar.json; app/data/grammar-explanations.json; app/learning-plan.ts; map/curriculum.ts; map/lesson-plan.ts; map/course.tsx; map/model.ts","not-registered","","0","","not-inferred-from-registration"
"NCE3-31","NCE3","31","31","介词后的动名词与合句","","","gerund|complex-sentences","linking-ideas|verb-complements","indexed-source-reader","existing-group-source-player; runtime-not-retested","no-indexed-comic; text/audio-fallback","gap: no lesson-specific pre-teaching diagnostic","shared-guides-by-lesson; no diagnostic routing","classic lesson-linked practice from shared guide bank; not audited as bespoke unseen context","real classic answer/pitfall check + open draft; no bespoke chain","real classic per-goal calendar-day dueAt (not minimum 24h); shared variants, not bespoke fresh banks","available in classic textbook reader/grammar; absent from required map sequence","not-established-per-lesson","not-authored-this-batch","app/data/textbook-grammar.json; app/data/grammar-explanations.json; app/learning-plan.ts; map/curriculum.ts; map/lesson-plan.ts; map/course.tsx; map/model.ts","not-registered","","0","","not-inferred-from-registration"
"NCE3-32","NCE3","32","32","过去完成进行时","","","past-perfect-continuous","duration-perspective","indexed-source-reader","existing-group-source-player; runtime-not-retested","no-indexed-comic; text/audio-fallback","gap: no lesson-specific pre-teaching diagnostic","shared-guides-by-lesson; no diagnostic routing","classic lesson-linked practice from shared guide bank; not audited as bespoke unseen context","real classic answer/pitfall check + open draft; no bespoke chain","real classic per-goal calendar-day dueAt (not minimum 24h); shared variants, not bespoke fresh banks","available in classic textbook reader/grammar; absent from required map sequence","not-established-per-lesson","not-authored-this-batch","app/data/textbook-grammar.json; app/data/grammar-explanations.json; app/learning-plan.ts; map/curriculum.ts; map/lesson-plan.ts; map/course.tsx; map/model.ts","not-registered","","0","","not-inferred-from-registration"
"NCE3-33","NCE3","33","33","enough 的位置与词义辨析","","","degree","comparisons","indexed-source-reader","existing-group-source-player; runtime-not-retested","no-indexed-comic; text/audio-fallback","gap: no lesson-specific pre-teaching diagnostic","shared-guides-by-lesson; no diagnostic routing","classic lesson-linked practice from shared guide bank; not audited as bespoke unseen context","real classic answer/pitfall check + open draft; no bespoke chain","real classic per-goal calendar-day dueAt (not minimum 24h); shared variants, not bespoke fresh banks","available in classic textbook reader/grammar; absent from required map sequence","not-established-per-lesson","not-authored-this-batch","app/data/textbook-grammar.json; app/data/grammar-explanations.json; app/learning-plan.ts; map/curriculum.ts; map/lesson-plan.ts; map/course.tsx; map/model.ts","not-registered","","0","","not-inferred-from-registration"
"NCE3-34","NCE3","34","34","时间从句与 must 推测","","","time-clause|deduction-now","plan-timeline|modal-evidence","indexed-source-reader","existing-group-source-player; runtime-not-retested","no-indexed-comic; text/audio-fallback","gap: no lesson-specific pre-teaching diagnostic","shared-guides-by-lesson; no diagnostic routing","classic lesson-linked practice from shared guide bank; not audited as bespoke unseen context","real classic answer/pitfall check + open draft; no bespoke chain","real classic per-goal calendar-day dueAt (not minimum 24h); shared variants, not bespoke fresh banks","available in classic textbook reader/grammar; absent from required map sequence","not-established-per-lesson","not-authored-this-batch","app/data/textbook-grammar.json; app/data/grammar-explanations.json; app/learning-plan.ts; map/curriculum.ts; map/lesson-plan.ts; map/course.tsx; map/model.ts","not-registered","","0","","not-inferred-from-registration"
"NCE3-35","NCE3","35","35","宾语从句与转述","","","object-clause|reported","reported-perspective","indexed-source-reader","existing-group-source-player; runtime-not-retested","no-indexed-comic; text/audio-fallback","gap: no lesson-specific pre-teaching diagnostic","shared-guides-by-lesson; no diagnostic routing","classic lesson-linked practice from shared guide bank; not audited as bespoke unseen context","real classic answer/pitfall check + open draft; no bespoke chain","real classic per-goal calendar-day dueAt (not minimum 24h); shared variants, not bespoke fresh banks","available in classic textbook reader/grammar; absent from required map sequence","not-established-per-lesson","not-authored-this-batch","app/data/textbook-grammar.json; app/data/grammar-explanations.json; app/learning-plan.ts; map/curriculum.ts; map/lesson-plan.ts; map/course.tsx; map/model.ts","not-registered","","0","","not-inferred-from-registration"
"NCE3-36","NCE3","36","36","过去习惯：used to / would","","","used-to","habit-change","indexed-source-reader","existing-group-source-player; runtime-not-retested","no-indexed-comic; text/audio-fallback","gap: no lesson-specific pre-teaching diagnostic","shared-guides-by-lesson; no diagnostic routing","classic lesson-linked practice from shared guide bank; not audited as bespoke unseen context","real classic answer/pitfall check + open draft; no bespoke chain","real classic per-goal calendar-day dueAt (not minimum 24h); shared variants, not bespoke fresh banks","available in classic textbook reader/grammar; absent from required map sequence","not-established-per-lesson","not-authored-this-batch","app/data/textbook-grammar.json; app/data/grammar-explanations.json; app/learning-plan.ts; map/curriculum.ts; map/lesson-plan.ts; map/course.tsx; map/model.ts","not-registered","","0","","not-inferred-from-registration"
"NCE3-37","NCE3","37","37","too…to 与句型转换","","","degree|rewrite","comparisons|structure-rewrite","indexed-source-reader","existing-group-source-player; runtime-not-retested","no-indexed-comic; text/audio-fallback","gap: no lesson-specific pre-teaching diagnostic","shared-guides-by-lesson; no diagnostic routing","classic lesson-linked practice from shared guide bank; not audited as bespoke unseen context","real classic answer/pitfall check + open draft; no bespoke chain","real classic per-goal calendar-day dueAt (not minimum 24h); shared variants, not bespoke fresh banks","available in classic textbook reader/grammar; absent from required map sequence","not-established-per-lesson","not-authored-this-batch","app/data/textbook-grammar.json; app/data/grammar-explanations.json; app/learning-plan.ts; map/curriculum.ts; map/lesson-plan.ts; map/course.tsx; map/model.ts","not-registered","","0","","not-inferred-from-registration"
"NCE3-38","NCE3","38","38","动词形式与语境","","","verb-review|past-or-perfect","past-present-perfect|structure-rewrite","indexed-source-reader","existing-group-source-player; runtime-not-retested","no-indexed-comic; text/audio-fallback","gap: no lesson-specific pre-teaching diagnostic","shared-guides-by-lesson; no diagnostic routing","classic lesson-linked practice from shared guide bank; not audited as bespoke unseen context","real classic answer/pitfall check + open draft; no bespoke chain","real classic per-goal calendar-day dueAt (not minimum 24h); shared variants, not bespoke fresh banks","available in classic textbook reader/grammar; absent from required map sequence","not-established-per-lesson","not-authored-this-batch","app/data/textbook-grammar.json; app/data/grammar-explanations.json; app/learning-plan.ts; map/curriculum.ts; map/lesson-plan.ts; map/course.tsx; map/model.ts","not-registered","","0","","not-inferred-from-registration"
"NCE3-39","NCE3","39","39","使役结构：get / make","","","causative","passive-focus","indexed-source-reader","existing-group-source-player; runtime-not-retested","no-indexed-comic; text/audio-fallback","gap: no lesson-specific pre-teaching diagnostic","shared-guides-by-lesson; no diagnostic routing","classic lesson-linked practice from shared guide bank; not audited as bespoke unseen context","real classic answer/pitfall check + open draft; no bespoke chain","real classic per-goal calendar-day dueAt (not minimum 24h); shared variants, not bespoke fresh banks","available in classic textbook reader/grammar; absent from required map sequence","not-established-per-lesson","not-authored-this-batch","app/data/textbook-grammar.json; app/data/grammar-explanations.json; app/learning-plan.ts; map/curriculum.ts; map/lesson-plan.ts; map/course.tsx; map/model.ts","not-registered","","0","","not-inferred-from-registration"
"NCE3-40","NCE3","40","40","短语动词与 except","","","phrasal-verbs|except","linked-vocabulary","indexed-source-reader","existing-group-source-player; runtime-not-retested","no-indexed-comic; text/audio-fallback","gap: no lesson-specific pre-teaching diagnostic","shared-guides-by-lesson; no diagnostic routing","classic lesson-linked practice from shared guide bank; not audited as bespoke unseen context","real classic answer/pitfall check + open draft; no bespoke chain","real classic per-goal calendar-day dueAt (not minimum 24h); shared variants, not bespoke fresh banks","available in classic textbook reader/grammar; absent from required map sequence","not-established-per-lesson","not-authored-this-batch","app/data/textbook-grammar.json; app/data/grammar-explanations.json; app/learning-plan.ts; map/curriculum.ts; map/lesson-plan.ts; map/course.tsx; map/model.ts","not-registered","","0","","not-inferred-from-registration"
"NCE3-41","NCE3","41","41","主语从句的改写","","","that-clauses|formal-it","information-focus","indexed-source-reader","existing-group-source-player; runtime-not-retested","no-indexed-comic; text/audio-fallback","gap: no lesson-specific pre-teaching diagnostic","shared-guides-by-lesson; no diagnostic routing","classic lesson-linked practice from shared guide bank; not audited as bespoke unseen context","real classic answer/pitfall check + open draft; no bespoke chain","real classic per-goal calendar-day dueAt (not minimum 24h); shared variants, not bespoke fresh banks","available in classic textbook reader/grammar; absent from required map sequence","not-established-per-lesson","not-authored-this-batch","app/data/textbook-grammar.json; app/data/grammar-explanations.json; app/learning-plan.ts; map/curriculum.ts; map/lesson-plan.ts; map/course.tsx; map/model.ts","not-registered","","0","","not-inferred-from-registration"
"NCE3-42","NCE3","42","42","被动句与定语从句的改写","","","passive|relative|rewrite","passive-focus|relative-reference|structure-rewrite","indexed-source-reader","existing-group-source-player; runtime-not-retested","no-indexed-comic; text/audio-fallback","gap: no lesson-specific pre-teaching diagnostic","shared-guides-by-lesson; no diagnostic routing","classic lesson-linked practice from shared guide bank; not audited as bespoke unseen context","real classic answer/pitfall check + open draft; no bespoke chain","real classic per-goal calendar-day dueAt (not minimum 24h); shared variants, not bespoke fresh banks","available in classic textbook reader/grammar; absent from required map sequence","not-established-per-lesson","not-authored-this-batch","app/data/textbook-grammar.json; app/data/grammar-explanations.json; app/learning-plan.ts; map/curriculum.ts; map/lesson-plan.ts; map/course.tsx; map/model.ts","not-registered","","0","","not-inferred-from-registration"
"NCE3-43","NCE3","43","43","主被动转换与目的表达","","","passive|purpose","passive-focus|verb-complements","indexed-source-reader","existing-group-source-player; runtime-not-retested","no-indexed-comic; text/audio-fallback","gap: no lesson-specific pre-teaching diagnostic","shared-guides-by-lesson; no diagnostic routing","classic lesson-linked practice from shared guide bank; not audited as bespoke unseen context","real classic answer/pitfall check + open draft; no bespoke chain","real classic per-goal calendar-day dueAt (not minimum 24h); shared variants, not bespoke fresh banks","available in classic textbook reader/grammar; absent from required map sequence","not-established-per-lesson","not-authored-this-batch","app/data/textbook-grammar.json; app/data/grammar-explanations.json; app/learning-plan.ts; map/curriculum.ts; map/lesson-plan.ts; map/course.tsx; map/model.ts","not-registered","","0","","not-inferred-from-registration"
"NCE3-44","NCE3","44","44","结果句与句式改写","","","so-such|rewrite","linked-vocabulary|structure-rewrite","indexed-source-reader","existing-group-source-player; runtime-not-retested","no-indexed-comic; text/audio-fallback","gap: no lesson-specific pre-teaching diagnostic","shared-guides-by-lesson; no diagnostic routing","classic lesson-linked practice from shared guide bank; not audited as bespoke unseen context","real classic answer/pitfall check + open draft; no bespoke chain","real classic per-goal calendar-day dueAt (not minimum 24h); shared variants, not bespoke fresh banks","available in classic textbook reader/grammar; absent from required map sequence","not-established-per-lesson","not-authored-this-batch","app/data/textbook-grammar.json; app/data/grammar-explanations.json; app/learning-plan.ts; map/curriculum.ts; map/lesson-plan.ts; map/course.tsx; map/model.ts","not-registered","","0","","not-inferred-from-registration"
"NCE3-45","NCE3","45","45","双宾语句的主被动转换","","","passive-double","passive-focus","indexed-source-reader","existing-group-source-player; runtime-not-retested","no-indexed-comic; text/audio-fallback","gap: no lesson-specific pre-teaching diagnostic","shared-guides-by-lesson; no diagnostic routing","classic lesson-linked practice from shared guide bank; not audited as bespoke unseen context","real classic answer/pitfall check + open draft; no bespoke chain","real classic per-goal calendar-day dueAt (not minimum 24h); shared variants, not bespoke fresh banks","available in classic textbook reader/grammar; absent from required map sequence","not-established-per-lesson","not-authored-this-batch","app/data/textbook-grammar.json; app/data/grammar-explanations.json; app/learning-plan.ts; map/curriculum.ts; map/lesson-plan.ts; map/course.tsx; map/model.ts","not-registered","","0","","not-inferred-from-registration"
"NCE3-46","NCE3","46","46","直接引语改为间接引语","","","reported","reported-perspective","indexed-source-reader","existing-group-source-player; runtime-not-retested","no-indexed-comic; text/audio-fallback","gap: no lesson-specific pre-teaching diagnostic","shared-guides-by-lesson; no diagnostic routing","classic lesson-linked practice from shared guide bank; not audited as bespoke unseen context","real classic answer/pitfall check + open draft; no bespoke chain","real classic per-goal calendar-day dueAt (not minimum 24h); shared variants, not bespoke fresh banks","available in classic textbook reader/grammar; absent from required map sequence","not-established-per-lesson","not-authored-this-batch","app/data/textbook-grammar.json; app/data/grammar-explanations.json; app/learning-plan.ts; map/curriculum.ts; map/lesson-plan.ts; map/course.tsx; map/model.ts","not-registered","","0","","not-inferred-from-registration"
"NCE3-47","NCE3","47","47","there be 与关系从句的改写","","","there-be|relative","sentence-core|relative-reference","indexed-source-reader","existing-group-source-player; runtime-not-retested","no-indexed-comic; text/audio-fallback","gap: no lesson-specific pre-teaching diagnostic","shared-guides-by-lesson; no diagnostic routing","classic lesson-linked practice from shared guide bank; not audited as bespoke unseen context","real classic answer/pitfall check + open draft; no bespoke chain","real classic per-goal calendar-day dueAt (not minimum 24h); shared variants, not bespoke fresh banks","available in classic textbook reader/grammar; absent from required map sequence","not-established-per-lesson","not-authored-this-batch","app/data/textbook-grammar.json; app/data/grammar-explanations.json; app/learning-plan.ts; map/curriculum.ts; map/lesson-plan.ts; map/course.tsx; map/model.ts","not-registered","","0","","not-inferred-from-registration"
"NCE3-48","NCE3","48","48","让步从句的改写","","","concession","linking-ideas","indexed-source-reader","existing-group-source-player; runtime-not-retested","no-indexed-comic; text/audio-fallback","gap: no lesson-specific pre-teaching diagnostic","shared-guides-by-lesson; no diagnostic routing","classic lesson-linked practice from shared guide bank; not audited as bespoke unseen context","real classic answer/pitfall check + open draft; no bespoke chain","real classic per-goal calendar-day dueAt (not minimum 24h); shared variants, not bespoke fresh banks","available in classic textbook reader/grammar; absent from required map sequence","not-established-per-lesson","not-authored-this-batch","app/data/textbook-grammar.json; app/data/grammar-explanations.json; app/learning-plan.ts; map/curriculum.ts; map/lesson-plan.ts; map/course.tsx; map/model.ts","not-registered","","0","","not-inferred-from-registration"
"NCE3-49","NCE3","49","49","过去完成时与 after","","","past-perfect|time-clause","plan-timeline|past-background","indexed-source-reader","existing-group-source-player; runtime-not-retested","no-indexed-comic; text/audio-fallback","gap: no lesson-specific pre-teaching diagnostic","shared-guides-by-lesson; no diagnostic routing","classic lesson-linked practice from shared guide bank; not audited as bespoke unseen context","real classic answer/pitfall check + open draft; no bespoke chain","real classic per-goal calendar-day dueAt (not minimum 24h); shared variants, not bespoke fresh banks","available in classic textbook reader/grammar; absent from required map sequence","not-established-per-lesson","not-authored-this-batch","app/data/textbook-grammar.json; app/data/grammar-explanations.json; app/learning-plan.ts; map/curriculum.ts; map/lesson-plan.ts; map/course.tsx; map/model.ts","not-registered","","0","","not-inferred-from-registration"
"NCE3-50","NCE3","50","50","may 与 perhaps 的改写","","","may","modal-evidence","indexed-source-reader","existing-group-source-player; runtime-not-retested","no-indexed-comic; text/audio-fallback","gap: no lesson-specific pre-teaching diagnostic","shared-guides-by-lesson; no diagnostic routing","classic lesson-linked practice from shared guide bank; not audited as bespoke unseen context","real classic answer/pitfall check + open draft; no bespoke chain","real classic per-goal calendar-day dueAt (not minimum 24h); shared variants, not bespoke fresh banks","available in classic textbook reader/grammar; absent from required map sequence","not-established-per-lesson","not-authored-this-batch","app/data/textbook-grammar.json; app/data/grammar-explanations.json; app/learning-plan.ts; map/curriculum.ts; map/lesson-plan.ts; map/course.tsx; map/model.ts","not-registered","","0","","not-inferred-from-registration"
"NCE3-51","NCE3","51","51","倒装语序还原","","","inversion","information-focus","indexed-source-reader","existing-group-source-player; runtime-not-retested","no-indexed-comic; text/audio-fallback","gap: no lesson-specific pre-teaching diagnostic","shared-guides-by-lesson; no diagnostic routing","classic lesson-linked practice from shared guide bank; not audited as bespoke unseen context","real classic answer/pitfall check + open draft; no bespoke chain","real classic per-goal calendar-day dueAt (not minimum 24h); shared variants, not bespoke fresh banks","available in classic textbook reader/grammar; absent from required map sequence","not-established-per-lesson","not-authored-this-batch","app/data/textbook-grammar.json; app/data/grammar-explanations.json; app/learning-plan.ts; map/curriculum.ts; map/lesson-plan.ts; map/course.tsx; map/model.ts","not-registered","","0","","not-inferred-from-registration"
"NCE3-52","NCE3","52","52","转述与关系从句的合并","","","object-clause|relative|rewrite","reported-perspective|relative-reference|structure-rewrite","indexed-source-reader","existing-group-source-player; runtime-not-retested","no-indexed-comic; text/audio-fallback","gap: no lesson-specific pre-teaching diagnostic","shared-guides-by-lesson; no diagnostic routing","classic lesson-linked practice from shared guide bank; not audited as bespoke unseen context","real classic answer/pitfall check + open draft; no bespoke chain","real classic per-goal calendar-day dueAt (not minimum 24h); shared variants, not bespoke fresh banks","available in classic textbook reader/grammar; absent from required map sequence","not-established-per-lesson","not-authored-this-batch","app/data/textbook-grammar.json; app/data/grammar-explanations.json; app/learning-plan.ts; map/curriculum.ts; map/lesson-plan.ts; map/course.tsx; map/model.ts","not-registered","","0","","not-inferred-from-registration"
"NCE3-53","NCE3","53","53","that 从句与句型转换","","","that-clauses|rewrite","information-focus|structure-rewrite","indexed-source-reader","existing-group-source-player; runtime-not-retested","no-indexed-comic; text/audio-fallback","gap: no lesson-specific pre-teaching diagnostic","shared-guides-by-lesson; no diagnostic routing","classic lesson-linked practice from shared guide bank; not audited as bespoke unseen context","real classic answer/pitfall check + open draft; no bespoke chain","real classic per-goal calendar-day dueAt (not minimum 24h); shared variants, not bespoke fresh banks","available in classic textbook reader/grammar; absent from required map sequence","not-established-per-lesson","not-authored-this-batch","app/data/textbook-grammar.json; app/data/grammar-explanations.json; app/learning-plan.ts; map/curriculum.ts; map/lesson-plan.ts; map/course.tsx; map/model.ts","not-registered","","0","","not-inferred-from-registration"
"NCE3-54","NCE3","54","54","so…that 结果句","","","so-such","linked-vocabulary","indexed-source-reader","existing-group-source-player; runtime-not-retested","no-indexed-comic; text/audio-fallback","gap: no lesson-specific pre-teaching diagnostic","shared-guides-by-lesson; no diagnostic routing","classic lesson-linked practice from shared guide bank; not audited as bespoke unseen context","real classic answer/pitfall check + open draft; no bespoke chain","real classic per-goal calendar-day dueAt (not minimum 24h); shared variants, not bespoke fresh banks","available in classic textbook reader/grammar; absent from required map sequence","not-established-per-lesson","not-authored-this-batch","app/data/textbook-grammar.json; app/data/grammar-explanations.json; app/learning-plan.ts; map/curriculum.ts; map/lesson-plan.ts; map/course.tsx; map/model.ts","not-registered","","0","","not-inferred-from-registration"
"NCE3-55","NCE3","55","55","距离表达与句式改写","","","distance|rewrite","basic-descriptions|structure-rewrite","indexed-source-reader","existing-group-source-player; runtime-not-retested","no-indexed-comic; text/audio-fallback","gap: no lesson-specific pre-teaching diagnostic","shared-guides-by-lesson; no diagnostic routing","classic lesson-linked practice from shared guide bank; not audited as bespoke unseen context","real classic answer/pitfall check + open draft; no bespoke chain","real classic per-goal calendar-day dueAt (not minimum 24h); shared variants, not bespoke fresh banks","available in classic textbook reader/grammar; absent from required map sequence","not-established-per-lesson","not-authored-this-batch","app/data/textbook-grammar.json; app/data/grammar-explanations.json; app/learning-plan.ts; map/curriculum.ts; map/lesson-plan.ts; map/course.tsx; map/model.ts","not-registered","","0","","not-inferred-from-registration"
"NCE3-56","NCE3","56","56","原因从句与句式改写","","","reason","linking-ideas","indexed-source-reader","existing-group-source-player; runtime-not-retested","no-indexed-comic; text/audio-fallback","gap: no lesson-specific pre-teaching diagnostic","shared-guides-by-lesson; no diagnostic routing","classic lesson-linked practice from shared guide bank; not audited as bespoke unseen context","real classic answer/pitfall check + open draft; no bespoke chain","real classic per-goal calendar-day dueAt (not minimum 24h); shared variants, not bespoke fresh banks","available in classic textbook reader/grammar; absent from required map sequence","not-established-per-lesson","not-authored-this-batch","app/data/textbook-grammar.json; app/data/grammar-explanations.json; app/learning-plan.ts; map/curriculum.ts; map/lesson-plan.ts; map/course.tsx; map/model.ts","not-registered","","0","","not-inferred-from-registration"
"NCE3-57","NCE3","57","57","否定范围与句式改写","","","negative-scope","negative-precision","indexed-source-reader","existing-group-source-player; runtime-not-retested","no-indexed-comic; text/audio-fallback","gap: no lesson-specific pre-teaching diagnostic","shared-guides-by-lesson; no diagnostic routing","classic lesson-linked practice from shared guide bank; not audited as bespoke unseen context","real classic answer/pitfall check + open draft; no bespoke chain","real classic per-goal calendar-day dueAt (not minimum 24h); shared variants, not bespoke fresh banks","available in classic textbook reader/grammar; absent from required map sequence","not-established-per-lesson","not-authored-this-batch","app/data/textbook-grammar.json; app/data/grammar-explanations.json; app/learning-plan.ts; map/curriculum.ts; map/lesson-plan.ts; map/course.tsx; map/model.ts","not-registered","","0","","not-inferred-from-registration"
"NCE3-58","NCE3","58","58","转述请求和建议","","","reported-commands","reported-perspective","indexed-source-reader","existing-group-source-player; runtime-not-retested","no-indexed-comic; text/audio-fallback","gap: no lesson-specific pre-teaching diagnostic","shared-guides-by-lesson; no diagnostic routing","classic lesson-linked practice from shared guide bank; not audited as bespoke unseen context","real classic answer/pitfall check + open draft; no bespoke chain","real classic per-goal calendar-day dueAt (not minimum 24h); shared variants, not bespoke fresh banks","available in classic textbook reader/grammar; absent from required map sequence","not-established-per-lesson","not-authored-this-batch","app/data/textbook-grammar.json; app/data/grammar-explanations.json; app/learning-plan.ts; map/curriculum.ts; map/lesson-plan.ts; map/course.tsx; map/model.ts","not-registered","","0","","not-inferred-from-registration"
"NCE3-59","NCE3","59","59","it is likely 与 be likely to","","","likely","information-focus","indexed-source-reader","existing-group-source-player; runtime-not-retested","no-indexed-comic; text/audio-fallback","gap: no lesson-specific pre-teaching diagnostic","shared-guides-by-lesson; no diagnostic routing","classic lesson-linked practice from shared guide bank; not audited as bespoke unseen context","real classic answer/pitfall check + open draft; no bespoke chain","real classic per-goal calendar-day dueAt (not minimum 24h); shared variants, not bespoke fresh banks","available in classic textbook reader/grammar; absent from required map sequence","not-established-per-lesson","not-authored-this-batch","app/data/textbook-grammar.json; app/data/grammar-explanations.json; app/learning-plan.ts; map/curriculum.ts; map/lesson-plan.ts; map/course.tsx; map/model.ts","not-registered","","0","","not-inferred-from-registration"
"NCE3-60","NCE3","60","60","间接疑问句","","","indirect-question","reported-perspective","indexed-source-reader","existing-group-source-player; runtime-not-retested","no-indexed-comic; text/audio-fallback","gap: no lesson-specific pre-teaching diagnostic","shared-guides-by-lesson; no diagnostic routing","classic lesson-linked practice from shared guide bank; not audited as bespoke unseen context","real classic answer/pitfall check + open draft; no bespoke chain","real classic per-goal calendar-day dueAt (not minimum 24h); shared variants, not bespoke fresh banks","available in classic textbook reader/grammar; absent from required map sequence","not-established-per-lesson","not-authored-this-batch","app/data/textbook-grammar.json; app/data/grammar-explanations.json; app/learning-plan.ts; map/curriculum.ts; map/lesson-plan.ts; map/course.tsx; map/model.ts","not-registered","","0","","not-inferred-from-registration"
"NCE4-1","NCE4","1","1","过去分词后置修饰、say / tell","","","participle|reported","reported-perspective|requests-nonfinite","indexed-source-reader","existing-group-source-player; runtime-not-retested","no-indexed-comic; text/audio-fallback","gap: no lesson-specific pre-teaching diagnostic","shared-guides-by-lesson; no diagnostic routing","classic lesson-linked practice from shared guide bank; not audited as bespoke unseen context","real classic answer/pitfall check + open draft; no bespoke chain","real classic per-goal calendar-day dueAt (not minimum 24h); shared variants, not bespoke fresh banks","available in classic textbook reader/grammar; absent from required map sequence","not-established-per-lesson","not-authored-this-batch","app/data/textbook-grammar.json; app/data/grammar-explanations.json; app/learning-plan.ts; map/curriculum.ts; map/lesson-plan.ts; map/course.tsx; map/model.ts","not-registered","","0","","not-inferred-from-registration"
"NCE4-2","NCE4","2","2","疑问句、should 与动词结构","","","be-question|should|verb-patterns","questions-negation|modal-choice|verb-complements","indexed-source-reader","existing-group-source-player; runtime-not-retested","no-indexed-comic; text/audio-fallback","gap: no lesson-specific pre-teaching diagnostic","shared-guides-by-lesson; no diagnostic routing","classic lesson-linked practice from shared guide bank; not audited as bespoke unseen context","real classic answer/pitfall check + open draft; no bespoke chain","real classic per-goal calendar-day dueAt (not minimum 24h); shared variants, not bespoke fresh banks","available in classic textbook reader/grammar; absent from required map sequence","not-established-per-lesson","not-authored-this-batch","app/data/textbook-grammar.json; app/data/grammar-explanations.json; app/learning-plan.ts; map/curriculum.ts; map/lesson-plan.ts; map/course.tsx; map/model.ts","not-registered","","0","","not-inferred-from-registration"
"NCE4-3","NCE4","3","3","the more…the more 比较结构","","","double-comparison","linked-vocabulary","indexed-source-reader","existing-group-source-player; runtime-not-retested","no-indexed-comic; text/audio-fallback","gap: no lesson-specific pre-teaching diagnostic","shared-guides-by-lesson; no diagnostic routing","classic lesson-linked practice from shared guide bank; not audited as bespoke unseen context","real classic answer/pitfall check + open draft; no bespoke chain","real classic per-goal calendar-day dueAt (not minimum 24h); shared variants, not bespoke fresh banks","available in classic textbook reader/grammar; absent from required map sequence","not-established-per-lesson","not-authored-this-batch","app/data/textbook-grammar.json; app/data/grammar-explanations.json; app/learning-plan.ts; map/curriculum.ts; map/lesson-plan.ts; map/course.tsx; map/model.ts","not-registered","","0","","not-inferred-from-registration"
"NCE4-4","NCE4","4","4","动词时态与语态","","","verb-review|passive-forms","passive-focus|structure-rewrite","indexed-source-reader","existing-group-source-player; runtime-not-retested","no-indexed-comic; text/audio-fallback","gap: no lesson-specific pre-teaching diagnostic","shared-guides-by-lesson; no diagnostic routing","classic lesson-linked practice from shared guide bank; not audited as bespoke unseen context","real classic answer/pitfall check + open draft; no bespoke chain","real classic per-goal calendar-day dueAt (not minimum 24h); shared variants, not bespoke fresh banks","available in classic textbook reader/grammar; absent from required map sequence","not-established-per-lesson","not-authored-this-batch","app/data/textbook-grammar.json; app/data/grammar-explanations.json; app/learning-plan.ts; map/curriculum.ts; map/lesson-plan.ts; map/course.tsx; map/model.ts","not-registered","","0","","not-inferred-from-registration"
"NCE4-5","NCE4","5","5","现在进行时与 always","","","always-continuous|present-contrast","present-time|habit-change","indexed-source-reader","existing-group-source-player; runtime-not-retested","no-indexed-comic; text/audio-fallback","gap: no lesson-specific pre-teaching diagnostic","shared-guides-by-lesson; no diagnostic routing","classic lesson-linked practice from shared guide bank; not audited as bespoke unseen context","real classic answer/pitfall check + open draft; no bespoke chain","real classic per-goal calendar-day dueAt (not minimum 24h); shared variants, not bespoke fresh banks","available in classic textbook reader/grammar; absent from required map sequence","not-established-per-lesson","not-authored-this-batch","app/data/textbook-grammar.json; app/data/grammar-explanations.json; app/learning-plan.ts; map/curriculum.ts; map/lesson-plan.ts; map/course.tsx; map/model.ts","not-registered","","0","","not-inferred-from-registration"
"NCE4-6","NCE4","6","6","if 虚拟条件句","","","condition-unreal|condition-past","hypothetical-condition","indexed-source-reader","existing-group-source-player; runtime-not-retested","no-indexed-comic; text/audio-fallback","gap: no lesson-specific pre-teaching diagnostic","shared-guides-by-lesson; no diagnostic routing","classic lesson-linked practice from shared guide bank; not audited as bespoke unseen context","real classic answer/pitfall check + open draft; no bespoke chain","real classic per-goal calendar-day dueAt (not minimum 24h); shared variants, not bespoke fresh banks","available in classic textbook reader/grammar; absent from required map sequence","not-established-per-lesson","not-authored-this-batch","app/data/textbook-grammar.json; app/data/grammar-explanations.json; app/learning-plan.ts; map/curriculum.ts; map/lesson-plan.ts; map/course.tsx; map/model.ts","not-registered","","0","","not-inferred-from-registration"
"NCE4-7","NCE4","7","7","条件与目的表达","","","condition-real|purpose","linking-ideas|verb-complements","indexed-source-reader","existing-group-source-player; runtime-not-retested","no-indexed-comic; text/audio-fallback","gap: no lesson-specific pre-teaching diagnostic","shared-guides-by-lesson; no diagnostic routing","classic lesson-linked practice from shared guide bank; not audited as bespoke unseen context","real classic answer/pitfall check + open draft; no bespoke chain","real classic per-goal calendar-day dueAt (not minimum 24h); shared variants, not bespoke fresh banks","available in classic textbook reader/grammar; absent from required map sequence","not-established-per-lesson","not-authored-this-batch","app/data/textbook-grammar.json; app/data/grammar-explanations.json; app/learning-plan.ts; map/curriculum.ts; map/lesson-plan.ts; map/course.tsx; map/model.ts","not-registered","","0","","not-inferred-from-registration"
"NCE4-8","NCE4","8","8","词语和短语的位置","","","word-order|adverbs","sentence-core|comparisons","indexed-source-reader","existing-group-source-player; runtime-not-retested","no-indexed-comic; text/audio-fallback","gap: no lesson-specific pre-teaching diagnostic","shared-guides-by-lesson; no diagnostic routing","classic lesson-linked practice from shared guide bank; not audited as bespoke unseen context","real classic answer/pitfall check + open draft; no bespoke chain","real classic per-goal calendar-day dueAt (not minimum 24h); shared variants, not bespoke fresh banks","available in classic textbook reader/grammar; absent from required map sequence","not-established-per-lesson","not-authored-this-batch","app/data/textbook-grammar.json; app/data/grammar-explanations.json; app/learning-plan.ts; map/curriculum.ts; map/lesson-plan.ts; map/course.tsx; map/model.ts","not-registered","","0","","not-inferred-from-registration"
"NCE4-9","NCE4","9","9","many / much / a lot of","","","quantity","noun-reference","indexed-source-reader","existing-group-source-player; runtime-not-retested","no-indexed-comic; text/audio-fallback","gap: no lesson-specific pre-teaching diagnostic","shared-guides-by-lesson; no diagnostic routing","classic lesson-linked practice from shared guide bank; not audited as bespoke unseen context","real classic answer/pitfall check + open draft; no bespoke chain","real classic per-goal calendar-day dueAt (not minimum 24h); shared variants, not bespoke fresh banks","available in classic textbook reader/grammar; absent from required map sequence","not-established-per-lesson","not-authored-this-batch","app/data/textbook-grammar.json; app/data/grammar-explanations.json; app/learning-plan.ts; map/curriculum.ts; map/lesson-plan.ts; map/course.tsx; map/model.ts","not-registered","","0","","not-inferred-from-registration"
"NCE4-10","NCE4","10","10","冠词、动名词与时间从句","","","articles|gerund|time-clause","noun-reference|plan-timeline|verb-complements","indexed-source-reader","existing-group-source-player; runtime-not-retested","no-indexed-comic; text/audio-fallback","gap: no lesson-specific pre-teaching diagnostic","shared-guides-by-lesson; no diagnostic routing","classic lesson-linked practice from shared guide bank; not audited as bespoke unseen context","real classic answer/pitfall check + open draft; no bespoke chain","real classic per-goal calendar-day dueAt (not minimum 24h); shared variants, not bespoke fresh banks","available in classic textbook reader/grammar; absent from required map sequence","not-established-per-lesson","not-authored-this-batch","app/data/textbook-grammar.json; app/data/grammar-explanations.json; app/learning-plan.ts; map/curriculum.ts; map/lesson-plan.ts; map/course.tsx; map/model.ts","not-registered","","0","","not-inferred-from-registration"
"NCE4-11","NCE4","11","11","动词形式与语境","","","verb-review|perfect-continuous","duration-perspective|structure-rewrite","indexed-source-reader","existing-group-source-player; runtime-not-retested","no-indexed-comic; text/audio-fallback","gap: no lesson-specific pre-teaching diagnostic","shared-guides-by-lesson; no diagnostic routing","classic lesson-linked practice from shared guide bank; not audited as bespoke unseen context","real classic answer/pitfall check + open draft; no bespoke chain","real classic per-goal calendar-day dueAt (not minimum 24h); shared variants, not bespoke fresh banks","available in classic textbook reader/grammar; absent from required map sequence","not-established-per-lesson","not-authored-this-batch","app/data/textbook-grammar.json; app/data/grammar-explanations.json; app/learning-plan.ts; map/curriculum.ts; map/lesson-plan.ts; map/course.tsx; map/model.ts","not-registered","","0","","not-inferred-from-registration"
"NCE4-12","NCE4","12","12","非限制性定语从句","","","non-defining|relative","relative-reference","indexed-source-reader","existing-group-source-player; runtime-not-retested","no-indexed-comic; text/audio-fallback","gap: no lesson-specific pre-teaching diagnostic","shared-guides-by-lesson; no diagnostic routing","classic lesson-linked practice from shared guide bank; not audited as bespoke unseen context","real classic answer/pitfall check + open draft; no bespoke chain","real classic per-goal calendar-day dueAt (not minimum 24h); shared variants, not bespoke fresh banks","available in classic textbook reader/grammar; absent from required map sequence","not-established-per-lesson","not-authored-this-batch","app/data/textbook-grammar.json; app/data/grammar-explanations.json; app/learning-plan.ts; map/curriculum.ts; map/lesson-plan.ts; map/course.tsx; map/model.ts","not-registered","","0","","not-inferred-from-registration"
"NCE4-13","NCE4","13","13","must / need / have to","","","obligation|need-doing","modal-choice|passive-focus","indexed-source-reader","existing-group-source-player; runtime-not-retested","no-indexed-comic; text/audio-fallback","gap: no lesson-specific pre-teaching diagnostic","shared-guides-by-lesson; no diagnostic routing","classic lesson-linked practice from shared guide bank; not audited as bespoke unseen context","real classic answer/pitfall check + open draft; no bespoke chain","real classic per-goal calendar-day dueAt (not minimum 24h); shared variants, not bespoke fresh banks","available in classic textbook reader/grammar; absent from required map sequence","not-established-per-lesson","not-authored-this-batch","app/data/textbook-grammar.json; app/data/grammar-explanations.json; app/learning-plan.ts; map/curriculum.ts; map/lesson-plan.ts; map/course.tsx; map/model.ts","not-registered","","0","","not-inferred-from-registration"
"NCE4-14","NCE4","14","14","分词结构与合句","","","participle|complex-sentences","linking-ideas|requests-nonfinite","indexed-source-reader","existing-group-source-player; runtime-not-retested","no-indexed-comic; text/audio-fallback","gap: no lesson-specific pre-teaching diagnostic","shared-guides-by-lesson; no diagnostic routing","classic lesson-linked practice from shared guide bank; not audited as bespoke unseen context","real classic answer/pitfall check + open draft; no bespoke chain","real classic per-goal calendar-day dueAt (not minimum 24h); shared variants, not bespoke fresh banks","available in classic textbook reader/grammar; absent from required map sequence","not-established-per-lesson","not-authored-this-batch","app/data/textbook-grammar.json; app/data/grammar-explanations.json; app/learning-plan.ts; map/curriculum.ts; map/lesson-plan.ts; map/course.tsx; map/model.ts","not-registered","","0","","not-inferred-from-registration"
"NCE4-15","NCE4","15","15","主被动转换","","","passive|rewrite","passive-focus|structure-rewrite","indexed-source-reader","existing-group-source-player; runtime-not-retested","no-indexed-comic; text/audio-fallback","gap: no lesson-specific pre-teaching diagnostic","shared-guides-by-lesson; no diagnostic routing","classic lesson-linked practice from shared guide bank; not audited as bespoke unseen context","real classic answer/pitfall check + open draft; no bespoke chain","real classic per-goal calendar-day dueAt (not minimum 24h); shared variants, not bespoke fresh banks","available in classic textbook reader/grammar; absent from required map sequence","not-established-per-lesson","not-authored-this-batch","app/data/textbook-grammar.json; app/data/grammar-explanations.json; app/learning-plan.ts; map/curriculum.ts; map/lesson-plan.ts; map/course.tsx; map/model.ts","not-registered","","0","","not-inferred-from-registration"
"NCE4-16","NCE4","16","16","动词形式的选择","","","verb-review|verb-patterns","verb-complements|structure-rewrite","indexed-source-reader","existing-group-source-player; runtime-not-retested","no-indexed-comic; text/audio-fallback","gap: no lesson-specific pre-teaching diagnostic","shared-guides-by-lesson; no diagnostic routing","classic lesson-linked practice from shared guide bank; not audited as bespoke unseen context","real classic answer/pitfall check + open draft; no bespoke chain","real classic per-goal calendar-day dueAt (not minimum 24h); shared variants, not bespoke fresh banks","available in classic textbook reader/grammar; absent from required map sequence","not-established-per-lesson","not-authored-this-batch","app/data/textbook-grammar.json; app/data/grammar-explanations.json; app/learning-plan.ts; map/curriculum.ts; map/lesson-plan.ts; map/course.tsx; map/model.ts","not-registered","","0","","not-inferred-from-registration"
"NCE4-17","NCE4","17","17","副词和短语的位置","","","adverbs|word-order","sentence-core|comparisons","indexed-source-reader","existing-group-source-player; runtime-not-retested","no-indexed-comic; text/audio-fallback","gap: no lesson-specific pre-teaching diagnostic","shared-guides-by-lesson; no diagnostic routing","classic lesson-linked practice from shared guide bank; not audited as bespoke unseen context","real classic answer/pitfall check + open draft; no bespoke chain","real classic per-goal calendar-day dueAt (not minimum 24h); shared variants, not bespoke fresh banks","available in classic textbook reader/grammar; absent from required map sequence","not-established-per-lesson","not-authored-this-batch","app/data/textbook-grammar.json; app/data/grammar-explanations.json; app/learning-plan.ts; map/curriculum.ts; map/lesson-plan.ts; map/course.tsx; map/model.ts","not-registered","","0","","not-inferred-from-registration"
"NCE4-18","NCE4","18","18","动词形式综合运用","","","verb-review|nonfinite","requests-nonfinite|structure-rewrite","indexed-source-reader","existing-group-source-player; runtime-not-retested","no-indexed-comic; text/audio-fallback","gap: no lesson-specific pre-teaching diagnostic","shared-guides-by-lesson; no diagnostic routing","classic lesson-linked practice from shared guide bank; not audited as bespoke unseen context","real classic answer/pitfall check + open draft; no bespoke chain","real classic per-goal calendar-day dueAt (not minimum 24h); shared variants, not bespoke fresh banks","available in classic textbook reader/grammar; absent from required map sequence","not-established-per-lesson","not-authored-this-batch","app/data/textbook-grammar.json; app/data/grammar-explanations.json; app/learning-plan.ts; map/curriculum.ts; map/lesson-plan.ts; map/course.tsx; map/model.ts","not-registered","","0","","not-inferred-from-registration"
"NCE4-19","NCE4","19","19","介词与搭配","","","verb-prepositions","verb-complements","indexed-source-reader","existing-group-source-player; runtime-not-retested","no-indexed-comic; text/audio-fallback","gap: no lesson-specific pre-teaching diagnostic","shared-guides-by-lesson; no diagnostic routing","classic lesson-linked practice from shared guide bank; not audited as bespoke unseen context","real classic answer/pitfall check + open draft; no bespoke chain","real classic per-goal calendar-day dueAt (not minimum 24h); shared variants, not bespoke fresh banks","available in classic textbook reader/grammar; absent from required map sequence","not-established-per-lesson","not-authored-this-batch","app/data/textbook-grammar.json; app/data/grammar-explanations.json; app/learning-plan.ts; map/curriculum.ts; map/lesson-plan.ts; map/course.tsx; map/model.ts","not-registered","","0","","not-inferred-from-registration"
"NCE4-20","NCE4","20","20","could have 与完成式情态表达","","","could-have|deduction-past","modal-evidence","indexed-source-reader","existing-group-source-player; runtime-not-retested","no-indexed-comic; text/audio-fallback","gap: no lesson-specific pre-teaching diagnostic","shared-guides-by-lesson; no diagnostic routing","classic lesson-linked practice from shared guide bank; not audited as bespoke unseen context","real classic answer/pitfall check + open draft; no bespoke chain","real classic per-goal calendar-day dueAt (not minimum 24h); shared variants, not bespoke fresh banks","available in classic textbook reader/grammar; absent from required map sequence","not-established-per-lesson","not-authored-this-batch","app/data/textbook-grammar.json; app/data/grammar-explanations.json; app/learning-plan.ts; map/curriculum.ts; map/lesson-plan.ts; map/course.tsx; map/model.ts","not-registered","","0","","not-inferred-from-registration"
"NCE4-21","NCE4","21","21","关系词省略与关系从句","","","relative-omission|relative","relative-reference","indexed-source-reader","existing-group-source-player; runtime-not-retested","no-indexed-comic; text/audio-fallback","gap: no lesson-specific pre-teaching diagnostic","shared-guides-by-lesson; no diagnostic routing","classic lesson-linked practice from shared guide bank; not audited as bespoke unseen context","real classic answer/pitfall check + open draft; no bespoke chain","real classic per-goal calendar-day dueAt (not minimum 24h); shared variants, not bespoke fresh banks","available in classic textbook reader/grammar; absent from required map sequence","not-established-per-lesson","not-authored-this-batch","app/data/textbook-grammar.json; app/data/grammar-explanations.json; app/learning-plan.ts; map/curriculum.ts; map/lesson-plan.ts; map/course.tsx; map/model.ts","not-registered","","0","","not-inferred-from-registration"
"NCE4-22","NCE4","22","22","动词时态与语态","","","verb-review|passive-forms","passive-focus|structure-rewrite","indexed-source-reader","existing-group-source-player; runtime-not-retested","no-indexed-comic; text/audio-fallback","gap: no lesson-specific pre-teaching diagnostic","shared-guides-by-lesson; no diagnostic routing","classic lesson-linked practice from shared guide bank; not audited as bespoke unseen context","real classic answer/pitfall check + open draft; no bespoke chain","real classic per-goal calendar-day dueAt (not minimum 24h); shared variants, not bespoke fresh banks","available in classic textbook reader/grammar; absent from required map sequence","not-established-per-lesson","not-authored-this-batch","app/data/textbook-grammar.json; app/data/grammar-explanations.json; app/learning-plan.ts; map/curriculum.ts; map/lesson-plan.ts; map/course.tsx; map/model.ts","not-registered","","0","","not-inferred-from-registration"
"NCE4-23","NCE4","23","23","冠词的使用与省略","","","articles","noun-reference","indexed-source-reader","existing-group-source-player; runtime-not-retested","no-indexed-comic; text/audio-fallback","gap: no lesson-specific pre-teaching diagnostic","shared-guides-by-lesson; no diagnostic routing","classic lesson-linked practice from shared guide bank; not audited as bespoke unseen context","real classic answer/pitfall check + open draft; no bespoke chain","real classic per-goal calendar-day dueAt (not minimum 24h); shared variants, not bespoke fresh banks","available in classic textbook reader/grammar; absent from required map sequence","not-established-per-lesson","not-authored-this-batch","app/data/textbook-grammar.json; app/data/grammar-explanations.json; app/learning-plan.ts; map/curriculum.ts; map/lesson-plan.ts; map/course.tsx; map/model.ts","not-registered","","0","","not-inferred-from-registration"
"NCE4-24","NCE4","24","24","must 表示推测与义务","","","deduction-now|obligation","modal-choice|modal-evidence","indexed-source-reader","existing-group-source-player; runtime-not-retested","no-indexed-comic; text/audio-fallback","gap: no lesson-specific pre-teaching diagnostic","shared-guides-by-lesson; no diagnostic routing","classic lesson-linked practice from shared guide bank; not audited as bespoke unseen context","real classic answer/pitfall check + open draft; no bespoke chain","real classic per-goal calendar-day dueAt (not minimum 24h); shared variants, not bespoke fresh banks","available in classic textbook reader/grammar; absent from required map sequence","not-established-per-lesson","not-authored-this-batch","app/data/textbook-grammar.json; app/data/grammar-explanations.json; app/learning-plan.ts; map/curriculum.ts; map/lesson-plan.ts; map/course.tsx; map/model.ts","not-registered","","0","","not-inferred-from-registration"
"NCE4-25","NCE4","25","25","非限制性定语从句的扩展","","","non-defining","relative-reference","indexed-source-reader","existing-group-source-player; runtime-not-retested","no-indexed-comic; text/audio-fallback","gap: no lesson-specific pre-teaching diagnostic","shared-guides-by-lesson; no diagnostic routing","classic lesson-linked practice from shared guide bank; not audited as bespoke unseen context","real classic answer/pitfall check + open draft; no bespoke chain","real classic per-goal calendar-day dueAt (not minimum 24h); shared variants, not bespoke fresh banks","available in classic textbook reader/grammar; absent from required map sequence","not-established-per-lesson","not-authored-this-batch","app/data/textbook-grammar.json; app/data/grammar-explanations.json; app/learning-plan.ts; map/curriculum.ts; map/lesson-plan.ts; map/course.tsx; map/model.ts","not-registered","","0","","not-inferred-from-registration"
"NCE4-26","NCE4","26","26","时间从句中的动词形式","","","time-clause|past-perfect","plan-timeline|past-background","indexed-source-reader","existing-group-source-player; runtime-not-retested","no-indexed-comic; text/audio-fallback","gap: no lesson-specific pre-teaching diagnostic","shared-guides-by-lesson; no diagnostic routing","classic lesson-linked practice from shared guide bank; not audited as bespoke unseen context","real classic answer/pitfall check + open draft; no bespoke chain","real classic per-goal calendar-day dueAt (not minimum 24h); shared variants, not bespoke fresh banks","available in classic textbook reader/grammar; absent from required map sequence","not-established-per-lesson","not-authored-this-batch","app/data/textbook-grammar.json; app/data/grammar-explanations.json; app/learning-plan.ts; map/curriculum.ts; map/lesson-plan.ts; map/course.tsx; map/model.ts","not-registered","","0","","not-inferred-from-registration"
"NCE4-27","NCE4","27","27","动词形式综合运用","","","verb-review|nonfinite-passive","requests-nonfinite|structure-rewrite","indexed-source-reader","existing-group-source-player; runtime-not-retested","no-indexed-comic; text/audio-fallback","gap: no lesson-specific pre-teaching diagnostic","shared-guides-by-lesson; no diagnostic routing","classic lesson-linked practice from shared guide bank; not audited as bespoke unseen context","real classic answer/pitfall check + open draft; no bespoke chain","real classic per-goal calendar-day dueAt (not minimum 24h); shared variants, not bespoke fresh banks","available in classic textbook reader/grammar; absent from required map sequence","not-established-per-lesson","not-authored-this-batch","app/data/textbook-grammar.json; app/data/grammar-explanations.json; app/learning-plan.ts; map/curriculum.ts; map/lesson-plan.ts; map/course.tsx; map/model.ts","not-registered","","0","","not-inferred-from-registration"
"NCE4-28","NCE4","28","28","the same as 与 different from","","","same-different","linked-vocabulary","indexed-source-reader","existing-group-source-player; runtime-not-retested","no-indexed-comic; text/audio-fallback","gap: no lesson-specific pre-teaching diagnostic","shared-guides-by-lesson; no diagnostic routing","classic lesson-linked practice from shared guide bank; not audited as bespoke unseen context","real classic answer/pitfall check + open draft; no bespoke chain","real classic per-goal calendar-day dueAt (not minimum 24h); shared variants, not bespoke fresh banks","available in classic textbook reader/grammar; absent from required map sequence","not-established-per-lesson","not-authored-this-batch","app/data/textbook-grammar.json; app/data/grammar-explanations.json; app/learning-plan.ts; map/curriculum.ts; map/lesson-plan.ts; map/course.tsx; map/model.ts","not-registered","","0","","not-inferred-from-registration"
"NCE4-29","NCE4","29","29","独立主格与 being","","","absolute|participle","requests-nonfinite","indexed-source-reader","existing-group-source-player; runtime-not-retested","no-indexed-comic; text/audio-fallback","gap: no lesson-specific pre-teaching diagnostic","shared-guides-by-lesson; no diagnostic routing","classic lesson-linked practice from shared guide bank; not audited as bespoke unseen context","real classic answer/pitfall check + open draft; no bespoke chain","real classic per-goal calendar-day dueAt (not minimum 24h); shared variants, not bespoke fresh banks","available in classic textbook reader/grammar; absent from required map sequence","not-established-per-lesson","not-authored-this-batch","app/data/textbook-grammar.json; app/data/grammar-explanations.json; app/learning-plan.ts; map/curriculum.ts; map/lesson-plan.ts; map/course.tsx; map/model.ts","not-registered","","0","","not-inferred-from-registration"
"NCE4-30","NCE4","30","30","动词时态与语态","","","verb-review|passive","passive-focus|structure-rewrite","indexed-source-reader","existing-group-source-player; runtime-not-retested","no-indexed-comic; text/audio-fallback","gap: no lesson-specific pre-teaching diagnostic","shared-guides-by-lesson; no diagnostic routing","classic lesson-linked practice from shared guide bank; not audited as bespoke unseen context","real classic answer/pitfall check + open draft; no bespoke chain","real classic per-goal calendar-day dueAt (not minimum 24h); shared variants, not bespoke fresh banks","available in classic textbook reader/grammar; absent from required map sequence","not-established-per-lesson","not-authored-this-batch","app/data/textbook-grammar.json; app/data/grammar-explanations.json; app/learning-plan.ts; map/curriculum.ts; map/lesson-plan.ts; map/course.tsx; map/model.ts","not-registered","","0","","not-inferred-from-registration"
"NCE4-31","NCE4","31","31","比较、程度与介词表达","","","comparison|degree|verb-prepositions","comparisons|verb-complements","indexed-source-reader","existing-group-source-player; runtime-not-retested","no-indexed-comic; text/audio-fallback","gap: no lesson-specific pre-teaching diagnostic","shared-guides-by-lesson; no diagnostic routing","classic lesson-linked practice from shared guide bank; not audited as bespoke unseen context","real classic answer/pitfall check + open draft; no bespoke chain","real classic per-goal calendar-day dueAt (not minimum 24h); shared variants, not bespoke fresh banks","available in classic textbook reader/grammar; absent from required map sequence","not-established-per-lesson","not-authored-this-batch","app/data/textbook-grammar.json; app/data/grammar-explanations.json; app/learning-plan.ts; map/curriculum.ts; map/lesson-plan.ts; map/course.tsx; map/model.ts","not-registered","","0","","not-inferred-from-registration"
"NCE4-32","NCE4","32","32","介词与短语搭配","","","verb-prepositions|phrasal-verbs","verb-complements|linked-vocabulary","indexed-source-reader","existing-group-source-player; runtime-not-retested","no-indexed-comic; text/audio-fallback","gap: no lesson-specific pre-teaching diagnostic","shared-guides-by-lesson; no diagnostic routing","classic lesson-linked practice from shared guide bank; not audited as bespoke unseen context","real classic answer/pitfall check + open draft; no bespoke chain","real classic per-goal calendar-day dueAt (not minimum 24h); shared variants, not bespoke fresh banks","available in classic textbook reader/grammar; absent from required map sequence","not-established-per-lesson","not-authored-this-batch","app/data/textbook-grammar.json; app/data/grammar-explanations.json; app/learning-plan.ts; map/curriculum.ts; map/lesson-plan.ts; map/course.tsx; map/model.ts","not-registered","","0","","not-inferred-from-registration"
"NCE4-33","NCE4","33","33","介词搭配与语境","","","verb-prepositions","verb-complements","indexed-source-reader","existing-group-source-player; runtime-not-retested","no-indexed-comic; text/audio-fallback","gap: no lesson-specific pre-teaching diagnostic","shared-guides-by-lesson; no diagnostic routing","classic lesson-linked practice from shared guide bank; not audited as bespoke unseen context","real classic answer/pitfall check + open draft; no bespoke chain","real classic per-goal calendar-day dueAt (not minimum 24h); shared variants, not bespoke fresh banks","available in classic textbook reader/grammar; absent from required map sequence","not-established-per-lesson","not-authored-this-batch","app/data/textbook-grammar.json; app/data/grammar-explanations.json; app/learning-plan.ts; map/curriculum.ts; map/lesson-plan.ts; map/course.tsx; map/model.ts","not-registered","","0","","not-inferred-from-registration"
"NCE4-34","NCE4","34","34","副词和短语位置","","","adverbs","comparisons","indexed-source-reader","existing-group-source-player; runtime-not-retested","no-indexed-comic; text/audio-fallback","gap: no lesson-specific pre-teaching diagnostic","shared-guides-by-lesson; no diagnostic routing","classic lesson-linked practice from shared guide bank; not audited as bespoke unseen context","real classic answer/pitfall check + open draft; no bespoke chain","real classic per-goal calendar-day dueAt (not minimum 24h); shared variants, not bespoke fresh banks","available in classic textbook reader/grammar; absent from required map sequence","not-established-per-lesson","not-authored-this-batch","app/data/textbook-grammar.json; app/data/grammar-explanations.json; app/learning-plan.ts; map/curriculum.ts; map/lesson-plan.ts; map/course.tsx; map/model.ts","not-registered","","0","","not-inferred-from-registration"
"NCE4-35","NCE4","35","35","介词与短语搭配","","","verb-prepositions|phrasal-verbs","verb-complements|linked-vocabulary","indexed-source-reader","existing-group-source-player; runtime-not-retested","no-indexed-comic; text/audio-fallback","gap: no lesson-specific pre-teaching diagnostic","shared-guides-by-lesson; no diagnostic routing","classic lesson-linked practice from shared guide bank; not audited as bespoke unseen context","real classic answer/pitfall check + open draft; no bespoke chain","real classic per-goal calendar-day dueAt (not minimum 24h); shared variants, not bespoke fresh banks","available in classic textbook reader/grammar; absent from required map sequence","not-established-per-lesson","not-authored-this-batch","app/data/textbook-grammar.json; app/data/grammar-explanations.json; app/learning-plan.ts; map/curriculum.ts; map/lesson-plan.ts; map/course.tsx; map/model.ts","not-registered","","0","","not-inferred-from-registration"
"NCE4-36","NCE4","36","36","非谓语动词形式","","","nonfinite|participle","requests-nonfinite","indexed-source-reader","existing-group-source-player; runtime-not-retested","no-indexed-comic; text/audio-fallback","gap: no lesson-specific pre-teaching diagnostic","shared-guides-by-lesson; no diagnostic routing","classic lesson-linked practice from shared guide bank; not audited as bespoke unseen context","real classic answer/pitfall check + open draft; no bespoke chain","real classic per-goal calendar-day dueAt (not minimum 24h); shared variants, not bespoke fresh banks","available in classic textbook reader/grammar; absent from required map sequence","not-established-per-lesson","not-authored-this-batch","app/data/textbook-grammar.json; app/data/grammar-explanations.json; app/learning-plan.ts; map/curriculum.ts; map/lesson-plan.ts; map/course.tsx; map/model.ts","not-registered","","0","","not-inferred-from-registration"
"NCE4-37","NCE4","37","37","定冠词的使用与省略","","","articles","noun-reference","indexed-source-reader","existing-group-source-player; runtime-not-retested","no-indexed-comic; text/audio-fallback","gap: no lesson-specific pre-teaching diagnostic","shared-guides-by-lesson; no diagnostic routing","classic lesson-linked practice from shared guide bank; not audited as bespoke unseen context","real classic answer/pitfall check + open draft; no bespoke chain","real classic per-goal calendar-day dueAt (not minimum 24h); shared variants, not bespoke fresh banks","available in classic textbook reader/grammar; absent from required map sequence","not-established-per-lesson","not-authored-this-batch","app/data/textbook-grammar.json; app/data/grammar-explanations.json; app/learning-plan.ts; map/curriculum.ts; map/lesson-plan.ts; map/course.tsx; map/model.ts","not-registered","","0","","not-inferred-from-registration"
"NCE4-38","NCE4","38","38","should 与被动语态","","","should|passive-forms","modal-choice|passive-focus","indexed-source-reader","existing-group-source-player; runtime-not-retested","no-indexed-comic; text/audio-fallback","gap: no lesson-specific pre-teaching diagnostic","shared-guides-by-lesson; no diagnostic routing","classic lesson-linked practice from shared guide bank; not audited as bespoke unseen context","real classic answer/pitfall check + open draft; no bespoke chain","real classic per-goal calendar-day dueAt (not minimum 24h); shared variants, not bespoke fresh banks","available in classic textbook reader/grammar; absent from required map sequence","not-established-per-lesson","not-authored-this-batch","app/data/textbook-grammar.json; app/data/grammar-explanations.json; app/learning-plan.ts; map/curriculum.ts; map/lesson-plan.ts; map/course.tsx; map/model.ts","not-registered","","0","","not-inferred-from-registration"
"NCE4-39","NCE4","39","39","关系代词与省略","","","relative-omission|relative","relative-reference","indexed-source-reader","existing-group-source-player; runtime-not-retested","no-indexed-comic; text/audio-fallback","gap: no lesson-specific pre-teaching diagnostic","shared-guides-by-lesson; no diagnostic routing","classic lesson-linked practice from shared guide bank; not audited as bespoke unseen context","real classic answer/pitfall check + open draft; no bespoke chain","real classic per-goal calendar-day dueAt (not minimum 24h); shared variants, not bespoke fresh banks","available in classic textbook reader/grammar; absent from required map sequence","not-established-per-lesson","not-authored-this-batch","app/data/textbook-grammar.json; app/data/grammar-explanations.json; app/learning-plan.ts; map/curriculum.ts; map/lesson-plan.ts; map/course.tsx; map/model.ts","not-registered","","0","","not-inferred-from-registration"
"NCE4-40","NCE4","40","40","动词形式综合运用","","","verb-review|nonfinite","requests-nonfinite|structure-rewrite","indexed-source-reader","existing-group-source-player; runtime-not-retested","no-indexed-comic; text/audio-fallback","gap: no lesson-specific pre-teaching diagnostic","shared-guides-by-lesson; no diagnostic routing","classic lesson-linked practice from shared guide bank; not audited as bespoke unseen context","real classic answer/pitfall check + open draft; no bespoke chain","real classic per-goal calendar-day dueAt (not minimum 24h); shared variants, not bespoke fresh banks","available in classic textbook reader/grammar; absent from required map sequence","not-established-per-lesson","not-authored-this-batch","app/data/textbook-grammar.json; app/data/grammar-explanations.json; app/learning-plan.ts; map/curriculum.ts; map/lesson-plan.ts; map/course.tsx; map/model.ts","not-registered","","0","","not-inferred-from-registration"
"NCE4-41","NCE4","41","41","指代动物的 who 与关系从句","","","relative","relative-reference","indexed-source-reader","existing-group-source-player; runtime-not-retested","no-indexed-comic; text/audio-fallback","gap: no lesson-specific pre-teaching diagnostic","shared-guides-by-lesson; no diagnostic routing","classic lesson-linked practice from shared guide bank; not audited as bespoke unseen context","real classic answer/pitfall check + open draft; no bespoke chain","real classic per-goal calendar-day dueAt (not minimum 24h); shared variants, not bespoke fresh banks","available in classic textbook reader/grammar; absent from required map sequence","not-established-per-lesson","not-authored-this-batch","app/data/textbook-grammar.json; app/data/grammar-explanations.json; app/learning-plan.ts; map/curriculum.ts; map/lesson-plan.ts; map/course.tsx; map/model.ts","not-registered","","0","","not-inferred-from-registration"
"NCE4-42","NCE4","42","42","if 条件句与句式补全","","","condition-real|condition-unreal|condition-past","linking-ideas|hypothetical-condition","indexed-source-reader","existing-group-source-player; runtime-not-retested","no-indexed-comic; text/audio-fallback","gap: no lesson-specific pre-teaching diagnostic","shared-guides-by-lesson; no diagnostic routing","classic lesson-linked practice from shared guide bank; not audited as bespoke unseen context","real classic answer/pitfall check + open draft; no bespoke chain","real classic per-goal calendar-day dueAt (not minimum 24h); shared variants, not bespoke fresh banks","available in classic textbook reader/grammar; absent from required map sequence","not-established-per-lesson","not-authored-this-batch","app/data/textbook-grammar.json; app/data/grammar-explanations.json; app/learning-plan.ts; map/curriculum.ts; map/lesson-plan.ts; map/course.tsx; map/model.ts","not-registered","","0","","not-inferred-from-registration"
"NCE4-43","NCE4","43","43","be bound / sure / about / due to","","","future-be","extended-timeline","indexed-source-reader","existing-group-source-player; runtime-not-retested","no-indexed-comic; text/audio-fallback","gap: no lesson-specific pre-teaching diagnostic","shared-guides-by-lesson; no diagnostic routing","classic lesson-linked practice from shared guide bank; not audited as bespoke unseen context","real classic answer/pitfall check + open draft; no bespoke chain","real classic per-goal calendar-day dueAt (not minimum 24h); shared variants, not bespoke fresh banks","available in classic textbook reader/grammar; absent from required map sequence","not-established-per-lesson","not-authored-this-batch","app/data/textbook-grammar.json; app/data/grammar-explanations.json; app/learning-plan.ts; map/curriculum.ts; map/lesson-plan.ts; map/course.tsx; map/model.ts","not-registered","","0","","not-inferred-from-registration"
"NCE4-44","NCE4","44","44","保留原意的句型转换","","","rewrite","structure-rewrite","indexed-source-reader","existing-group-source-player; runtime-not-retested","no-indexed-comic; text/audio-fallback","gap: no lesson-specific pre-teaching diagnostic","shared-guides-by-lesson; no diagnostic routing","classic lesson-linked practice from shared guide bank; not audited as bespoke unseen context","real classic answer/pitfall check + open draft; no bespoke chain","real classic per-goal calendar-day dueAt (not minimum 24h); shared variants, not bespoke fresh banks","available in classic textbook reader/grammar; absent from required map sequence","not-established-per-lesson","not-authored-this-batch","app/data/textbook-grammar.json; app/data/grammar-explanations.json; app/learning-plan.ts; map/curriculum.ts; map/lesson-plan.ts; map/course.tsx; map/model.ts","not-registered","","0","","not-inferred-from-registration"
"NCE4-45","NCE4","45","45","must have been 与 had to be","","","deduction-past|obligation","modal-choice|modal-evidence","indexed-source-reader","existing-group-source-player; runtime-not-retested","no-indexed-comic; text/audio-fallback","gap: no lesson-specific pre-teaching diagnostic","shared-guides-by-lesson; no diagnostic routing","classic lesson-linked practice from shared guide bank; not audited as bespoke unseen context","real classic answer/pitfall check + open draft; no bespoke chain","real classic per-goal calendar-day dueAt (not minimum 24h); shared variants, not bespoke fresh banks","available in classic textbook reader/grammar; absent from required map sequence","not-established-per-lesson","not-authored-this-batch","app/data/textbook-grammar.json; app/data/grammar-explanations.json; app/learning-plan.ts; map/curriculum.ts; map/lesson-plan.ts; map/course.tsx; map/model.ts","not-registered","","0","","not-inferred-from-registration"
"NCE4-46","NCE4","46","46","it is…to 与句式补全","","","formal-it","information-focus","indexed-source-reader","existing-group-source-player; runtime-not-retested","no-indexed-comic; text/audio-fallback","gap: no lesson-specific pre-teaching diagnostic","shared-guides-by-lesson; no diagnostic routing","classic lesson-linked practice from shared guide bank; not audited as bespoke unseen context","real classic answer/pitfall check + open draft; no bespoke chain","real classic per-goal calendar-day dueAt (not minimum 24h); shared variants, not bespoke fresh banks","available in classic textbook reader/grammar; absent from required map sequence","not-established-per-lesson","not-authored-this-batch","app/data/textbook-grammar.json; app/data/grammar-explanations.json; app/learning-plan.ts; map/curriculum.ts; map/lesson-plan.ts; map/course.tsx; map/model.ts","not-registered","","0","","not-inferred-from-registration"
"NCE4-47","NCE4","47","47","让步关系与句型转换","","","concession|rewrite","linking-ideas|structure-rewrite","indexed-source-reader","existing-group-source-player; runtime-not-retested","no-indexed-comic; text/audio-fallback","gap: no lesson-specific pre-teaching diagnostic","shared-guides-by-lesson; no diagnostic routing","classic lesson-linked practice from shared guide bank; not audited as bespoke unseen context","real classic answer/pitfall check + open draft; no bespoke chain","real classic per-goal calendar-day dueAt (not minimum 24h); shared variants, not bespoke fresh banks","available in classic textbook reader/grammar; absent from required map sequence","not-established-per-lesson","not-authored-this-batch","app/data/textbook-grammar.json; app/data/grammar-explanations.json; app/learning-plan.ts; map/curriculum.ts; map/lesson-plan.ts; map/course.tsx; map/model.ts","not-registered","","0","","not-inferred-from-registration"
"NCE4-48","NCE4","48","48","冠词与 if 条件句","","","articles|condition-real|condition-unreal","noun-reference|linking-ideas|hypothetical-condition","indexed-source-reader","existing-group-source-player; runtime-not-retested","no-indexed-comic; text/audio-fallback","gap: no lesson-specific pre-teaching diagnostic","shared-guides-by-lesson; no diagnostic routing","classic lesson-linked practice from shared guide bank; not audited as bespoke unseen context","real classic answer/pitfall check + open draft; no bespoke chain","real classic per-goal calendar-day dueAt (not minimum 24h); shared variants, not bespoke fresh banks","available in classic textbook reader/grammar; absent from required map sequence","not-established-per-lesson","not-authored-this-batch","app/data/textbook-grammar.json; app/data/grammar-explanations.json; app/learning-plan.ts; map/curriculum.ts; map/lesson-plan.ts; map/course.tsx; map/model.ts","not-registered","","0","","not-inferred-from-registration"
