"requirement_id","skill","variant","taxonomy","stage","status","planned_node_id","current_map_nodes","activity","expected_evidence","planned_minimum_product_choice","material_unit","authored_count","qa_verified_count","fresh_sets_verified","performance_audio_models_verified","material_ids","code_evidence","gap","official_sources"
"L01","listening","academic","official-family-variant","explain","partial","ielts-plan.L01.explain","listening-locate;listening-types;listening-full","讲清比较整句意思，选最终被支持的信息；听到相同词不等于答案。 加一个作答指令理解检查。","可读/可播放的真实内容及理解或产出检查；仅存在规划文字不算学过。","1","explanations","1","unknown","unknown","0","ielts-l1;ielts-l2;ielts-l3;ielts-l4;ielts-l5;ielts-l6;ielts-l7;ielts-l8","app/data/ielts.json#listening.questions;app/ielts-journey-content.ts#hear-correction","同一段TTS对话8道单选；说明/答案解释已有，没有解题示范、引导或鲜题库；重播/原文/先看反馈不记录；复做缺音频上下文。 旧经典路线：1示范/1引导选择/3文本短核对；主地图没有该节点。只是改口桥接，3文本回忆题不是音频听力题。","https://ielts.org/take-a-test/test-types/ielts-academic-test/ielts-academic-format-listening :: multiple-choice :: format"
"L01","listening","academic","official-family-variant","model","partial","ielts-plan.L01.model","listening-locate;listening-types;listening-full","原创预约对话中演示先提到旧安排、随后改口；标出最后确认处，并解释最相近干扰项。","可读/可播放的真实内容及理解或产出检查；仅存在规划文字不算学过。","1","models","0","0","unknown","0","","app/ielts-journey-content.ts#hear-correction","旧经典路线：1示范/1引导选择/3文本短核对；主地图没有该节点。只是改口桥接，3文本回忆题不是音频听力题。","https://ielts.org/take-a-test/test-types/ielts-academic-test/ielts-academic-format-listening :: multiple-choice :: format"
"L01","listening","academic","official-family-variant","guided","partial","ielts-plan.L01.guided","listening-locate;listening-types;listening-full","先为三个选项分类支持/否定/只提到，再用时间戳排除一个。","可读/可播放的真实内容及理解或产出检查；仅存在规划文字不算学过。","3","workflows","0","0","unknown","0","","app/ielts-journey-content.ts#hear-correction","旧经典路线：1示范/1引导选择/3文本短核对；主地图没有该节点。只是改口桥接，3文本回忆题不是音频听力题。","https://ielts.org/take-a-test/test-types/ielts-academic-test/ielts-academic-format-listening :: multiple-choice :: format"
"L01","listening","academic","official-family-variant","independent","partial","ielts-plan.L01.independent","listening-locate;listening-types;listening-full","在新的生活/教育对话或独白，最终覆盖四部分与不同清晰英语口音做不同于示范/跟练的首答；撤去提示、中文与参考答案。观察：指出最终答案的音频依据并解释干扰项。","保留新材料与题号、首答、实际支持/用时条件及反馈来源；看到模型、重播或AI改写要标辅助。","5","items","8","unknown","unknown","0","ielts-l1;ielts-l2;ielts-l3;ielts-l4;ielts-l5;ielts-l6;ielts-l7;ielts-l8","app/data/ielts.json#listening.questions;app/ielts-journey-content.ts#hear-correction","同一段TTS对话8道单选；说明/答案解释已有，没有解题示范、引导或鲜题库；重播/原文/先看反馈不记录；复做缺音频上下文。 旧经典路线：1示范/1引导选择/3文本短核对；主地图没有该节点。只是改口桥接，3文本回忆题不是音频听力题。","https://ielts.org/take-a-test/test-types/ielts-academic-test/ielts-academic-format-listening :: multiple-choice :: format"
"L01","listening","academic","official-family-variant","timed","missing","ielts-plan.L01.timed","listening-locate;listening-types;listening-full","将本类型放入新混合part，再进入40题四部分；一次播放、不开原文/提示/重播，音频故障使该次证据失效。单独小题限时是课程建议。","保留新材料与题号、首答、实际支持/用时条件及反馈来源；看到模型、重播或AI改写要标辅助。","5","items","0","0","unknown","0","","","本类别没有已核实的timed专门内容与证据。","https://ielts.org/take-a-test/test-types/ielts-academic-test/ielts-academic-format-listening :: multiple-choice :: format"
"L01","listening","academic","official-family-variant","feedback","partial","ielts-plan.L01.feedback","listening-locate;listening-types;listening-full","先打开音频时间戳和规范答案，解释keyword_lure、correction_missed、negation，订正后做一条新题；合法替代答案有争议则转题目QA。","answer-key：原作答/原稿/录音的证据定位、具体原因、修订与新题重试；不把改稿覆盖原尝试。","1","items","8","unknown","unknown","0","ielts-l1;ielts-l2;ielts-l3;ielts-l4;ielts-l5;ielts-l6;ielts-l7;ielts-l8","app/data/ielts.json#listening.questions;app/ielts-journey-content.ts#hear-correction","同一段TTS对话8道单选；说明/答案解释已有，没有解题示范、引导或鲜题库；重播/原文/先看反馈不记录；复做缺音频上下文。 旧经典路线：1示范/1引导选择/3文本短核对；主地图没有该节点。只是改口桥接，3文本回忆题不是音频听力题。","https://ielts.org/take-a-test/test-types/ielts-academic-test/ielts-academic-format-listening :: multiple-choice :: format"
"L01","listening","academic","official-family-variant","review","partial","ielts-plan.L01.review","listening-locate;listening-types;listening-full","隔课程安排的间隔，换录音/场景/说话者重测指出最终答案的音频依据并解释干扰项。；保持首答与修订分开。","延迟后换材料/话题的第一遍无提示产出；记录原问题是否再次出现。间隔是课程选择，未验证时保持“未验证”。","1","workflows","1","unknown","unknown","0","ielts-l1;ielts-l2;ielts-l3;ielts-l4;ielts-l5;ielts-l6;ielts-l7;ielts-l8","app/data/ielts.json#listening.questions;app/ielts-journey-content.ts#hear-correction","同一段TTS对话8道单选；说明/答案解释已有，没有解题示范、引导或鲜题库；重播/原文/先看反馈不记录；复做缺音频上下文。 旧经典路线：1示范/1引导选择/3文本短核对；主地图没有该节点。只是改口桥接，3文本回忆题不是音频听力题。","https://ielts.org/take-a-test/test-types/ielts-academic-test/ielts-academic-format-listening :: multiple-choice :: format"
"L01","listening","general-training","official-family-variant","explain","partial","ielts-plan.L01.explain","listening-locate;listening-types;listening-full","讲清比较整句意思，选最终被支持的信息；听到相同词不等于答案。 加一个作答指令理解检查。","可读/可播放的真实内容及理解或产出检查；仅存在规划文字不算学过。","1","explanations","1","unknown","unknown","0","ielts-l1;ielts-l2;ielts-l3;ielts-l4;ielts-l5;ielts-l6;ielts-l7;ielts-l8","app/data/ielts.json#listening.questions;app/ielts-journey-content.ts#hear-correction","同一段TTS对话8道单选；说明/答案解释已有，没有解题示范、引导或鲜题库；重播/原文/先看反馈不记录；复做缺音频上下文。 旧经典路线：1示范/1引导选择/3文本短核对；主地图没有该节点。只是改口桥接，3文本回忆题不是音频听力题。","https://ielts.org/take-a-test/test-types/ielts-academic-test/ielts-academic-format-listening :: multiple-choice :: format"
"L01","listening","general-training","official-family-variant","model","partial","ielts-plan.L01.model","listening-locate;listening-types;listening-full","原创预约对话中演示先提到旧安排、随后改口；标出最后确认处，并解释最相近干扰项。","可读/可播放的真实内容及理解或产出检查；仅存在规划文字不算学过。","1","models","0","0","unknown","0","","app/ielts-journey-content.ts#hear-correction","旧经典路线：1示范/1引导选择/3文本短核对；主地图没有该节点。只是改口桥接，3文本回忆题不是音频听力题。","https://ielts.org/take-a-test/test-types/ielts-academic-test/ielts-academic-format-listening :: multiple-choice :: format"
"L01","listening","general-training","official-family-variant","guided","partial","ielts-plan.L01.guided","listening-locate;listening-types;listening-full","先为三个选项分类支持/否定/只提到，再用时间戳排除一个。","可读/可播放的真实内容及理解或产出检查；仅存在规划文字不算学过。","3","workflows","0","0","unknown","0","","app/ielts-journey-content.ts#hear-correction","旧经典路线：1示范/1引导选择/3文本短核对；主地图没有该节点。只是改口桥接，3文本回忆题不是音频听力题。","https://ielts.org/take-a-test/test-types/ielts-academic-test/ielts-academic-format-listening :: multiple-choice :: format"
"L01","listening","general-training","official-family-variant","independent","partial","ielts-plan.L01.independent","listening-locate;listening-types;listening-full","在新的生活/教育对话或独白，最终覆盖四部分与不同清晰英语口音做不同于示范/跟练的首答；撤去提示、中文与参考答案。观察：指出最终答案的音频依据并解释干扰项。","保留新材料与题号、首答、实际支持/用时条件及反馈来源；看到模型、重播或AI改写要标辅助。","5","items","8","unknown","unknown","0","ielts-l1;ielts-l2;ielts-l3;ielts-l4;ielts-l5;ielts-l6;ielts-l7;ielts-l8","app/data/ielts.json#listening.questions;app/ielts-journey-content.ts#hear-correction","同一段TTS对话8道单选；说明/答案解释已有，没有解题示范、引导或鲜题库；重播/原文/先看反馈不记录；复做缺音频上下文。 旧经典路线：1示范/1引导选择/3文本短核对；主地图没有该节点。只是改口桥接，3文本回忆题不是音频听力题。","https://ielts.org/take-a-test/test-types/ielts-academic-test/ielts-academic-format-listening :: multiple-choice :: format"
"L01","listening","general-training","official-family-variant","timed","missing","ielts-plan.L01.timed","listening-locate;listening-types;listening-full","将本类型放入新混合part，再进入40题四部分；一次播放、不开原文/提示/重播，音频故障使该次证据失效。单独小题限时是课程建议。","保留新材料与题号、首答、实际支持/用时条件及反馈来源；看到模型、重播或AI改写要标辅助。","5","items","0","0","unknown","0","","","本类别没有已核实的timed专门内容与证据。","https://ielts.org/take-a-test/test-types/ielts-academic-test/ielts-academic-format-listening :: multiple-choice :: format"
"L01","listening","general-training","official-family-variant","feedback","partial","ielts-plan.L01.feedback","listening-locate;listening-types;listening-full","先打开音频时间戳和规范答案，解释keyword_lure、correction_missed、negation，订正后做一条新题；合法替代答案有争议则转题目QA。","answer-key：原作答/原稿/录音的证据定位、具体原因、修订与新题重试；不把改稿覆盖原尝试。","1","items","8","unknown","unknown","0","ielts-l1;ielts-l2;ielts-l3;ielts-l4;ielts-l5;ielts-l6;ielts-l7;ielts-l8","app/data/ielts.json#listening.questions;app/ielts-journey-content.ts#hear-correction","同一段TTS对话8道单选；说明/答案解释已有，没有解题示范、引导或鲜题库；重播/原文/先看反馈不记录；复做缺音频上下文。 旧经典路线：1示范/1引导选择/3文本短核对；主地图没有该节点。只是改口桥接，3文本回忆题不是音频听力题。","https://ielts.org/take-a-test/test-types/ielts-academic-test/ielts-academic-format-listening :: multiple-choice :: format"
"L01","listening","general-training","official-family-variant","review","partial","ielts-plan.L01.review","listening-locate;listening-types;listening-full","隔课程安排的间隔，换录音/场景/说话者重测指出最终答案的音频依据并解释干扰项。；保持首答与修订分开。","延迟后换材料/话题的第一遍无提示产出；记录原问题是否再次出现。间隔是课程选择，未验证时保持“未验证”。","1","workflows","1","unknown","unknown","0","ielts-l1;ielts-l2;ielts-l3;ielts-l4;ielts-l5;ielts-l6;ielts-l7;ielts-l8","app/data/ielts.json#listening.questions;app/ielts-journey-content.ts#hear-correction","同一段TTS对话8道单选；说明/答案解释已有，没有解题示范、引导或鲜题库；重播/原文/先看反馈不记录；复做缺音频上下文。 旧经典路线：1示范/1引导选择/3文本短核对；主地图没有该节点。只是改口桥接，3文本回忆题不是音频听力题。","https://ielts.org/take-a-test/test-types/ielts-academic-test/ielts-academic-format-listening :: multiple-choice :: format"
"L02","listening","academic","official-family-variant","explain","missing","ielts-plan.L02.explain","listening-locate;listening-types;listening-full","讲清逐个检验选项，并遵守题干规定的选择数；不能重复选同一项或多选。 加一个作答指令理解检查。","可读/可播放的真实内容及理解或产出检查；仅存在规划文字不算学过。","1","explanations","0","0","unknown","0","","","本类别没有已核实的explain专门内容与证据。","https://ielts.org/take-a-test/test-types/ielts-academic-test/ielts-academic-format-listening :: multiple-choice :: format"
"L02","listening","academic","official-family-variant","model","missing","ielts-plan.L02.model","listening-locate;listening-types;listening-full","原创select-two例子区分“提过”和“认可”，每个正确项给独立依据。","可读/可播放的真实内容及理解或产出检查；仅存在规划文字不算学过。","1","models","0","0","unknown","0","","","本类别没有已核实的model专门内容与证据。","https://ielts.org/take-a-test/test-types/ielts-academic-test/ielts-academic-format-listening :: multiple-choice :: format"
"L02","listening","academic","official-family-variant","guided","missing","ielts-plan.L02.guided","listening-locate;listening-types;listening-full","用选项证据格分别确认支持内容，提交前检查数量。","可读/可播放的真实内容及理解或产出检查；仅存在规划文字不算学过。","3","workflows","0","0","unknown","0","","","本类别没有已核实的guided专门内容与证据。","https://ielts.org/take-a-test/test-types/ielts-academic-test/ielts-academic-format-listening :: multiple-choice :: format"
"L02","listening","academic","official-family-variant","independent","missing","ielts-plan.L02.independent","listening-locate;listening-types;listening-full","在新的生活/教育对话或独白，最终覆盖四部分与不同清晰英语口音做不同于示范/跟练的首答；撤去提示、中文与参考答案。观察：恰好选出规定数量，各自有音频依据。","保留新材料与题号、首答、实际支持/用时条件及反馈来源；看到模型、重播或AI改写要标辅助。","5","items","0","0","unknown","0","","","本类别没有已核实的independent专门内容与证据。","https://ielts.org/take-a-test/test-types/ielts-academic-test/ielts-academic-format-listening :: multiple-choice :: format"
"L02","listening","academic","official-family-variant","timed","missing","ielts-plan.L02.timed","listening-locate;listening-types;listening-full","将本类型放入新混合part，再进入40题四部分；一次播放、不开原文/提示/重播，音频故障使该次证据失效。单独小题限时是课程建议。","保留新材料与题号、首答、实际支持/用时条件及反馈来源；看到模型、重播或AI改写要标辅助。","5","items","0","0","unknown","0","","","本类别没有已核实的timed专门内容与证据。","https://ielts.org/take-a-test/test-types/ielts-academic-test/ielts-academic-format-listening :: multiple-choice :: format"
"L02","listening","academic","official-family-variant","feedback","missing","ielts-plan.L02.feedback","listening-locate;listening-types;listening-full","先打开音频时间戳和规范答案，解释selection_count、duplicate_choice、mention_vs_support，订正后做一条新题；合法替代答案有争议则转题目QA。","answer-key：原作答/原稿/录音的证据定位、具体原因、修订与新题重试；不把改稿覆盖原尝试。","1","items","0","0","unknown","0","","","本类别没有已核实的feedback专门内容与证据。","https://ielts.org/take-a-test/test-types/ielts-academic-test/ielts-academic-format-listening :: multiple-choice :: format"
"L02","listening","academic","official-family-variant","review","missing","ielts-plan.L02.review","listening-locate;listening-types;listening-full","隔课程安排的间隔，换录音/场景/说话者重测恰好选出规定数量，各自有音频依据。；保持首答与修订分开。","延迟后换材料/话题的第一遍无提示产出；记录原问题是否再次出现。间隔是课程选择，未验证时保持“未验证”。","1","workflows","0","0","unknown","0","","","本类别没有已核实的review专门内容与证据。","https://ielts.org/take-a-test/test-types/ielts-academic-test/ielts-academic-format-listening :: multiple-choice :: format"
"L02","listening","general-training","official-family-variant","explain","missing","ielts-plan.L02.explain","listening-locate;listening-types;listening-full","讲清逐个检验选项，并遵守题干规定的选择数；不能重复选同一项或多选。 加一个作答指令理解检查。","可读/可播放的真实内容及理解或产出检查；仅存在规划文字不算学过。","1","explanations","0","0","unknown","0","","","本类别没有已核实的explain专门内容与证据。","https://ielts.org/take-a-test/test-types/ielts-academic-test/ielts-academic-format-listening :: multiple-choice :: format"
"L02","listening","general-training","official-family-variant","model","missing","ielts-plan.L02.model","listening-locate;listening-types;listening-full","原创select-two例子区分“提过”和“认可”，每个正确项给独立依据。","可读/可播放的真实内容及理解或产出检查；仅存在规划文字不算学过。","1","models","0","0","unknown","0","","","本类别没有已核实的model专门内容与证据。","https://ielts.org/take-a-test/test-types/ielts-academic-test/ielts-academic-format-listening :: multiple-choice :: format"
"L02","listening","general-training","official-family-variant","guided","missing","ielts-plan.L02.guided","listening-locate;listening-types;listening-full","用选项证据格分别确认支持内容，提交前检查数量。","可读/可播放的真实内容及理解或产出检查；仅存在规划文字不算学过。","3","workflows","0","0","unknown","0","","","本类别没有已核实的guided专门内容与证据。","https://ielts.org/take-a-test/test-types/ielts-academic-test/ielts-academic-format-listening :: multiple-choice :: format"
"L02","listening","general-training","official-family-variant","independent","missing","ielts-plan.L02.independent","listening-locate;listening-types;listening-full","在新的生活/教育对话或独白，最终覆盖四部分与不同清晰英语口音做不同于示范/跟练的首答；撤去提示、中文与参考答案。观察：恰好选出规定数量，各自有音频依据。","保留新材料与题号、首答、实际支持/用时条件及反馈来源；看到模型、重播或AI改写要标辅助。","5","items","0","0","unknown","0","","","本类别没有已核实的independent专门内容与证据。","https://ielts.org/take-a-test/test-types/ielts-academic-test/ielts-academic-format-listening :: multiple-choice :: format"
"L02","listening","general-training","official-family-variant","timed","missing","ielts-plan.L02.timed","listening-locate;listening-types;listening-full","将本类型放入新混合part，再进入40题四部分；一次播放、不开原文/提示/重播，音频故障使该次证据失效。单独小题限时是课程建议。","保留新材料与题号、首答、实际支持/用时条件及反馈来源；看到模型、重播或AI改写要标辅助。","5","items","0","0","unknown","0","","","本类别没有已核实的timed专门内容与证据。","https://ielts.org/take-a-test/test-types/ielts-academic-test/ielts-academic-format-listening :: multiple-choice :: format"
"L02","listening","general-training","official-family-variant","feedback","missing","ielts-plan.L02.feedback","listening-locate;listening-types;listening-full","先打开音频时间戳和规范答案，解释selection_count、duplicate_choice、mention_vs_support，订正后做一条新题；合法替代答案有争议则转题目QA。","answer-key：原作答/原稿/录音的证据定位、具体原因、修订与新题重试；不把改稿覆盖原尝试。","1","items","0","0","unknown","0","","","本类别没有已核实的feedback专门内容与证据。","https://ielts.org/take-a-test/test-types/ielts-academic-test/ielts-academic-format-listening :: multiple-choice :: format"
"L02","listening","general-training","official-family-variant","review","missing","ielts-plan.L02.review","listening-locate;listening-types;listening-full","隔课程安排的间隔，换录音/场景/说话者重测恰好选出规定数量，各自有音频依据。；保持首答与修订分开。","延迟后换材料/话题的第一遍无提示产出；记录原问题是否再次出现。间隔是课程选择，未验证时保持“未验证”。","1","workflows","0","0","unknown","0","","","本类别没有已核实的review专门内容与证据。","https://ielts.org/take-a-test/test-types/ielts-academic-test/ielts-academic-format-listening :: multiple-choice :: format"
"L03","listening","academic","official-family-variant","explain","missing","ielts-plan.L03.explain","listening-locate;listening-types;listening-full","讲清把人/项目与对应细节或意见关联；是否可重复使用选项按本题说明。 加一个作答指令理解检查。","可读/可播放的真实内容及理解或产出检查；仅存在规划文字不算学过。","1","explanations","0","0","unknown","0","","","本类别没有已核实的explain专门内容与证据。","https://ielts.org/take-a-test/test-types/ielts-academic-test/ielts-academic-format-listening :: matching :: format"
"L03","listening","academic","official-family-variant","model","missing","ielts-plan.L03.model","listening-locate;listening-types;listening-full","两人都提及同一课程时，展示如何在换人说话后更新归属。","可读/可播放的真实内容及理解或产出检查；仅存在规划文字不算学过。","1","models","0","0","unknown","0","","","本类别没有已核实的model专门内容与证据。","https://ielts.org/take-a-test/test-types/ielts-academic-test/ielts-academic-format-listening :: matching :: format"
"L03","listening","academic","official-family-variant","guided","missing","ielts-plan.L03.guided","listening-locate;listening-types;listening-full","填写speaker/entity信息格，再撤去格子配对。","可读/可播放的真实内容及理解或产出检查；仅存在规划文字不算学过。","3","workflows","0","0","unknown","0","","","本类别没有已核实的guided专门内容与证据。","https://ielts.org/take-a-test/test-types/ielts-academic-test/ielts-academic-format-listening :: matching :: format"
"L03","listening","academic","official-family-variant","independent","missing","ielts-plan.L03.independent","listening-locate;listening-types;listening-full","在新的生活/教育对话或独白，最终覆盖四部分与不同清晰英语口音做不同于示范/跟练的首答；撤去提示、中文与参考答案。观察：重复主题和换轮中仍能正确归属。","保留新材料与题号、首答、实际支持/用时条件及反馈来源；看到模型、重播或AI改写要标辅助。","5","items","0","0","unknown","0","","","本类别没有已核实的independent专门内容与证据。","https://ielts.org/take-a-test/test-types/ielts-academic-test/ielts-academic-format-listening :: matching :: format"
"L03","listening","academic","official-family-variant","timed","missing","ielts-plan.L03.timed","listening-locate;listening-types;listening-full","将本类型放入新混合part，再进入40题四部分；一次播放、不开原文/提示/重播，音频故障使该次证据失效。单独小题限时是课程建议。","保留新材料与题号、首答、实际支持/用时条件及反馈来源；看到模型、重播或AI改写要标辅助。","5","items","0","0","unknown","0","","","本类别没有已核实的timed专门内容与证据。","https://ielts.org/take-a-test/test-types/ielts-academic-test/ielts-academic-format-listening :: matching :: format"
"L03","listening","academic","official-family-variant","feedback","missing","ielts-plan.L03.feedback","listening-locate;listening-types;listening-full","先打开音频时间戳和规范答案，解释speaker_tracking、relationship_swap、option_reuse，订正后做一条新题；合法替代答案有争议则转题目QA。","answer-key：原作答/原稿/录音的证据定位、具体原因、修订与新题重试；不把改稿覆盖原尝试。","1","items","0","0","unknown","0","","","本类别没有已核实的feedback专门内容与证据。","https://ielts.org/take-a-test/test-types/ielts-academic-test/ielts-academic-format-listening :: matching :: format"
"L03","listening","academic","official-family-variant","review","missing","ielts-plan.L03.review","listening-locate;listening-types;listening-full","隔课程安排的间隔，换录音/场景/说话者重测重复主题和换轮中仍能正确归属。；保持首答与修订分开。","延迟后换材料/话题的第一遍无提示产出；记录原问题是否再次出现。间隔是课程选择，未验证时保持“未验证”。","1","workflows","0","0","unknown","0","","","本类别没有已核实的review专门内容与证据。","https://ielts.org/take-a-test/test-types/ielts-academic-test/ielts-academic-format-listening :: matching :: format"
"L03","listening","general-training","official-family-variant","explain","missing","ielts-plan.L03.explain","listening-locate;listening-types;listening-full","讲清把人/项目与对应细节或意见关联；是否可重复使用选项按本题说明。 加一个作答指令理解检查。","可读/可播放的真实内容及理解或产出检查；仅存在规划文字不算学过。","1","explanations","0","0","unknown","0","","","本类别没有已核实的explain专门内容与证据。","https://ielts.org/take-a-test/test-types/ielts-academic-test/ielts-academic-format-listening :: matching :: format"
"L03","listening","general-training","official-family-variant","model","missing","ielts-plan.L03.model","listening-locate;listening-types;listening-full","两人都提及同一课程时，展示如何在换人说话后更新归属。","可读/可播放的真实内容及理解或产出检查；仅存在规划文字不算学过。","1","models","0","0","unknown","0","","","本类别没有已核实的model专门内容与证据。","https://ielts.org/take-a-test/test-types/ielts-academic-test/ielts-academic-format-listening :: matching :: format"
"L03","listening","general-training","official-family-variant","guided","missing","ielts-plan.L03.guided","listening-locate;listening-types;listening-full","填写speaker/entity信息格，再撤去格子配对。","可读/可播放的真实内容及理解或产出检查；仅存在规划文字不算学过。","3","workflows","0","0","unknown","0","","","本类别没有已核实的guided专门内容与证据。","https://ielts.org/take-a-test/test-types/ielts-academic-test/ielts-academic-format-listening :: matching :: format"
"L03","listening","general-training","official-family-variant","independent","missing","ielts-plan.L03.independent","listening-locate;listening-types;listening-full","在新的生活/教育对话或独白，最终覆盖四部分与不同清晰英语口音做不同于示范/跟练的首答；撤去提示、中文与参考答案。观察：重复主题和换轮中仍能正确归属。","保留新材料与题号、首答、实际支持/用时条件及反馈来源；看到模型、重播或AI改写要标辅助。","5","items","0","0","unknown","0","","","本类别没有已核实的independent专门内容与证据。","https://ielts.org/take-a-test/test-types/ielts-academic-test/ielts-academic-format-listening :: matching :: format"
"L03","listening","general-training","official-family-variant","timed","missing","ielts-plan.L03.timed","listening-locate;listening-types;listening-full","将本类型放入新混合part，再进入40题四部分；一次播放、不开原文/提示/重播，音频故障使该次证据失效。单独小题限时是课程建议。","保留新材料与题号、首答、实际支持/用时条件及反馈来源；看到模型、重播或AI改写要标辅助。","5","items","0","0","unknown","0","","","本类别没有已核实的timed专门内容与证据。","https://ielts.org/take-a-test/test-types/ielts-academic-test/ielts-academic-format-listening :: matching :: format"
"L03","listening","general-training","official-family-variant","feedback","missing","ielts-plan.L03.feedback","listening-locate;listening-types;listening-full","先打开音频时间戳和规范答案，解释speaker_tracking、relationship_swap、option_reuse，订正后做一条新题；合法替代答案有争议则转题目QA。","answer-key：原作答/原稿/录音的证据定位、具体原因、修订与新题重试；不把改稿覆盖原尝试。","1","items","0","0","unknown","0","","","本类别没有已核实的feedback专门内容与证据。","https://ielts.org/take-a-test/test-types/ielts-academic-test/ielts-academic-format-listening :: matching :: format"
"L03","listening","general-training","official-family-variant","review","missing","ielts-plan.L03.review","listening-locate;listening-types;listening-full","隔课程安排的间隔，换录音/场景/说话者重测重复主题和换轮中仍能正确归属。；保持首答与修订分开。","延迟后换材料/话题的第一遍无提示产出；记录原问题是否再次出现。间隔是课程选择，未验证时保持“未验证”。","1","workflows","0","0","unknown","0","","","本类别没有已核实的review专门内容与证据。","https://ielts.org/take-a-test/test-types/ielts-academic-test/ielts-academic-format-listening :: matching :: format"
"L04","listening","academic","official-family-variant","explain","missing","ielts-plan.L04.explain","listening-locate;listening-types;listening-full","讲清先确认室内起点、参照方向和地标；回答用选项还是词语由指令决定。 加一个作答指令理解检查。","可读/可播放的真实内容及理解或产出检查；仅存在规划文字不算学过。","1","explanations","0","0","unknown","0","","","本类别没有已核实的explain专门内容与证据。","https://ielts.org/take-a-test/test-types/ielts-academic-test/ielts-academic-format-listening :: visual-labelling :: format;https://ielts.idp.com/prepare/article-master-ielts-listening-map-labelling :: visual response modes :: format"
"L04","listening","academic","official-family-variant","model","missing","ielts-plan.L04.model","listening-locate;listening-types;listening-full","原创楼层平面图，从入口沿路线追踪并解释相对左右。","可读/可播放的真实内容及理解或产出检查；仅存在规划文字不算学过。","1","models","0","0","unknown","0","","","本类别没有已核实的model专门内容与证据。","https://ielts.org/take-a-test/test-types/ielts-academic-test/ielts-academic-format-listening :: visual-labelling :: format;https://ielts.idp.com/prepare/article-master-ielts-listening-map-labelling :: visual response modes :: format"
"L04","listening","academic","official-family-variant","guided","missing","ielts-plan.L04.guided","listening-locate;listening-types;listening-full","画路线和锚点；分别练选项版与符合词数指令的输入版。","可读/可播放的真实内容及理解或产出检查；仅存在规划文字不算学过。","3","workflows","0","0","unknown","0","","","本类别没有已核实的guided专门内容与证据。","https://ielts.org/take-a-test/test-types/ielts-academic-test/ielts-academic-format-listening :: visual-labelling :: format;https://ielts.idp.com/prepare/article-master-ielts-listening-map-labelling :: visual response modes :: format"
"L04","listening","academic","official-family-variant","independent","missing","ielts-plan.L04.independent","listening-locate;listening-types;listening-full","在新的生活/教育对话或独白，最终覆盖四部分与不同清晰英语口音做不同于示范/跟练的首答；撤去提示、中文与参考答案。观察：把口述空间关系迁移到新室内布局。","保留新材料与题号、首答、实际支持/用时条件及反馈来源；看到模型、重播或AI改写要标辅助。","5","items","0","0","unknown","0","","","本类别没有已核实的independent专门内容与证据。","https://ielts.org/take-a-test/test-types/ielts-academic-test/ielts-academic-format-listening :: visual-labelling :: format;https://ielts.idp.com/prepare/article-master-ielts-listening-map-labelling :: visual response modes :: format"
"L04","listening","academic","official-family-variant","timed","missing","ielts-plan.L04.timed","listening-locate;listening-types;listening-full","将本类型放入新混合part，再进入40题四部分；一次播放、不开原文/提示/重播，音频故障使该次证据失效。单独小题限时是课程建议。","保留新材料与题号、首答、实际支持/用时条件及反馈来源；看到模型、重播或AI改写要标辅助。","5","items","0","0","unknown","0","","","本类别没有已核实的timed专门内容与证据。","https://ielts.org/take-a-test/test-types/ielts-academic-test/ielts-academic-format-listening :: visual-labelling :: format;https://ielts.idp.com/prepare/article-master-ielts-listening-map-labelling :: visual response modes :: format"
"L04","listening","academic","official-family-variant","feedback","missing","ielts-plan.L04.feedback","listening-locate;listening-types;listening-full","先打开音频时间戳和规范答案，解释starting_point、left_right_frame、landmark、response_mode，订正后做一条新题；合法替代答案有争议则转题目QA。","answer-key：原作答/原稿/录音的证据定位、具体原因、修订与新题重试；不把改稿覆盖原尝试。","1","items","0","0","unknown","0","","","本类别没有已核实的feedback专门内容与证据。","https://ielts.org/take-a-test/test-types/ielts-academic-test/ielts-academic-format-listening :: visual-labelling :: format;https://ielts.idp.com/prepare/article-master-ielts-listening-map-labelling :: visual response modes :: format"
"L04","listening","academic","official-family-variant","review","missing","ielts-plan.L04.review","listening-locate;listening-types;listening-full","隔课程安排的间隔，换录音/场景/说话者重测把口述空间关系迁移到新室内布局。；保持首答与修订分开。","延迟后换材料/话题的第一遍无提示产出；记录原问题是否再次出现。间隔是课程选择，未验证时保持“未验证”。","1","workflows","0","0","unknown","0","","","本类别没有已核实的review专门内容与证据。","https://ielts.org/take-a-test/test-types/ielts-academic-test/ielts-academic-format-listening :: visual-labelling :: format;https://ielts.idp.com/prepare/article-master-ielts-listening-map-labelling :: visual response modes :: format"
"L04","listening","general-training","official-family-variant","explain","missing","ielts-plan.L04.explain","listening-locate;listening-types;listening-full","讲清先确认室内起点、参照方向和地标；回答用选项还是词语由指令决定。 加一个作答指令理解检查。","可读/可播放的真实内容及理解或产出检查；仅存在规划文字不算学过。","1","explanations","0","0","unknown","0","","","本类别没有已核实的explain专门内容与证据。","https://ielts.org/take-a-test/test-types/ielts-academic-test/ielts-academic-format-listening :: visual-labelling :: format;https://ielts.idp.com/prepare/article-master-ielts-listening-map-labelling :: visual response modes :: format"
"L04","listening","general-training","official-family-variant","model","missing","ielts-plan.L04.model","listening-locate;listening-types;listening-full","原创楼层平面图，从入口沿路线追踪并解释相对左右。","可读/可播放的真实内容及理解或产出检查；仅存在规划文字不算学过。","1","models","0","0","unknown","0","","","本类别没有已核实的model专门内容与证据。","https://ielts.org/take-a-test/test-types/ielts-academic-test/ielts-academic-format-listening :: visual-labelling :: format;https://ielts.idp.com/prepare/article-master-ielts-listening-map-labelling :: visual response modes :: format"
"L04","listening","general-training","official-family-variant","guided","missing","ielts-plan.L04.guided","listening-locate;listening-types;listening-full","画路线和锚点；分别练选项版与符合词数指令的输入版。","可读/可播放的真实内容及理解或产出检查；仅存在规划文字不算学过。","3","workflows","0","0","unknown","0","","","本类别没有已核实的guided专门内容与证据。","https://ielts.org/take-a-test/test-types/ielts-academic-test/ielts-academic-format-listening :: visual-labelling :: format;https://ielts.idp.com/prepare/article-master-ielts-listening-map-labelling :: visual response modes :: format"
"L04","listening","general-training","official-family-variant","independent","missing","ielts-plan.L04.independent","listening-locate;listening-types;listening-full","在新的生活/教育对话或独白，最终覆盖四部分与不同清晰英语口音做不同于示范/跟练的首答；撤去提示、中文与参考答案。观察：把口述空间关系迁移到新室内布局。","保留新材料与题号、首答、实际支持/用时条件及反馈来源；看到模型、重播或AI改写要标辅助。","5","items","0","0","unknown","0","","","本类别没有已核实的independent专门内容与证据。","https://ielts.org/take-a-test/test-types/ielts-academic-test/ielts-academic-format-listening :: visual-labelling :: format;https://ielts.idp.com/prepare/article-master-ielts-listening-map-labelling :: visual response modes :: format"
"L04","listening","general-training","official-family-variant","timed","missing","ielts-plan.L04.timed","listening-locate;listening-types;listening-full","将本类型放入新混合part，再进入40题四部分；一次播放、不开原文/提示/重播，音频故障使该次证据失效。单独小题限时是课程建议。","保留新材料与题号、首答、实际支持/用时条件及反馈来源；看到模型、重播或AI改写要标辅助。","5","items","0","0","unknown","0","","","本类别没有已核实的timed专门内容与证据。","https://ielts.org/take-a-test/test-types/ielts-academic-test/ielts-academic-format-listening :: visual-labelling :: format;https://ielts.idp.com/prepare/article-master-ielts-listening-map-labelling :: visual response modes :: format"
"L04","listening","general-training","official-family-variant","feedback","missing","ielts-plan.L04.feedback","listening-locate;listening-types;listening-full","先打开音频时间戳和规范答案，解释starting_point、left_right_frame、landmark、response_mode，订正后做一条新题；合法替代答案有争议则转题目QA。","answer-key：原作答/原稿/录音的证据定位、具体原因、修订与新题重试；不把改稿覆盖原尝试。","1","items","0","0","unknown","0","","","本类别没有已核实的feedback专门内容与证据。","https://ielts.org/take-a-test/test-types/ielts-academic-test/ielts-academic-format-listening :: visual-labelling :: format;https://ielts.idp.com/prepare/article-master-ielts-listening-map-labelling :: visual response modes :: format"
"L04","listening","general-training","official-family-variant","review","missing","ielts-plan.L04.review","listening-locate;listening-types;listening-full","隔课程安排的间隔，换录音/场景/说话者重测把口述空间关系迁移到新室内布局。；保持首答与修订分开。","延迟后换材料/话题的第一遍无提示产出；记录原问题是否再次出现。间隔是课程选择，未验证时保持“未验证”。","1","workflows","0","0","unknown","0","","","本类别没有已核实的review专门内容与证据。","https://ielts.org/take-a-test/test-types/ielts-academic-test/ielts-academic-format-listening :: visual-labelling :: format;https://ielts.idp.com/prepare/article-master-ielts-listening-map-labelling :: visual response modes :: format"
"L05","listening","academic","official-family-variant","explain","missing","ielts-plan.L05.explain","listening-locate;listening-types;listening-full","讲清核对户外方向/地标及修正后的地点；漏掉一处后继续找后续定位。 加一个作答指令理解检查。","可读/可播放的真实内容及理解或产出检查；仅存在规划文字不算学过。","1","explanations","0","0","unknown","0","","","本类别没有已核实的explain专门内容与证据。","https://ielts.org/take-a-test/test-types/ielts-academic-test/ielts-academic-format-listening :: visual-labelling :: format;https://ielts.idp.com/prepare/article-master-ielts-listening-map-labelling :: visual response modes :: format"
"L05","listening","academic","official-family-variant","model","missing","ielts-plan.L05.model","listening-locate;listening-types;listening-full","原创公园导览先提出一个位置再否定，展示定位更新与恢复。","可读/可播放的真实内容及理解或产出检查；仅存在规划文字不算学过。","1","models","0","0","unknown","0","","","本类别没有已核实的model专门内容与证据。","https://ielts.org/take-a-test/test-types/ielts-academic-test/ielts-academic-format-listening :: visual-labelling :: format;https://ielts.idp.com/prepare/article-master-ielts-listening-map-labelling :: visual response modes :: format"
"L05","listening","academic","official-family-variant","guided","missing","ielts-plan.L05.guided","listening-locate;listening-types;listening-full","追踪转弯/穿过/旁边等线索，停止时说明当前锚点。","可读/可播放的真实内容及理解或产出检查；仅存在规划文字不算学过。","3","workflows","0","0","unknown","0","","","本类别没有已核实的guided专门内容与证据。","https://ielts.org/take-a-test/test-types/ielts-academic-test/ielts-academic-format-listening :: visual-labelling :: format;https://ielts.idp.com/prepare/article-master-ielts-listening-map-labelling :: visual response modes :: format"
"L05","listening","academic","official-family-variant","independent","missing","ielts-plan.L05.independent","listening-locate;listening-types;listening-full","在新的生活/教育对话或独白，最终覆盖四部分与不同清晰英语口音做不同于示范/跟练的首答；撤去提示、中文与参考答案。观察：换新地图仍能定位，漏题不带偏整组。","保留新材料与题号、首答、实际支持/用时条件及反馈来源；看到模型、重播或AI改写要标辅助。","5","items","0","0","unknown","0","","","本类别没有已核实的independent专门内容与证据。","https://ielts.org/take-a-test/test-types/ielts-academic-test/ielts-academic-format-listening :: visual-labelling :: format;https://ielts.idp.com/prepare/article-master-ielts-listening-map-labelling :: visual response modes :: format"
"L05","listening","academic","official-family-variant","timed","missing","ielts-plan.L05.timed","listening-locate;listening-types;listening-full","将本类型放入新混合part，再进入40题四部分；一次播放、不开原文/提示/重播，音频故障使该次证据失效。单独小题限时是课程建议。","保留新材料与题号、首答、实际支持/用时条件及反馈来源；看到模型、重播或AI改写要标辅助。","5","items","0","0","unknown","0","","","本类别没有已核实的timed专门内容与证据。","https://ielts.org/take-a-test/test-types/ielts-academic-test/ielts-academic-format-listening :: visual-labelling :: format;https://ielts.idp.com/prepare/article-master-ielts-listening-map-labelling :: visual response modes :: format"
"L05","listening","academic","official-family-variant","feedback","missing","ielts-plan.L05.feedback","listening-locate;listening-types;listening-full","先打开音频时间戳和规范答案，解释orientation、overshoot、correction_missed、lost_position，订正后做一条新题；合法替代答案有争议则转题目QA。","answer-key：原作答/原稿/录音的证据定位、具体原因、修订与新题重试；不把改稿覆盖原尝试。","1","items","0","0","unknown","0","","","本类别没有已核实的feedback专门内容与证据。","https://ielts.org/take-a-test/test-types/ielts-academic-test/ielts-academic-format-listening :: visual-labelling :: format;https://ielts.idp.com/prepare/article-master-ielts-listening-map-labelling :: visual response modes :: format"
"L05","listening","academic","official-family-variant","review","missing","ielts-plan.L05.review","listening-locate;listening-types;listening-full","隔课程安排的间隔，换录音/场景/说话者重测换新地图仍能定位，漏题不带偏整组。；保持首答与修订分开。","延迟后换材料/话题的第一遍无提示产出；记录原问题是否再次出现。间隔是课程选择，未验证时保持“未验证”。","1","workflows","0","0","unknown","0","","","本类别没有已核实的review专门内容与证据。","https://ielts.org/take-a-test/test-types/ielts-academic-test/ielts-academic-format-listening :: visual-labelling :: format;https://ielts.idp.com/prepare/article-master-ielts-listening-map-labelling :: visual response modes :: format"
"L05","listening","general-training","official-family-variant","explain","missing","ielts-plan.L05.explain","listening-locate;listening-types;listening-full","讲清核对户外方向/地标及修正后的地点；漏掉一处后继续找后续定位。 加一个作答指令理解检查。","可读/可播放的真实内容及理解或产出检查；仅存在规划文字不算学过。","1","explanations","0","0","unknown","0","","","本类别没有已核实的explain专门内容与证据。","https://ielts.org/take-a-test/test-types/ielts-academic-test/ielts-academic-format-listening :: visual-labelling :: format;https://ielts.idp.com/prepare/article-master-ielts-listening-map-labelling :: visual response modes :: format"
"L05","listening","general-training","official-family-variant","model","missing","ielts-plan.L05.model","listening-locate;listening-types;listening-full","原创公园导览先提出一个位置再否定，展示定位更新与恢复。","可读/可播放的真实内容及理解或产出检查；仅存在规划文字不算学过。","1","models","0","0","unknown","0","","","本类别没有已核实的model专门内容与证据。","https://ielts.org/take-a-test/test-types/ielts-academic-test/ielts-academic-format-listening :: visual-labelling :: format;https://ielts.idp.com/prepare/article-master-ielts-listening-map-labelling :: visual response modes :: format"
"L05","listening","general-training","official-family-variant","guided","missing","ielts-plan.L05.guided","listening-locate;listening-types;listening-full","追踪转弯/穿过/旁边等线索，停止时说明当前锚点。","可读/可播放的真实内容及理解或产出检查；仅存在规划文字不算学过。","3","workflows","0","0","unknown","0","","","本类别没有已核实的guided专门内容与证据。","https://ielts.org/take-a-test/test-types/ielts-academic-test/ielts-academic-format-listening :: visual-labelling :: format;https://ielts.idp.com/prepare/article-master-ielts-listening-map-labelling :: visual response modes :: format"
"L05","listening","general-training","official-family-variant","independent","missing","ielts-plan.L05.independent","listening-locate;listening-types;listening-full","在新的生活/教育对话或独白，最终覆盖四部分与不同清晰英语口音做不同于示范/跟练的首答；撤去提示、中文与参考答案。观察：换新地图仍能定位，漏题不带偏整组。","保留新材料与题号、首答、实际支持/用时条件及反馈来源；看到模型、重播或AI改写要标辅助。","5","items","0","0","unknown","0","","","本类别没有已核实的independent专门内容与证据。","https://ielts.org/take-a-test/test-types/ielts-academic-test/ielts-academic-format-listening :: visual-labelling :: format;https://ielts.idp.com/prepare/article-master-ielts-listening-map-labelling :: visual response modes :: format"
"L05","listening","general-training","official-family-variant","timed","missing","ielts-plan.L05.timed","listening-locate;listening-types;listening-full","将本类型放入新混合part，再进入40题四部分；一次播放、不开原文/提示/重播，音频故障使该次证据失效。单独小题限时是课程建议。","保留新材料与题号、首答、实际支持/用时条件及反馈来源；看到模型、重播或AI改写要标辅助。","5","items","0","0","unknown","0","","","本类别没有已核实的timed专门内容与证据。","https://ielts.org/take-a-test/test-types/ielts-academic-test/ielts-academic-format-listening :: visual-labelling :: format;https://ielts.idp.com/prepare/article-master-ielts-listening-map-labelling :: visual response modes :: format"
"L05","listening","general-training","official-family-variant","feedback","missing","ielts-plan.L05.feedback","listening-locate;listening-types;listening-full","先打开音频时间戳和规范答案，解释orientation、overshoot、correction_missed、lost_position，订正后做一条新题；合法替代答案有争议则转题目QA。","answer-key：原作答/原稿/录音的证据定位、具体原因、修订与新题重试；不把改稿覆盖原尝试。","1","items","0","0","unknown","0","","","本类别没有已核实的feedback专门内容与证据。","https://ielts.org/take-a-test/test-types/ielts-academic-test/ielts-academic-format-listening :: visual-labelling :: format;https://ielts.idp.com/prepare/article-master-ielts-listening-map-labelling :: visual response modes :: format"
"L05","listening","general-training","official-family-variant","review","missing","ielts-plan.L05.review","listening-locate;listening-types;listening-full","隔课程安排的间隔，换录音/场景/说话者重测换新地图仍能定位，漏题不带偏整组。；保持首答与修订分开。","延迟后换材料/话题的第一遍无提示产出；记录原问题是否再次出现。间隔是课程选择，未验证时保持“未验证”。","1","workflows","0","0","unknown","0","","","本类别没有已核实的review专门内容与证据。","https://ielts.org/take-a-test/test-types/ielts-academic-test/ielts-academic-format-listening :: visual-labelling :: format;https://ielts.idp.com/prepare/article-master-ielts-listening-map-labelling :: visual response modes :: format"
"L06","listening","academic","official-family-variant","explain","missing","ielts-plan.L06.explain","listening-locate;listening-types;listening-full","讲清按口述位置/功能找部件，不能凭自己熟悉的装置结构猜。 加一个作答指令理解检查。","可读/可播放的真实内容及理解或产出检查；仅存在规划文字不算学过。","1","explanations","0","0","unknown","0","","","本类别没有已核实的explain专门内容与证据。","https://ielts.org/take-a-test/test-types/ielts-academic-test/ielts-academic-format-listening :: visual-labelling :: format;https://ielts.idp.com/prepare/article-master-ielts-listening-map-labelling :: visual response modes :: format"
"L06","listening","academic","official-family-variant","model","missing","ielts-plan.L06.model","listening-locate;listening-types;listening-full","原创陌生设备图，用连接位置和功能识别部件，区分整体与部分。","可读/可播放的真实内容及理解或产出检查；仅存在规划文字不算学过。","1","models","0","0","unknown","0","","","本类别没有已核实的model专门内容与证据。","https://ielts.org/take-a-test/test-types/ielts-academic-test/ielts-academic-format-listening :: visual-labelling :: format;https://ielts.idp.com/prepare/article-master-ielts-listening-map-labelling :: visual response modes :: format"
"L06","listening","academic","official-family-variant","guided","missing","ielts-plan.L06.guided","listening-locate;listening-types;listening-full","先找两个锚点部件，再将空间/功能描述指向图示。","可读/可播放的真实内容及理解或产出检查；仅存在规划文字不算学过。","3","workflows","0","0","unknown","0","","","本类别没有已核实的guided专门内容与证据。","https://ielts.org/take-a-test/test-types/ielts-academic-test/ielts-academic-format-listening :: visual-labelling :: format;https://ielts.idp.com/prepare/article-master-ielts-listening-map-labelling :: visual response modes :: format"
"L06","listening","academic","official-family-variant","independent","missing","ielts-plan.L06.independent","listening-locate;listening-types;listening-full","在新的生活/教育对话或独白，最终覆盖四部分与不同清晰英语口音做不同于示范/跟练的首答；撤去提示、中文与参考答案。观察：陌生设备也依据实际描述，而非背景知识。","保留新材料与题号、首答、实际支持/用时条件及反馈来源；看到模型、重播或AI改写要标辅助。","5","items","0","0","unknown","0","","","本类别没有已核实的independent专门内容与证据。","https://ielts.org/take-a-test/test-types/ielts-academic-test/ielts-academic-format-listening :: visual-labelling :: format;https://ielts.idp.com/prepare/article-master-ielts-listening-map-labelling :: visual response modes :: format"
"L06","listening","academic","official-family-variant","timed","missing","ielts-plan.L06.timed","listening-locate;listening-types;listening-full","将本类型放入新混合part，再进入40题四部分；一次播放、不开原文/提示/重播，音频故障使该次证据失效。单独小题限时是课程建议。","保留新材料与题号、首答、实际支持/用时条件及反馈来源；看到模型、重播或AI改写要标辅助。","5","items","0","0","unknown","0","","","本类别没有已核实的timed专门内容与证据。","https://ielts.org/take-a-test/test-types/ielts-academic-test/ielts-academic-format-listening :: visual-labelling :: format;https://ielts.idp.com/prepare/article-master-ielts-listening-map-labelling :: visual response modes :: format"
"L06","listening","academic","official-family-variant","feedback","missing","ielts-plan.L06.feedback","listening-locate;listening-types;listening-full","先打开音频时间戳和规范答案，解释part_whole、attachment_relation、outside_knowledge，订正后做一条新题；合法替代答案有争议则转题目QA。","answer-key：原作答/原稿/录音的证据定位、具体原因、修订与新题重试；不把改稿覆盖原尝试。","1","items","0","0","unknown","0","","","本类别没有已核实的feedback专门内容与证据。","https://ielts.org/take-a-test/test-types/ielts-academic-test/ielts-academic-format-listening :: visual-labelling :: format;https://ielts.idp.com/prepare/article-master-ielts-listening-map-labelling :: visual response modes :: format"
"L06","listening","academic","official-family-variant","review","missing","ielts-plan.L06.review","listening-locate;listening-types;listening-full","隔课程安排的间隔，换录音/场景/说话者重测陌生设备也依据实际描述，而非背景知识。；保持首答与修订分开。","延迟后换材料/话题的第一遍无提示产出；记录原问题是否再次出现。间隔是课程选择，未验证时保持“未验证”。","1","workflows","0","0","unknown","0","","","本类别没有已核实的review专门内容与证据。","https://ielts.org/take-a-test/test-types/ielts-academic-test/ielts-academic-format-listening :: visual-labelling :: format;https://ielts.idp.com/prepare/article-master-ielts-listening-map-labelling :: visual response modes :: format"
"L06","listening","general-training","official-family-variant","explain","missing","ielts-plan.L06.explain","listening-locate;listening-types;listening-full","讲清按口述位置/功能找部件，不能凭自己熟悉的装置结构猜。 加一个作答指令理解检查。","可读/可播放的真实内容及理解或产出检查；仅存在规划文字不算学过。","1","explanations","0","0","unknown","0","","","本类别没有已核实的explain专门内容与证据。","https://ielts.org/take-a-test/test-types/ielts-academic-test/ielts-academic-format-listening :: visual-labelling :: format;https://ielts.idp.com/prepare/article-master-ielts-listening-map-labelling :: visual response modes :: format"
"L06","listening","general-training","official-family-variant","model","missing","ielts-plan.L06.model","listening-locate;listening-types;listening-full","原创陌生设备图，用连接位置和功能识别部件，区分整体与部分。","可读/可播放的真实内容及理解或产出检查；仅存在规划文字不算学过。","1","models","0","0","unknown","0","","","本类别没有已核实的model专门内容与证据。","https://ielts.org/take-a-test/test-types/ielts-academic-test/ielts-academic-format-listening :: visual-labelling :: format;https://ielts.idp.com/prepare/article-master-ielts-listening-map-labelling :: visual response modes :: format"
"L06","listening","general-training","official-family-variant","guided","missing","ielts-plan.L06.guided","listening-locate;listening-types;listening-full","先找两个锚点部件，再将空间/功能描述指向图示。","可读/可播放的真实内容及理解或产出检查；仅存在规划文字不算学过。","3","workflows","0","0","unknown","0","","","本类别没有已核实的guided专门内容与证据。","https://ielts.org/take-a-test/test-types/ielts-academic-test/ielts-academic-format-listening :: visual-labelling :: format;https://ielts.idp.com/prepare/article-master-ielts-listening-map-labelling :: visual response modes :: format"
"L06","listening","general-training","official-family-variant","independent","missing","ielts-plan.L06.independent","listening-locate;listening-types;listening-full","在新的生活/教育对话或独白，最终覆盖四部分与不同清晰英语口音做不同于示范/跟练的首答；撤去提示、中文与参考答案。观察：陌生设备也依据实际描述，而非背景知识。","保留新材料与题号、首答、实际支持/用时条件及反馈来源；看到模型、重播或AI改写要标辅助。","5","items","0","0","unknown","0","","","本类别没有已核实的independent专门内容与证据。","https://ielts.org/take-a-test/test-types/ielts-academic-test/ielts-academic-format-listening :: visual-labelling :: format;https://ielts.idp.com/prepare/article-master-ielts-listening-map-labelling :: visual response modes :: format"
"L06","listening","general-training","official-family-variant","timed","missing","ielts-plan.L06.timed","listening-locate;listening-types;listening-full","将本类型放入新混合part，再进入40题四部分；一次播放、不开原文/提示/重播，音频故障使该次证据失效。单独小题限时是课程建议。","保留新材料与题号、首答、实际支持/用时条件及反馈来源；看到模型、重播或AI改写要标辅助。","5","items","0","0","unknown","0","","","本类别没有已核实的timed专门内容与证据。","https://ielts.org/take-a-test/test-types/ielts-academic-test/ielts-academic-format-listening :: visual-labelling :: format;https://ielts.idp.com/prepare/article-master-ielts-listening-map-labelling :: visual response modes :: format"
"L06","listening","general-training","official-family-variant","feedback","missing","ielts-plan.L06.feedback","listening-locate;listening-types;listening-full","先打开音频时间戳和规范答案，解释part_whole、attachment_relation、outside_knowledge，订正后做一条新题；合法替代答案有争议则转题目QA。","answer-key：原作答/原稿/录音的证据定位、具体原因、修订与新题重试；不把改稿覆盖原尝试。","1","items","0","0","unknown","0","","","本类别没有已核实的feedback专门内容与证据。","https://ielts.org/take-a-test/test-types/ielts-academic-test/ielts-academic-format-listening :: visual-labelling :: format;https://ielts.idp.com/prepare/article-master-ielts-listening-map-labelling :: visual response modes :: format"
"L06","listening","general-training","official-family-variant","review","missing","ielts-plan.L06.review","listening-locate;listening-types;listening-full","隔课程安排的间隔，换录音/场景/说话者重测陌生设备也依据实际描述，而非背景知识。；保持首答与修订分开。","延迟后换材料/话题的第一遍无提示产出；记录原问题是否再次出现。间隔是课程选择，未验证时保持“未验证”。","1","workflows","0","0","unknown","0","","","本类别没有已核实的review专门内容与证据。","https://ielts.org/take-a-test/test-types/ielts-academic-test/ielts-academic-format-listening :: visual-labelling :: format;https://ielts.idp.com/prepare/article-master-ielts-listening-map-labelling :: visual response modes :: format"
"L07","listening","academic","official-family-variant","explain","missing","ielts-plan.L07.explain","listening-locate;listening-types;listening-full","讲清先预判字段类型；姓名、数字和改口后的信息须精确，输入遵守词/数字限制。 加一个作答指令理解检查。","可读/可播放的真实内容及理解或产出检查；仅存在规划文字不算学过。","1","explanations","0","0","unknown","0","","","本类别没有已核实的explain专门内容与证据。","https://ielts.org/take-a-test/test-types/ielts-academic-test/ielts-academic-format-listening :: structured-completion :: format"
"L07","listening","academic","official-family-variant","model","missing","ielts-plan.L07.model","listening-locate;listening-types;listening-full","原创预约表包含姓名拼读和更正后的房间号；展示字段形式与最终事实。","可读/可播放的真实内容及理解或产出检查；仅存在规划文字不算学过。","1","models","0","0","unknown","0","","","本类别没有已核实的model专门内容与证据。","https://ielts.org/take-a-test/test-types/ielts-academic-test/ielts-academic-format-listening :: structured-completion :: format"
"L07","listening","academic","official-family-variant","guided","missing","ielts-plan.L07.guided","listening-locate;listening-types;listening-full","分类姓名/日期/金额/数字字段，拼读并核对各项允许形式。","可读/可播放的真实内容及理解或产出检查；仅存在规划文字不算学过。","3","workflows","0","0","unknown","0","","","本类别没有已核实的guided专门内容与证据。","https://ielts.org/take-a-test/test-types/ielts-academic-test/ielts-academic-format-listening :: structured-completion :: format"
"L07","listening","academic","official-family-variant","independent","missing","ielts-plan.L07.independent","listening-locate;listening-types;listening-full","在新的生活/教育对话或独白，最终覆盖四部分与不同清晰英语口音做不同于示范/跟练的首答；撤去提示、中文与参考答案。观察：填入最终事实与合法形式，不做语义自动改写。","保留新材料与题号、首答、实际支持/用时条件及反馈来源；看到模型、重播或AI改写要标辅助。","5","items","0","0","unknown","0","","","本类别没有已核实的independent专门内容与证据。","https://ielts.org/take-a-test/test-types/ielts-academic-test/ielts-academic-format-listening :: structured-completion :: format"
"L07","listening","academic","official-family-variant","timed","missing","ielts-plan.L07.timed","listening-locate;listening-types;listening-full","将本类型放入新混合part，再进入40题四部分；一次播放、不开原文/提示/重播，音频故障使该次证据失效。单独小题限时是课程建议。","保留新材料与题号、首答、实际支持/用时条件及反馈来源；看到模型、重播或AI改写要标辅助。","5","items","0","0","unknown","0","","","本类别没有已核实的timed专门内容与证据。","https://ielts.org/take-a-test/test-types/ielts-academic-test/ielts-academic-format-listening :: structured-completion :: format"
"L07","listening","academic","official-family-variant","feedback","missing","ielts-plan.L07.feedback","listening-locate;listening-types;listening-full","先打开音频时间戳和规范答案，解释name_letter、number_discrimination、correction_missed、word_limit、unit_duplication，订正后做一条新题；合法替代答案有争议则转题目QA。","answer-key：原作答/原稿/录音的证据定位、具体原因、修订与新题重试；不把改稿覆盖原尝试。","1","items","0","0","unknown","0","","","本类别没有已核实的feedback专门内容与证据。","https://ielts.org/take-a-test/test-types/ielts-academic-test/ielts-academic-format-listening :: structured-completion :: format"
"L07","listening","academic","official-family-variant","review","missing","ielts-plan.L07.review","listening-locate;listening-types;listening-full","隔课程安排的间隔，换录音/场景/说话者重测填入最终事实与合法形式，不做语义自动改写。；保持首答与修订分开。","延迟后换材料/话题的第一遍无提示产出；记录原问题是否再次出现。间隔是课程选择，未验证时保持“未验证”。","1","workflows","0","0","unknown","0","","","本类别没有已核实的review专门内容与证据。","https://ielts.org/take-a-test/test-types/ielts-academic-test/ielts-academic-format-listening :: structured-completion :: format"
"L07","listening","general-training","official-family-variant","explain","missing","ielts-plan.L07.explain","listening-locate;listening-types;listening-full","讲清先预判字段类型；姓名、数字和改口后的信息须精确，输入遵守词/数字限制。 加一个作答指令理解检查。","可读/可播放的真实内容及理解或产出检查；仅存在规划文字不算学过。","1","explanations","0","0","unknown","0","","","本类别没有已核实的explain专门内容与证据。","https://ielts.org/take-a-test/test-types/ielts-academic-test/ielts-academic-format-listening :: structured-completion :: format"
"L07","listening","general-training","official-family-variant","model","missing","ielts-plan.L07.model","listening-locate;listening-types;listening-full","原创预约表包含姓名拼读和更正后的房间号；展示字段形式与最终事实。","可读/可播放的真实内容及理解或产出检查；仅存在规划文字不算学过。","1","models","0","0","unknown","0","","","本类别没有已核实的model专门内容与证据。","https://ielts.org/take-a-test/test-types/ielts-academic-test/ielts-academic-format-listening :: structured-completion :: format"
"L07","listening","general-training","official-family-variant","guided","missing","ielts-plan.L07.guided","listening-locate;listening-types;listening-full","分类姓名/日期/金额/数字字段，拼读并核对各项允许形式。","可读/可播放的真实内容及理解或产出检查；仅存在规划文字不算学过。","3","workflows","0","0","unknown","0","","","本类别没有已核实的guided专门内容与证据。","https://ielts.org/take-a-test/test-types/ielts-academic-test/ielts-academic-format-listening :: structured-completion :: format"
"L07","listening","general-training","official-family-variant","independent","missing","ielts-plan.L07.independent","listening-locate;listening-types;listening-full","在新的生活/教育对话或独白，最终覆盖四部分与不同清晰英语口音做不同于示范/跟练的首答；撤去提示、中文与参考答案。观察：填入最终事实与合法形式，不做语义自动改写。","保留新材料与题号、首答、实际支持/用时条件及反馈来源；看到模型、重播或AI改写要标辅助。","5","items","0","0","unknown","0","","","本类别没有已核实的independent专门内容与证据。","https://ielts.org/take-a-test/test-types/ielts-academic-test/ielts-academic-format-listening :: structured-completion :: format"
"L07","listening","general-training","official-family-variant","timed","missing","ielts-plan.L07.timed","listening-locate;listening-types;listening-full","将本类型放入新混合part，再进入40题四部分；一次播放、不开原文/提示/重播，音频故障使该次证据失效。单独小题限时是课程建议。","保留新材料与题号、首答、实际支持/用时条件及反馈来源；看到模型、重播或AI改写要标辅助。","5","items","0","0","unknown","0","","","本类别没有已核实的timed专门内容与证据。","https://ielts.org/take-a-test/test-types/ielts-academic-test/ielts-academic-format-listening :: structured-completion :: format"
"L07","listening","general-training","official-family-variant","feedback","missing","ielts-plan.L07.feedback","listening-locate;listening-types;listening-full","先打开音频时间戳和规范答案，解释name_letter、number_discrimination、correction_missed、word_limit、unit_duplication，订正后做一条新题；合法替代答案有争议则转题目QA。","answer-key：原作答/原稿/录音的证据定位、具体原因、修订与新题重试；不把改稿覆盖原尝试。","1","items","0","0","unknown","0","","","本类别没有已核实的feedback专门内容与证据。","https://ielts.org/take-a-test/test-types/ielts-academic-test/ielts-academic-format-listening :: structured-completion :: format"
"L07","listening","general-training","official-family-variant","review","missing","ielts-plan.L07.review","listening-locate;listening-types;listening-full","隔课程安排的间隔，换录音/场景/说话者重测填入最终事实与合法形式，不做语义自动改写。；保持首答与修订分开。","延迟后换材料/话题的第一遍无提示产出；记录原问题是否再次出现。间隔是课程选择，未验证时保持“未验证”。","1","workflows","0","0","unknown","0","","","本类别没有已核实的review专门内容与证据。","https://ielts.org/take-a-test/test-types/ielts-academic-test/ielts-academic-format-listening :: structured-completion :: format"
"L08","listening","academic","official-family-variant","explain","missing","ielts-plan.L08.explain","listening-locate;listening-types;listening-full","讲清跟随标题、层级和要点；空格的语法形式必须契合笔记。 加一个作答指令理解检查。","可读/可播放的真实内容及理解或产出检查；仅存在规划文字不算学过。","1","explanations","0","0","unknown","0","","","本类别没有已核实的explain专门内容与证据。","https://ielts.org/take-a-test/test-types/ielts-academic-test/ielts-academic-format-listening :: structured-completion :: format"
"L08","listening","academic","official-family-variant","model","missing","ielts-plan.L08.model","listening-locate;listening-types;listening-full","原创讲座片段中，说明标题和细节的关系及同义改写后的定位。","可读/可播放的真实内容及理解或产出检查；仅存在规划文字不算学过。","1","models","0","0","unknown","0","","","本类别没有已核实的model专门内容与证据。","https://ielts.org/take-a-test/test-types/ielts-academic-test/ielts-academic-format-listening :: structured-completion :: format"
"L08","listening","academic","official-family-variant","guided","missing","ielts-plan.L08.guided","listening-locate;listening-types;listening-full","标记笔记层级和预计词性，边听标当前所在要点。","可读/可播放的真实内容及理解或产出检查；仅存在规划文字不算学过。","3","workflows","0","0","unknown","0","","","本类别没有已核实的guided专门内容与证据。","https://ielts.org/take-a-test/test-types/ielts-academic-test/ielts-academic-format-listening :: structured-completion :: format"
"L08","listening","academic","official-family-variant","independent","missing","ielts-plan.L08.independent","listening-locate;listening-types;listening-full","在新的生活/教育对话或独白，最终覆盖四部分与不同清晰英语口音做不同于示范/跟练的首答；撤去提示、中文与参考答案。观察：保持笔记层级，写入被要求的来源措辞。","保留新材料与题号、首答、实际支持/用时条件及反馈来源；看到模型、重播或AI改写要标辅助。","5","items","0","0","unknown","0","","","本类别没有已核实的independent专门内容与证据。","https://ielts.org/take-a-test/test-types/ielts-academic-test/ielts-academic-format-listening :: structured-completion :: format"
"L08","listening","academic","official-family-variant","timed","missing","ielts-plan.L08.timed","listening-locate;listening-types;listening-full","将本类型放入新混合part，再进入40题四部分；一次播放、不开原文/提示/重播，音频故障使该次证据失效。单独小题限时是课程建议。","保留新材料与题号、首答、实际支持/用时条件及反馈来源；看到模型、重播或AI改写要标辅助。","5","items","0","0","unknown","0","","","本类别没有已核实的timed专门内容与证据。","https://ielts.org/take-a-test/test-types/ielts-academic-test/ielts-academic-format-listening :: structured-completion :: format"
"L08","listening","academic","official-family-variant","feedback","missing","ielts-plan.L08.feedback","listening-locate;listening-types;listening-full","先打开音频时间戳和规范答案，解释lost_position、main_vs_detail、plural_or_inflection、paraphrase，订正后做一条新题；合法替代答案有争议则转题目QA。","answer-key：原作答/原稿/录音的证据定位、具体原因、修订与新题重试；不把改稿覆盖原尝试。","1","items","0","0","unknown","0","","","本类别没有已核实的feedback专门内容与证据。","https://ielts.org/take-a-test/test-types/ielts-academic-test/ielts-academic-format-listening :: structured-completion :: format"
"L08","listening","academic","official-family-variant","review","missing","ielts-plan.L08.review","listening-locate;listening-types;listening-full","隔课程安排的间隔，换录音/场景/说话者重测保持笔记层级，写入被要求的来源措辞。；保持首答与修订分开。","延迟后换材料/话题的第一遍无提示产出；记录原问题是否再次出现。间隔是课程选择，未验证时保持“未验证”。","1","workflows","0","0","unknown","0","","","本类别没有已核实的review专门内容与证据。","https://ielts.org/take-a-test/test-types/ielts-academic-test/ielts-academic-format-listening :: structured-completion :: format"
"L08","listening","general-training","official-family-variant","explain","missing","ielts-plan.L08.explain","listening-locate;listening-types;listening-full","讲清跟随标题、层级和要点；空格的语法形式必须契合笔记。 加一个作答指令理解检查。","可读/可播放的真实内容及理解或产出检查；仅存在规划文字不算学过。","1","explanations","0","0","unknown","0","","","本类别没有已核实的explain专门内容与证据。","https://ielts.org/take-a-test/test-types/ielts-academic-test/ielts-academic-format-listening :: structured-completion :: format"
"L08","listening","general-training","official-family-variant","model","missing","ielts-plan.L08.model","listening-locate;listening-types;listening-full","原创讲座片段中，说明标题和细节的关系及同义改写后的定位。","可读/可播放的真实内容及理解或产出检查；仅存在规划文字不算学过。","1","models","0","0","unknown","0","","","本类别没有已核实的model专门内容与证据。","https://ielts.org/take-a-test/test-types/ielts-academic-test/ielts-academic-format-listening :: structured-completion :: format"
"L08","listening","general-training","official-family-variant","guided","missing","ielts-plan.L08.guided","listening-locate;listening-types;listening-full","标记笔记层级和预计词性，边听标当前所在要点。","可读/可播放的真实内容及理解或产出检查；仅存在规划文字不算学过。","3","workflows","0","0","unknown","0","","","本类别没有已核实的guided专门内容与证据。","https://ielts.org/take-a-test/test-types/ielts-academic-test/ielts-academic-format-listening :: structured-completion :: format"
"L08","listening","general-training","official-family-variant","independent","missing","ielts-plan.L08.independent","listening-locate;listening-types;listening-full","在新的生活/教育对话或独白，最终覆盖四部分与不同清晰英语口音做不同于示范/跟练的首答；撤去提示、中文与参考答案。观察：保持笔记层级，写入被要求的来源措辞。","保留新材料与题号、首答、实际支持/用时条件及反馈来源；看到模型、重播或AI改写要标辅助。","5","items","0","0","unknown","0","","","本类别没有已核实的independent专门内容与证据。","https://ielts.org/take-a-test/test-types/ielts-academic-test/ielts-academic-format-listening :: structured-completion :: format"
"L08","listening","general-training","official-family-variant","timed","missing","ielts-plan.L08.timed","listening-locate;listening-types;listening-full","将本类型放入新混合part，再进入40题四部分；一次播放、不开原文/提示/重播，音频故障使该次证据失效。单独小题限时是课程建议。","保留新材料与题号、首答、实际支持/用时条件及反馈来源；看到模型、重播或AI改写要标辅助。","5","items","0","0","unknown","0","","","本类别没有已核实的timed专门内容与证据。","https://ielts.org/take-a-test/test-types/ielts-academic-test/ielts-academic-format-listening :: structured-completion :: format"
"L08","listening","general-training","official-family-variant","feedback","missing","ielts-plan.L08.feedback","listening-locate;listening-types;listening-full","先打开音频时间戳和规范答案，解释lost_position、main_vs_detail、plural_or_inflection、paraphrase，订正后做一条新题；合法替代答案有争议则转题目QA。","answer-key：原作答/原稿/录音的证据定位、具体原因、修订与新题重试；不把改稿覆盖原尝试。","1","items","0","0","unknown","0","","","本类别没有已核实的feedback专门内容与证据。","https://ielts.org/take-a-test/test-types/ielts-academic-test/ielts-academic-format-listening :: structured-completion :: format"
"L08","listening","general-training","official-family-variant","review","missing","ielts-plan.L08.review","listening-locate;listening-types;listening-full","隔课程安排的间隔，换录音/场景/说话者重测保持笔记层级，写入被要求的来源措辞。；保持首答与修订分开。","延迟后换材料/话题的第一遍无提示产出；记录原问题是否再次出现。间隔是课程选择，未验证时保持“未验证”。","1","workflows","0","0","unknown","0","","","本类别没有已核实的review专门内容与证据。","https://ielts.org/take-a-test/test-types/ielts-academic-test/ielts-academic-format-listening :: structured-completion :: format"
"L09","listening","academic","official-family-variant","explain","missing","ielts-plan.L09.explain","listening-locate;listening-types;listening-full","讲清听前确认行列类别及已提供的单位，防止数字填错单元格。 加一个作答指令理解检查。","可读/可播放的真实内容及理解或产出检查；仅存在规划文字不算学过。","1","explanations","0","0","unknown","0","","","本类别没有已核实的explain专门内容与证据。","https://ielts.org/take-a-test/test-types/ielts-academic-test/ielts-academic-format-listening :: structured-completion :: format"
"L09","listening","academic","official-family-variant","model","missing","ielts-plan.L09.model","listening-locate;listening-types;listening-full","原创课程比较表演示费用单位已给出时不重复输入单位。","可读/可播放的真实内容及理解或产出检查；仅存在规划文字不算学过。","1","models","0","0","unknown","0","","","本类别没有已核实的model专门内容与证据。","https://ielts.org/take-a-test/test-types/ielts-academic-test/ielts-academic-format-listening :: structured-completion :: format"
"L09","listening","academic","official-family-variant","guided","missing","ielts-plan.L09.guided","listening-locate;listening-types;listening-full","预测每格信息类型，按行/列核对两所设施。","可读/可播放的真实内容及理解或产出检查；仅存在规划文字不算学过。","3","workflows","0","0","unknown","0","","","本类别没有已核实的guided专门内容与证据。","https://ielts.org/take-a-test/test-types/ielts-academic-test/ielts-academic-format-listening :: structured-completion :: format"
"L09","listening","academic","official-family-variant","independent","missing","ielts-plan.L09.independent","listening-locate;listening-types;listening-full","在新的生活/教育对话或独白，最终覆盖四部分与不同清晰英语口音做不同于示范/跟练的首答；撤去提示、中文与参考答案。观察：数值、类别和单位一致。","保留新材料与题号、首答、实际支持/用时条件及反馈来源；看到模型、重播或AI改写要标辅助。","5","items","0","0","unknown","0","","","本类别没有已核实的independent专门内容与证据。","https://ielts.org/take-a-test/test-types/ielts-academic-test/ielts-academic-format-listening :: structured-completion :: format"
"L09","listening","academic","official-family-variant","timed","missing","ielts-plan.L09.timed","listening-locate;listening-types;listening-full","将本类型放入新混合part，再进入40题四部分；一次播放、不开原文/提示/重播，音频故障使该次证据失效。单独小题限时是课程建议。","保留新材料与题号、首答、实际支持/用时条件及反馈来源；看到模型、重播或AI改写要标辅助。","5","items","0","0","unknown","0","","","本类别没有已核实的timed专门内容与证据。","https://ielts.org/take-a-test/test-types/ielts-academic-test/ielts-academic-format-listening :: structured-completion :: format"
"L09","listening","academic","official-family-variant","feedback","missing","ielts-plan.L09.feedback","listening-locate;listening-types;listening-full","先打开音频时间戳和规范答案，解释row_column、unit_duplication、comparison，订正后做一条新题；合法替代答案有争议则转题目QA。","answer-key：原作答/原稿/录音的证据定位、具体原因、修订与新题重试；不把改稿覆盖原尝试。","1","items","0","0","unknown","0","","","本类别没有已核实的feedback专门内容与证据。","https://ielts.org/take-a-test/test-types/ielts-academic-test/ielts-academic-format-listening :: structured-completion :: format"
"L09","listening","academic","official-family-variant","review","missing","ielts-plan.L09.review","listening-locate;listening-types;listening-full","隔课程安排的间隔，换录音/场景/说话者重测数值、类别和单位一致。；保持首答与修订分开。","延迟后换材料/话题的第一遍无提示产出；记录原问题是否再次出现。间隔是课程选择，未验证时保持“未验证”。","1","workflows","0","0","unknown","0","","","本类别没有已核实的review专门内容与证据。","https://ielts.org/take-a-test/test-types/ielts-academic-test/ielts-academic-format-listening :: structured-completion :: format"
"L09","listening","general-training","official-family-variant","explain","missing","ielts-plan.L09.explain","listening-locate;listening-types;listening-full","讲清听前确认行列类别及已提供的单位，防止数字填错单元格。 加一个作答指令理解检查。","可读/可播放的真实内容及理解或产出检查；仅存在规划文字不算学过。","1","explanations","0","0","unknown","0","","","本类别没有已核实的explain专门内容与证据。","https://ielts.org/take-a-test/test-types/ielts-academic-test/ielts-academic-format-listening :: structured-completion :: format"
"L09","listening","general-training","official-family-variant","model","missing","ielts-plan.L09.model","listening-locate;listening-types;listening-full","原创课程比较表演示费用单位已给出时不重复输入单位。","可读/可播放的真实内容及理解或产出检查；仅存在规划文字不算学过。","1","models","0","0","unknown","0","","","本类别没有已核实的model专门内容与证据。","https://ielts.org/take-a-test/test-types/ielts-academic-test/ielts-academic-format-listening :: structured-completion :: format"
"L09","listening","general-training","official-family-variant","guided","missing","ielts-plan.L09.guided","listening-locate;listening-types;listening-full","预测每格信息类型，按行/列核对两所设施。","可读/可播放的真实内容及理解或产出检查；仅存在规划文字不算学过。","3","workflows","0","0","unknown","0","","","本类别没有已核实的guided专门内容与证据。","https://ielts.org/take-a-test/test-types/ielts-academic-test/ielts-academic-format-listening :: structured-completion :: format"
"L09","listening","general-training","official-family-variant","independent","missing","ielts-plan.L09.independent","listening-locate;listening-types;listening-full","在新的生活/教育对话或独白，最终覆盖四部分与不同清晰英语口音做不同于示范/跟练的首答；撤去提示、中文与参考答案。观察：数值、类别和单位一致。","保留新材料与题号、首答、实际支持/用时条件及反馈来源；看到模型、重播或AI改写要标辅助。","5","items","0","0","unknown","0","","","本类别没有已核实的independent专门内容与证据。","https://ielts.org/take-a-test/test-types/ielts-academic-test/ielts-academic-format-listening :: structured-completion :: format"
"L09","listening","general-training","official-family-variant","timed","missing","ielts-plan.L09.timed","listening-locate;listening-types;listening-full","将本类型放入新混合part，再进入40题四部分；一次播放、不开原文/提示/重播，音频故障使该次证据失效。单独小题限时是课程建议。","保留新材料与题号、首答、实际支持/用时条件及反馈来源；看到模型、重播或AI改写要标辅助。","5","items","0","0","unknown","0","","","本类别没有已核实的timed专门内容与证据。","https://ielts.org/take-a-test/test-types/ielts-academic-test/ielts-academic-format-listening :: structured-completion :: format"
"L09","listening","general-training","official-family-variant","feedback","missing","ielts-plan.L09.feedback","listening-locate;listening-types;listening-full","先打开音频时间戳和规范答案，解释row_column、unit_duplication、comparison，订正后做一条新题；合法替代答案有争议则转题目QA。","answer-key：原作答/原稿/录音的证据定位、具体原因、修订与新题重试；不把改稿覆盖原尝试。","1","items","0","0","unknown","0","","","本类别没有已核实的feedback专门内容与证据。","https://ielts.org/take-a-test/test-types/ielts-academic-test/ielts-academic-format-listening :: structured-completion :: format"
"L09","listening","general-training","official-family-variant","review","missing","ielts-plan.L09.review","listening-locate;listening-types;listening-full","隔课程安排的间隔，换录音/场景/说话者重测数值、类别和单位一致。；保持首答与修订分开。","延迟后换材料/话题的第一遍无提示产出；记录原问题是否再次出现。间隔是课程选择，未验证时保持“未验证”。","1","workflows","0","0","unknown","0","","","本类别没有已核实的review专门内容与证据。","https://ielts.org/take-a-test/test-types/ielts-academic-test/ielts-academic-format-listening :: structured-completion :: format"
"L10","listening","academic","official-family-variant","explain","missing","ielts-plan.L10.explain","listening-locate;listening-types;listening-full","讲清沿流程阶段/分支定位，分清下一步与因果关系。 加一个作答指令理解检查。","可读/可播放的真实内容及理解或产出检查；仅存在规划文字不算学过。","1","explanations","0","0","unknown","0","","","本类别没有已核实的explain专门内容与证据。","https://ielts.org/take-a-test/test-types/ielts-academic-test/ielts-academic-format-listening :: structured-completion :: format"
"L10","listening","academic","official-family-variant","model","missing","ielts-plan.L10.model","listening-locate;listening-types;listening-full","原创生产说明含一处分支，展示转折/顺序信号对应的阶段。","可读/可播放的真实内容及理解或产出检查；仅存在规划文字不算学过。","1","models","0","0","unknown","0","","","本类别没有已核实的model专门内容与证据。","https://ielts.org/take-a-test/test-types/ielts-academic-test/ielts-academic-format-listening :: structured-completion :: format"
"L10","listening","academic","official-family-variant","guided","missing","ielts-plan.L10.guided","listening-locate;listening-types;listening-full","先排简单过程，再随音频补不同阶段的来源词。","可读/可播放的真实内容及理解或产出检查；仅存在规划文字不算学过。","3","workflows","0","0","unknown","0","","","本类别没有已核实的guided专门内容与证据。","https://ielts.org/take-a-test/test-types/ielts-academic-test/ielts-academic-format-listening :: structured-completion :: format"
"L10","listening","academic","official-family-variant","independent","missing","ielts-plan.L10.independent","listening-locate;listening-types;listening-full","在新的生活/教育对话或独白，最终覆盖四部分与不同清晰英语口音做不同于示范/跟练的首答；撤去提示、中文与参考答案。观察：把答案放在正确步骤，不能只认出一个词。","保留新材料与题号、首答、实际支持/用时条件及反馈来源；看到模型、重播或AI改写要标辅助。","5","items","0","0","unknown","0","","","本类别没有已核实的independent专门内容与证据。","https://ielts.org/take-a-test/test-types/ielts-academic-test/ielts-academic-format-listening :: structured-completion :: format"
"L10","listening","academic","official-family-variant","timed","missing","ielts-plan.L10.timed","listening-locate;listening-types;listening-full","将本类型放入新混合part，再进入40题四部分；一次播放、不开原文/提示/重播，音频故障使该次证据失效。单独小题限时是课程建议。","保留新材料与题号、首答、实际支持/用时条件及反馈来源；看到模型、重播或AI改写要标辅助。","5","items","0","0","unknown","0","","","本类别没有已核实的timed专门内容与证据。","https://ielts.org/take-a-test/test-types/ielts-academic-test/ielts-academic-format-listening :: structured-completion :: format"
"L10","listening","academic","official-family-variant","feedback","missing","ielts-plan.L10.feedback","listening-locate;listening-types;listening-full","先打开音频时间戳和规范答案，解释sequence、cause_effect、wrong_branch、word_class，订正后做一条新题；合法替代答案有争议则转题目QA。","answer-key：原作答/原稿/录音的证据定位、具体原因、修订与新题重试；不把改稿覆盖原尝试。","1","items","0","0","unknown","0","","","本类别没有已核实的feedback专门内容与证据。","https://ielts.org/take-a-test/test-types/ielts-academic-test/ielts-academic-format-listening :: structured-completion :: format"
"L10","listening","academic","official-family-variant","review","missing","ielts-plan.L10.review","listening-locate;listening-types;listening-full","隔课程安排的间隔，换录音/场景/说话者重测把答案放在正确步骤，不能只认出一个词。；保持首答与修订分开。","延迟后换材料/话题的第一遍无提示产出；记录原问题是否再次出现。间隔是课程选择，未验证时保持“未验证”。","1","workflows","0","0","unknown","0","","","本类别没有已核实的review专门内容与证据。","https://ielts.org/take-a-test/test-types/ielts-academic-test/ielts-academic-format-listening :: structured-completion :: format"
"L10","listening","general-training","official-family-variant","explain","missing","ielts-plan.L10.explain","listening-locate;listening-types;listening-full","讲清沿流程阶段/分支定位，分清下一步与因果关系。 加一个作答指令理解检查。","可读/可播放的真实内容及理解或产出检查；仅存在规划文字不算学过。","1","explanations","0","0","unknown","0","","","本类别没有已核实的explain专门内容与证据。","https://ielts.org/take-a-test/test-types/ielts-academic-test/ielts-academic-format-listening :: structured-completion :: format"
"L10","listening","general-training","official-family-variant","model","missing","ielts-plan.L10.model","listening-locate;listening-types;listening-full","原创生产说明含一处分支，展示转折/顺序信号对应的阶段。","可读/可播放的真实内容及理解或产出检查；仅存在规划文字不算学过。","1","models","0","0","unknown","0","","","本类别没有已核实的model专门内容与证据。","https://ielts.org/take-a-test/test-types/ielts-academic-test/ielts-academic-format-listening :: structured-completion :: format"
"L10","listening","general-training","official-family-variant","guided","missing","ielts-plan.L10.guided","listening-locate;listening-types;listening-full","先排简单过程，再随音频补不同阶段的来源词。","可读/可播放的真实内容及理解或产出检查；仅存在规划文字不算学过。","3","workflows","0","0","unknown","0","","","本类别没有已核实的guided专门内容与证据。","https://ielts.org/take-a-test/test-types/ielts-academic-test/ielts-academic-format-listening :: structured-completion :: format"
"L10","listening","general-training","official-family-variant","independent","missing","ielts-plan.L10.independent","listening-locate;listening-types;listening-full","在新的生活/教育对话或独白，最终覆盖四部分与不同清晰英语口音做不同于示范/跟练的首答；撤去提示、中文与参考答案。观察：把答案放在正确步骤，不能只认出一个词。","保留新材料与题号、首答、实际支持/用时条件及反馈来源；看到模型、重播或AI改写要标辅助。","5","items","0","0","unknown","0","","","本类别没有已核实的independent专门内容与证据。","https://ielts.org/take-a-test/test-types/ielts-academic-test/ielts-academic-format-listening :: structured-completion :: format"
"L10","listening","general-training","official-family-variant","timed","missing","ielts-plan.L10.timed","listening-locate;listening-types;listening-full","将本类型放入新混合part，再进入40题四部分；一次播放、不开原文/提示/重播，音频故障使该次证据失效。单独小题限时是课程建议。","保留新材料与题号、首答、实际支持/用时条件及反馈来源；看到模型、重播或AI改写要标辅助。","5","items","0","0","unknown","0","","","本类别没有已核实的timed专门内容与证据。","https://ielts.org/take-a-test/test-types/ielts-academic-test/ielts-academic-format-listening :: structured-completion :: format"
"L10","listening","general-training","official-family-variant","feedback","missing","ielts-plan.L10.feedback","listening-locate;listening-types;listening-full","先打开音频时间戳和规范答案，解释sequence、cause_effect、wrong_branch、word_class，订正后做一条新题；合法替代答案有争议则转题目QA。","answer-key：原作答/原稿/录音的证据定位、具体原因、修订与新题重试；不把改稿覆盖原尝试。","1","items","0","0","unknown","0","","","本类别没有已核实的feedback专门内容与证据。","https://ielts.org/take-a-test/test-types/ielts-academic-test/ielts-academic-format-listening :: structured-completion :: format"
"L10","listening","general-training","official-family-variant","review","missing","ielts-plan.L10.review","listening-locate;listening-types;listening-full","隔课程安排的间隔，换录音/场景/说话者重测把答案放在正确步骤，不能只认出一个词。；保持首答与修订分开。","延迟后换材料/话题的第一遍无提示产出；记录原问题是否再次出现。间隔是课程选择，未验证时保持“未验证”。","1","workflows","0","0","unknown","0","","","本类别没有已核实的review专门内容与证据。","https://ielts.org/take-a-test/test-types/ielts-academic-test/ielts-academic-format-listening :: structured-completion :: format"
"L11","listening","academic","official-family-variant","explain","missing","ielts-plan.L11.explain","listening-locate;listening-types;listening-full","讲清把改写后的连贯摘要对应到音频，并遵守本题词语来源/选项和词数要求。 加一个作答指令理解检查。","可读/可播放的真实内容及理解或产出检查；仅存在规划文字不算学过。","1","explanations","0","0","unknown","0","","","本类别没有已核实的explain专门内容与证据。","https://ielts.org/take-a-test/test-types/ielts-academic-test/ielts-academic-format-listening :: summary-completion :: format;https://ielts.idp.com/prepare/article-master-ielts-listening-map-labelling :: inventory: summary completion :: format;https://ielts.org/take-a-test/preparation-resources/sample-test-questions/general-training-test :: Listening sample inventory: summary :: format"
"L11","listening","academic","official-family-variant","model","missing","ielts-plan.L11.model","listening-locate;listening-types;listening-full","原创摘要句与音频措辞不同，逐步展示指代、含义和语法约束。","可读/可播放的真实内容及理解或产出检查；仅存在规划文字不算学过。","1","models","0","0","unknown","0","","","本类别没有已核实的model专门内容与证据。","https://ielts.org/take-a-test/test-types/ielts-academic-test/ielts-academic-format-listening :: summary-completion :: format;https://ielts.idp.com/prepare/article-master-ielts-listening-map-labelling :: inventory: summary completion :: format;https://ielts.org/take-a-test/preparation-resources/sample-test-questions/general-training-test :: Listening sample inventory: summary :: format"
"L11","listening","academic","official-family-variant","guided","missing","ielts-plan.L11.guided","listening-locate;listening-types;listening-full","将一句摘要关联到片段，排除意思相近但不被允许的自造同义词。","可读/可播放的真实内容及理解或产出检查；仅存在规划文字不算学过。","3","workflows","0","0","unknown","0","","","本类别没有已核实的guided专门内容与证据。","https://ielts.org/take-a-test/test-types/ielts-academic-test/ielts-academic-format-listening :: summary-completion :: format;https://ielts.idp.com/prepare/article-master-ielts-listening-map-labelling :: inventory: summary completion :: format;https://ielts.org/take-a-test/preparation-resources/sample-test-questions/general-training-test :: Listening sample inventory: summary :: format"
"L11","listening","academic","official-family-variant","independent","missing","ielts-plan.L11.independent","listening-locate;listening-types;listening-full","在新的生活/教育对话或独白，最终覆盖四部分与不同清晰英语口音做不同于示范/跟练的首答；撤去提示、中文与参考答案。观察：来源答案准确，摘要句连贯且形式符合指令。","保留新材料与题号、首答、实际支持/用时条件及反馈来源；看到模型、重播或AI改写要标辅助。","5","items","0","0","unknown","0","","","本类别没有已核实的independent专门内容与证据。","https://ielts.org/take-a-test/test-types/ielts-academic-test/ielts-academic-format-listening :: summary-completion :: format;https://ielts.idp.com/prepare/article-master-ielts-listening-map-labelling :: inventory: summary completion :: format;https://ielts.org/take-a-test/preparation-resources/sample-test-questions/general-training-test :: Listening sample inventory: summary :: format"
"L11","listening","academic","official-family-variant","timed","missing","ielts-plan.L11.timed","listening-locate;listening-types;listening-full","将本类型放入新混合part，再进入40题四部分；一次播放、不开原文/提示/重播，音频故障使该次证据失效。单独小题限时是课程建议。","保留新材料与题号、首答、实际支持/用时条件及反馈来源；看到模型、重播或AI改写要标辅助。","5","items","0","0","unknown","0","","","本类别没有已核实的timed专门内容与证据。","https://ielts.org/take-a-test/test-types/ielts-academic-test/ielts-academic-format-listening :: summary-completion :: format;https://ielts.idp.com/prepare/article-master-ielts-listening-map-labelling :: inventory: summary completion :: format;https://ielts.org/take-a-test/preparation-resources/sample-test-questions/general-training-test :: Listening sample inventory: summary :: format"
"L11","listening","academic","official-family-variant","feedback","missing","ielts-plan.L11.feedback","listening-locate;listening-types;listening-full","先打开音频时间戳和规范答案，解释paraphrase、reference、invented_synonym、word_limit，订正后做一条新题；合法替代答案有争议则转题目QA。","answer-key：原作答/原稿/录音的证据定位、具体原因、修订与新题重试；不把改稿覆盖原尝试。","1","items","0","0","unknown","0","","","本类别没有已核实的feedback专门内容与证据。","https://ielts.org/take-a-test/test-types/ielts-academic-test/ielts-academic-format-listening :: summary-completion :: format;https://ielts.idp.com/prepare/article-master-ielts-listening-map-labelling :: inventory: summary completion :: format;https://ielts.org/take-a-test/preparation-resources/sample-test-questions/general-training-test :: Listening sample inventory: summary :: format"
"L11","listening","academic","official-family-variant","review","missing","ielts-plan.L11.review","listening-locate;listening-types;listening-full","隔课程安排的间隔，换录音/场景/说话者重测来源答案准确，摘要句连贯且形式符合指令。；保持首答与修订分开。","延迟后换材料/话题的第一遍无提示产出；记录原问题是否再次出现。间隔是课程选择，未验证时保持“未验证”。","1","workflows","0","0","unknown","0","","","本类别没有已核实的review专门内容与证据。","https://ielts.org/take-a-test/test-types/ielts-academic-test/ielts-academic-format-listening :: summary-completion :: format;https://ielts.idp.com/prepare/article-master-ielts-listening-map-labelling :: inventory: summary completion :: format;https://ielts.org/take-a-test/preparation-resources/sample-test-questions/general-training-test :: Listening sample inventory: summary :: format"
"L11","listening","general-training","official-family-variant","explain","missing","ielts-plan.L11.explain","listening-locate;listening-types;listening-full","讲清把改写后的连贯摘要对应到音频，并遵守本题词语来源/选项和词数要求。 加一个作答指令理解检查。","可读/可播放的真实内容及理解或产出检查；仅存在规划文字不算学过。","1","explanations","0","0","unknown","0","","","本类别没有已核实的explain专门内容与证据。","https://ielts.org/take-a-test/test-types/ielts-academic-test/ielts-academic-format-listening :: summary-completion :: format;https://ielts.idp.com/prepare/article-master-ielts-listening-map-labelling :: inventory: summary completion :: format;https://ielts.org/take-a-test/preparation-resources/sample-test-questions/general-training-test :: Listening sample inventory: summary :: format"
"L11","listening","general-training","official-family-variant","model","missing","ielts-plan.L11.model","listening-locate;listening-types;listening-full","原创摘要句与音频措辞不同，逐步展示指代、含义和语法约束。","可读/可播放的真实内容及理解或产出检查；仅存在规划文字不算学过。","1","models","0","0","unknown","0","","","本类别没有已核实的model专门内容与证据。","https://ielts.org/take-a-test/test-types/ielts-academic-test/ielts-academic-format-listening :: summary-completion :: format;https://ielts.idp.com/prepare/article-master-ielts-listening-map-labelling :: inventory: summary completion :: format;https://ielts.org/take-a-test/preparation-resources/sample-test-questions/general-training-test :: Listening sample inventory: summary :: format"
"L11","listening","general-training","official-family-variant","guided","missing","ielts-plan.L11.guided","listening-locate;listening-types;listening-full","将一句摘要关联到片段，排除意思相近但不被允许的自造同义词。","可读/可播放的真实内容及理解或产出检查；仅存在规划文字不算学过。","3","workflows","0","0","unknown","0","","","本类别没有已核实的guided专门内容与证据。","https://ielts.org/take-a-test/test-types/ielts-academic-test/ielts-academic-format-listening :: summary-completion :: format;https://ielts.idp.com/prepare/article-master-ielts-listening-map-labelling :: inventory: summary completion :: format;https://ielts.org/take-a-test/preparation-resources/sample-test-questions/general-training-test :: Listening sample inventory: summary :: format"
"L11","listening","general-training","official-family-variant","independent","missing","ielts-plan.L11.independent","listening-locate;listening-types;listening-full","在新的生活/教育对话或独白，最终覆盖四部分与不同清晰英语口音做不同于示范/跟练的首答；撤去提示、中文与参考答案。观察：来源答案准确，摘要句连贯且形式符合指令。","保留新材料与题号、首答、实际支持/用时条件及反馈来源；看到模型、重播或AI改写要标辅助。","5","items","0","0","unknown","0","","","本类别没有已核实的independent专门内容与证据。","https://ielts.org/take-a-test/test-types/ielts-academic-test/ielts-academic-format-listening :: summary-completion :: format;https://ielts.idp.com/prepare/article-master-ielts-listening-map-labelling :: inventory: summary completion :: format;https://ielts.org/take-a-test/preparation-resources/sample-test-questions/general-training-test :: Listening sample inventory: summary :: format"
"L11","listening","general-training","official-family-variant","timed","missing","ielts-plan.L11.timed","listening-locate;listening-types;listening-full","将本类型放入新混合part，再进入40题四部分；一次播放、不开原文/提示/重播，音频故障使该次证据失效。单独小题限时是课程建议。","保留新材料与题号、首答、实际支持/用时条件及反馈来源；看到模型、重播或AI改写要标辅助。","5","items","0","0","unknown","0","","","本类别没有已核实的timed专门内容与证据。","https://ielts.org/take-a-test/test-types/ielts-academic-test/ielts-academic-format-listening :: summary-completion :: format;https://ielts.idp.com/prepare/article-master-ielts-listening-map-labelling :: inventory: summary completion :: format;https://ielts.org/take-a-test/preparation-resources/sample-test-questions/general-training-test :: Listening sample inventory: summary :: format"
"L11","listening","general-training","official-family-variant","feedback","missing","ielts-plan.L11.feedback","listening-locate;listening-types;listening-full","先打开音频时间戳和规范答案，解释paraphrase、reference、invented_synonym、word_limit，订正后做一条新题；合法替代答案有争议则转题目QA。","answer-key：原作答/原稿/录音的证据定位、具体原因、修订与新题重试；不把改稿覆盖原尝试。","1","items","0","0","unknown","0","","","本类别没有已核实的feedback专门内容与证据。","https://ielts.org/take-a-test/test-types/ielts-academic-test/ielts-academic-format-listening :: summary-completion :: format;https://ielts.idp.com/prepare/article-master-ielts-listening-map-labelling :: inventory: summary completion :: format;https://ielts.org/take-a-test/preparation-resources/sample-test-questions/general-training-test :: Listening sample inventory: summary :: format"
"L11","listening","general-training","official-family-variant","review","missing","ielts-plan.L11.review","listening-locate;listening-types;listening-full","隔课程安排的间隔，换录音/场景/说话者重测来源答案准确，摘要句连贯且形式符合指令。；保持首答与修订分开。","延迟后换材料/话题的第一遍无提示产出；记录原问题是否再次出现。间隔是课程选择，未验证时保持“未验证”。","1","workflows","0","0","unknown","0","","","本类别没有已核实的review专门内容与证据。","https://ielts.org/take-a-test/test-types/ielts-academic-test/ielts-academic-format-listening :: summary-completion :: format;https://ielts.idp.com/prepare/article-master-ielts-listening-map-labelling :: inventory: summary completion :: format;https://ielts.org/take-a-test/preparation-resources/sample-test-questions/general-training-test :: Listening sample inventory: summary :: format"
"L12","listening","academic","official-family-variant","explain","missing","ielts-plan.L12.explain","listening-locate;listening-types;listening-full","讲清完成整句关系，不能只捕捉孤立名词；数量/词形/否定也影响答案。 加一个作答指令理解检查。","可读/可播放的真实内容及理解或产出检查；仅存在规划文字不算学过。","1","explanations","0","0","unknown","0","","","本类别没有已核实的explain专门内容与证据。","https://ielts.org/take-a-test/test-types/ielts-academic-test/ielts-academic-format-listening :: sentence-completion :: format"
"L12","listening","academic","official-family-variant","model","missing","ielts-plan.L12.model","listening-locate;listening-types;listening-full","原创因果句示范原因和结果互换如何使听到的词也成错答。","可读/可播放的真实内容及理解或产出检查；仅存在规划文字不算学过。","1","models","0","0","unknown","0","","","本类别没有已核实的model专门内容与证据。","https://ielts.org/take-a-test/test-types/ielts-academic-test/ielts-academic-format-listening :: sentence-completion :: format"
"L12","listening","academic","official-family-variant","guided","missing","ielts-plan.L12.guided","listening-locate;listening-types;listening-full","预测词性和句间关系，再用来源词完成句子。","可读/可播放的真实内容及理解或产出检查；仅存在规划文字不算学过。","3","workflows","0","0","unknown","0","","","本类别没有已核实的guided专门内容与证据。","https://ielts.org/take-a-test/test-types/ielts-academic-test/ielts-academic-format-listening :: sentence-completion :: format"
"L12","listening","academic","official-family-variant","independent","missing","ielts-plan.L12.independent","listening-locate;listening-types;listening-full","在新的生活/教育对话或独白，最终覆盖四部分与不同清晰英语口音做不同于示范/跟练的首答；撤去提示、中文与参考答案。观察：完成句被音频支持、语法适配并在限制内。","保留新材料与题号、首答、实际支持/用时条件及反馈来源；看到模型、重播或AI改写要标辅助。","5","items","0","0","unknown","0","","","本类别没有已核实的independent专门内容与证据。","https://ielts.org/take-a-test/test-types/ielts-academic-test/ielts-academic-format-listening :: sentence-completion :: format"
"L12","listening","academic","official-family-variant","timed","missing","ielts-plan.L12.timed","listening-locate;listening-types;listening-full","将本类型放入新混合part，再进入40题四部分；一次播放、不开原文/提示/重播，音频故障使该次证据失效。单独小题限时是课程建议。","保留新材料与题号、首答、实际支持/用时条件及反馈来源；看到模型、重播或AI改写要标辅助。","5","items","0","0","unknown","0","","","本类别没有已核实的timed专门内容与证据。","https://ielts.org/take-a-test/test-types/ielts-academic-test/ielts-academic-format-listening :: sentence-completion :: format"
"L12","listening","academic","official-family-variant","feedback","missing","ielts-plan.L12.feedback","listening-locate;listening-types;listening-full","先打开音频时间戳和规范答案，解释cause_effect、negation、word_class、word_limit，订正后做一条新题；合法替代答案有争议则转题目QA。","answer-key：原作答/原稿/录音的证据定位、具体原因、修订与新题重试；不把改稿覆盖原尝试。","1","items","0","0","unknown","0","","","本类别没有已核实的feedback专门内容与证据。","https://ielts.org/take-a-test/test-types/ielts-academic-test/ielts-academic-format-listening :: sentence-completion :: format"
"L12","listening","academic","official-family-variant","review","missing","ielts-plan.L12.review","listening-locate;listening-types;listening-full","隔课程安排的间隔，换录音/场景/说话者重测完成句被音频支持、语法适配并在限制内。；保持首答与修订分开。","延迟后换材料/话题的第一遍无提示产出；记录原问题是否再次出现。间隔是课程选择，未验证时保持“未验证”。","1","workflows","0","0","unknown","0","","","本类别没有已核实的review专门内容与证据。","https://ielts.org/take-a-test/test-types/ielts-academic-test/ielts-academic-format-listening :: sentence-completion :: format"
"L12","listening","general-training","official-family-variant","explain","missing","ielts-plan.L12.explain","listening-locate;listening-types;listening-full","讲清完成整句关系，不能只捕捉孤立名词；数量/词形/否定也影响答案。 加一个作答指令理解检查。","可读/可播放的真实内容及理解或产出检查；仅存在规划文字不算学过。","1","explanations","0","0","unknown","0","","","本类别没有已核实的explain专门内容与证据。","https://ielts.org/take-a-test/test-types/ielts-academic-test/ielts-academic-format-listening :: sentence-completion :: format"
"L12","listening","general-training","official-family-variant","model","missing","ielts-plan.L12.model","listening-locate;listening-types;listening-full","原创因果句示范原因和结果互换如何使听到的词也成错答。","可读/可播放的真实内容及理解或产出检查；仅存在规划文字不算学过。","1","models","0","0","unknown","0","","","本类别没有已核实的model专门内容与证据。","https://ielts.org/take-a-test/test-types/ielts-academic-test/ielts-academic-format-listening :: sentence-completion :: format"
"L12","listening","general-training","official-family-variant","guided","missing","ielts-plan.L12.guided","listening-locate;listening-types;listening-full","预测词性和句间关系，再用来源词完成句子。","可读/可播放的真实内容及理解或产出检查；仅存在规划文字不算学过。","3","workflows","0","0","unknown","0","","","本类别没有已核实的guided专门内容与证据。","https://ielts.org/take-a-test/test-types/ielts-academic-test/ielts-academic-format-listening :: sentence-completion :: format"
"L12","listening","general-training","official-family-variant","independent","missing","ielts-plan.L12.independent","listening-locate;listening-types;listening-full","在新的生活/教育对话或独白，最终覆盖四部分与不同清晰英语口音做不同于示范/跟练的首答；撤去提示、中文与参考答案。观察：完成句被音频支持、语法适配并在限制内。","保留新材料与题号、首答、实际支持/用时条件及反馈来源；看到模型、重播或AI改写要标辅助。","5","items","0","0","unknown","0","","","本类别没有已核实的independent专门内容与证据。","https://ielts.org/take-a-test/test-types/ielts-academic-test/ielts-academic-format-listening :: sentence-completion :: format"
"L12","listening","general-training","official-family-variant","timed","missing","ielts-plan.L12.timed","listening-locate;listening-types;listening-full","将本类型放入新混合part，再进入40题四部分；一次播放、不开原文/提示/重播，音频故障使该次证据失效。单独小题限时是课程建议。","保留新材料与题号、首答、实际支持/用时条件及反馈来源；看到模型、重播或AI改写要标辅助。","5","items","0","0","unknown","0","","","本类别没有已核实的timed专门内容与证据。","https://ielts.org/take-a-test/test-types/ielts-academic-test/ielts-academic-format-listening :: sentence-completion :: format"
"L12","listening","general-training","official-family-variant","feedback","missing","ielts-plan.L12.feedback","listening-locate;listening-types;listening-full","先打开音频时间戳和规范答案，解释cause_effect、negation、word_class、word_limit，订正后做一条新题；合法替代答案有争议则转题目QA。","answer-key：原作答/原稿/录音的证据定位、具体原因、修订与新题重试；不把改稿覆盖原尝试。","1","items","0","0","unknown","0","","","本类别没有已核实的feedback专门内容与证据。","https://ielts.org/take-a-test/test-types/ielts-academic-test/ielts-academic-format-listening :: sentence-completion :: format"
"L12","listening","general-training","official-family-variant","review","missing","ielts-plan.L12.review","listening-locate;listening-types;listening-full","隔课程安排的间隔，换录音/场景/说话者重测完成句被音频支持、语法适配并在限制内。；保持首答与修订分开。","延迟后换材料/话题的第一遍无提示产出；记录原问题是否再次出现。间隔是课程选择，未验证时保持“未验证”。","1","workflows","0","0","unknown","0","","","本类别没有已核实的review专门内容与证据。","https://ielts.org/take-a-test/test-types/ielts-academic-test/ielts-academic-format-listening :: sentence-completion :: format"
"L13","listening","academic","official-family-variant","explain","missing","ielts-plan.L13.explain","listening-locate;listening-types;listening-full","讲清识别问的是谁/哪里/何时/什么及需几个答案；只写被要求的信息。 加一个作答指令理解检查。","可读/可播放的真实内容及理解或产出检查；仅存在规划文字不算学过。","1","explanations","0","0","unknown","0","","","本类别没有已核实的explain专门内容与证据。","https://ielts.org/take-a-test/test-types/ielts-academic-test/ielts-academic-format-listening :: short-answer :: format"
"L13","listening","academic","official-family-variant","model","missing","ielts-plan.L13.model","listening-locate;listening-types;listening-full","原创短问对比正确事实与回答了另一问题的事实。","可读/可播放的真实内容及理解或产出检查；仅存在规划文字不算学过。","1","models","0","0","unknown","0","","","本类别没有已核实的model专门内容与证据。","https://ielts.org/take-a-test/test-types/ielts-academic-test/ielts-academic-format-listening :: short-answer :: format"
"L13","listening","academic","official-family-variant","guided","missing","ielts-plan.L13.guided","listening-locate;listening-types;listening-full","给问题标注信息类别，再缩短答案到指令允许形式。","可读/可播放的真实内容及理解或产出检查；仅存在规划文字不算学过。","3","workflows","0","0","unknown","0","","","本类别没有已核实的guided专门内容与证据。","https://ielts.org/take-a-test/test-types/ielts-academic-test/ielts-academic-format-listening :: short-answer :: format"
"L13","listening","academic","official-family-variant","independent","missing","ielts-plan.L13.independent","listening-locate;listening-types;listening-full","在新的生活/教育对话或独白，最终覆盖四部分与不同清晰英语口音做不同于示范/跟练的首答；撤去提示、中文与参考答案。观察：给出全部且仅有的所需事实。","保留新材料与题号、首答、实际支持/用时条件及反馈来源；看到模型、重播或AI改写要标辅助。","5","items","0","0","unknown","0","","","本类别没有已核实的independent专门内容与证据。","https://ielts.org/take-a-test/test-types/ielts-academic-test/ielts-academic-format-listening :: short-answer :: format"
"L13","listening","academic","official-family-variant","timed","missing","ielts-plan.L13.timed","listening-locate;listening-types;listening-full","将本类型放入新混合part，再进入40题四部分；一次播放、不开原文/提示/重播，音频故障使该次证据失效。单独小题限时是课程建议。","保留新材料与题号、首答、实际支持/用时条件及反馈来源；看到模型、重播或AI改写要标辅助。","5","items","0","0","unknown","0","","","本类别没有已核实的timed专门内容与证据。","https://ielts.org/take-a-test/test-types/ielts-academic-test/ielts-academic-format-listening :: short-answer :: format"
"L13","listening","academic","official-family-variant","feedback","missing","ielts-plan.L13.feedback","listening-locate;listening-types;listening-full","先打开音频时间戳和规范答案，解释wrong_fact_type、required_answer_count、extra_words、spelling，订正后做一条新题；合法替代答案有争议则转题目QA。","answer-key：原作答/原稿/录音的证据定位、具体原因、修订与新题重试；不把改稿覆盖原尝试。","1","items","0","0","unknown","0","","","本类别没有已核实的feedback专门内容与证据。","https://ielts.org/take-a-test/test-types/ielts-academic-test/ielts-academic-format-listening :: short-answer :: format"
"L13","listening","academic","official-family-variant","review","missing","ielts-plan.L13.review","listening-locate;listening-types;listening-full","隔课程安排的间隔，换录音/场景/说话者重测给出全部且仅有的所需事实。；保持首答与修订分开。","延迟后换材料/话题的第一遍无提示产出；记录原问题是否再次出现。间隔是课程选择，未验证时保持“未验证”。","1","workflows","0","0","unknown","0","","","本类别没有已核实的review专门内容与证据。","https://ielts.org/take-a-test/test-types/ielts-academic-test/ielts-academic-format-listening :: short-answer :: format"
"L13","listening","general-training","official-family-variant","explain","missing","ielts-plan.L13.explain","listening-locate;listening-types;listening-full","讲清识别问的是谁/哪里/何时/什么及需几个答案；只写被要求的信息。 加一个作答指令理解检查。","可读/可播放的真实内容及理解或产出检查；仅存在规划文字不算学过。","1","explanations","0","0","unknown","0","","","本类别没有已核实的explain专门内容与证据。","https://ielts.org/take-a-test/test-types/ielts-academic-test/ielts-academic-format-listening :: short-answer :: format"
"L13","listening","general-training","official-family-variant","model","missing","ielts-plan.L13.model","listening-locate;listening-types;listening-full","原创短问对比正确事实与回答了另一问题的事实。","可读/可播放的真实内容及理解或产出检查；仅存在规划文字不算学过。","1","models","0","0","unknown","0","","","本类别没有已核实的model专门内容与证据。","https://ielts.org/take-a-test/test-types/ielts-academic-test/ielts-academic-format-listening :: short-answer :: format"
"L13","listening","general-training","official-family-variant","guided","missing","ielts-plan.L13.guided","listening-locate;listening-types;listening-full","给问题标注信息类别，再缩短答案到指令允许形式。","可读/可播放的真实内容及理解或产出检查；仅存在规划文字不算学过。","3","workflows","0","0","unknown","0","","","本类别没有已核实的guided专门内容与证据。","https://ielts.org/take-a-test/test-types/ielts-academic-test/ielts-academic-format-listening :: short-answer :: format"
"L13","listening","general-training","official-family-variant","independent","missing","ielts-plan.L13.independent","listening-locate;listening-types;listening-full","在新的生活/教育对话或独白，最终覆盖四部分与不同清晰英语口音做不同于示范/跟练的首答；撤去提示、中文与参考答案。观察：给出全部且仅有的所需事实。","保留新材料与题号、首答、实际支持/用时条件及反馈来源；看到模型、重播或AI改写要标辅助。","5","items","0","0","unknown","0","","","本类别没有已核实的independent专门内容与证据。","https://ielts.org/take-a-test/test-types/ielts-academic-test/ielts-academic-format-listening :: short-answer :: format"
"L13","listening","general-training","official-family-variant","timed","missing","ielts-plan.L13.timed","listening-locate;listening-types;listening-full","将本类型放入新混合part，再进入40题四部分；一次播放、不开原文/提示/重播，音频故障使该次证据失效。单独小题限时是课程建议。","保留新材料与题号、首答、实际支持/用时条件及反馈来源；看到模型、重播或AI改写要标辅助。","5","items","0","0","unknown","0","","","本类别没有已核实的timed专门内容与证据。","https://ielts.org/take-a-test/test-types/ielts-academic-test/ielts-academic-format-listening :: short-answer :: format"
"L13","listening","general-training","official-family-variant","feedback","missing","ielts-plan.L13.feedback","listening-locate;listening-types;listening-full","先打开音频时间戳和规范答案，解释wrong_fact_type、required_answer_count、extra_words、spelling，订正后做一条新题；合法替代答案有争议则转题目QA。","answer-key：原作答/原稿/录音的证据定位、具体原因、修订与新题重试；不把改稿覆盖原尝试。","1","items","0","0","unknown","0","","","本类别没有已核实的feedback专门内容与证据。","https://ielts.org/take-a-test/test-types/ielts-academic-test/ielts-academic-format-listening :: short-answer :: format"
"L13","listening","general-training","official-family-variant","review","missing","ielts-plan.L13.review","listening-locate;listening-types;listening-full","隔课程安排的间隔，换录音/场景/说话者重测给出全部且仅有的所需事实。；保持首答与修订分开。","延迟后换材料/话题的第一遍无提示产出；记录原问题是否再次出现。间隔是课程选择，未验证时保持“未验证”。","1","workflows","0","0","unknown","0","","","本类别没有已核实的review专门内容与证据。","https://ielts.org/take-a-test/test-types/ielts-academic-test/ielts-academic-format-listening :: short-answer :: format"
"R01-A","reading","academic","official-family-variant","explain","partial","ielts-plan.R01-A.explain","reading-evidence;reading-types;reading-full","讲清用原文支持完整意思，不能靠关键词或合理常识选答案。 加一个作答指令理解检查。","可读/可播放的真实内容及理解或产出检查；仅存在规划文字不算学过。","1","explanations","1","unknown","unknown","0","ielts-r1;ielts-r3;ielts-r5;ielts-r8","app/data/ielts.json#reading.questions (MC)","同一短篇4道单选；只有建议12分钟计时，中文提示/逐题答案开放；错题复做无原文。短篇只是Academic衔接，非完整考试语境。","https://ielts.org/take-a-test/test-types/ielts-academic-test/ielts-academic-format-reading :: multiple-choice：官方Academic分类 :: format"
"R01-A","reading","academic","official-family-variant","model","missing","ielts-plan.R01-A.model","reading-evidence;reading-types;reading-full","原创文本有两个相近选项，展示范围词怎样排除一个。","可读/可播放的真实内容及理解或产出检查；仅存在规划文字不算学过。","1","models","0","0","unknown","0","","","本类别没有已核实的model专门内容与证据。","https://ielts.org/take-a-test/test-types/ielts-academic-test/ielts-academic-format-reading :: multiple-choice：官方Academic分类 :: format"
"R01-A","reading","academic","official-family-variant","guided","missing","ielts-plan.R01-A.guided","reading-evidence;reading-types;reading-full","标出证据句，再解释最接近的错误项。","可读/可播放的真实内容及理解或产出检查；仅存在规划文字不算学过。","3","workflows","0","0","unknown","0","","","本类别没有已核实的guided专门内容与证据。","https://ielts.org/take-a-test/test-types/ielts-academic-test/ielts-academic-format-reading :: multiple-choice：官方Academic分类 :: format"
"R01-A","reading","academic","official-family-variant","independent","partial","ielts-plan.R01-A.independent","reading-evidence;reading-types;reading-full","在新的Academic一般兴趣长文；覆盖论述、描述、叙事与图示信息做不同于示范/跟练的首答；撤去提示、中文与参考答案。观察：找到充分证据并说明最近干扰项为什么不成立。","保留新材料与题号、首答、实际支持/用时条件及反馈来源；看到模型、重播或AI改写要标辅助。","5","items","4","unknown","unknown","0","ielts-r1;ielts-r3;ielts-r5;ielts-r8","app/data/ielts.json#reading.questions (MC)","同一短篇4道单选；只有建议12分钟计时，中文提示/逐题答案开放；错题复做无原文。短篇只是Academic衔接，非完整考试语境。","https://ielts.org/take-a-test/test-types/ielts-academic-test/ielts-academic-format-reading :: multiple-choice：官方Academic分类 :: format"
"R01-A","reading","academic","official-family-variant","timed","partial","ielts-plan.R01-A.timed","reading-evidence;reading-types;reading-full","将本类型放入新混合Academic篇章，再进入本类别40题/三部分/60分钟练习；时间含输入答案。短题预算不是官方换分。","保留新材料与题号、首答、实际支持/用时条件及反馈来源；看到模型、重播或AI改写要标辅助。","5","items","4","unknown","unknown","0","ielts-r1;ielts-r3;ielts-r5;ielts-r8","app/data/ielts.json#reading.questions (MC)","同一短篇4道单选；只有建议12分钟计时，中文提示/逐题答案开放；错题复做无原文。短篇只是Academic衔接，非完整考试语境。","https://ielts.org/take-a-test/test-types/ielts-academic-test/ielts-academic-format-reading :: multiple-choice：官方Academic分类 :: format"
"R01-A","reading","academic","official-family-variant","feedback","partial","ielts-plan.R01-A.feedback","reading-evidence;reading-types;reading-full","先打开原文证据段和规范答案，解释keyword_lure、quantifier_scope、outside_knowledge，订正后做一条新题；合法替代答案有争议则转题目QA。","answer-key：原作答/原稿/录音的证据定位、具体原因、修订与新题重试；不把改稿覆盖原尝试。","1","items","4","unknown","unknown","0","ielts-r1;ielts-r3;ielts-r5;ielts-r8","app/data/ielts.json#reading.questions (MC)","同一短篇4道单选；只有建议12分钟计时，中文提示/逐题答案开放；错题复做无原文。短篇只是Academic衔接，非完整考试语境。","https://ielts.org/take-a-test/test-types/ielts-academic-test/ielts-academic-format-reading :: multiple-choice：官方Academic分类 :: format"
"R01-A","reading","academic","official-family-variant","review","partial","ielts-plan.R01-A.review","reading-evidence;reading-types;reading-full","隔课程安排的间隔，换材料/文本语境重测找到充分证据并说明最近干扰项为什么不成立。；保持首答与修订分开。","延迟后换材料/话题的第一遍无提示产出；记录原问题是否再次出现。间隔是课程选择，未验证时保持“未验证”。","1","workflows","1","unknown","unknown","0","ielts-r1;ielts-r3;ielts-r5;ielts-r8","app/data/ielts.json#reading.questions (MC)","同一短篇4道单选；只有建议12分钟计时，中文提示/逐题答案开放；错题复做无原文。短篇只是Academic衔接，非完整考试语境。","https://ielts.org/take-a-test/test-types/ielts-academic-test/ielts-academic-format-reading :: multiple-choice：官方Academic分类 :: format"
"R01-GT","reading","general-training","official-family-variant","explain","missing","ielts-plan.R01-GT.explain","","讲清用原文支持完整意思，不能靠关键词或合理常识选答案。 加一个作答指令理解检查。","可读/可播放的真实内容及理解或产出检查；仅存在规划文字不算学过。","1","explanations","0","0","unknown","0","","","本类别没有已核实的explain专门内容与证据。","https://takeielts.britishcouncil.org/prepare/ielts-free-practice-mock-tests/general-training/reading?language=en :: multiple-choice：GT明确题型并集 :: format"
"R01-GT","reading","general-training","official-family-variant","model","missing","ielts-plan.R01-GT.model","","原创文本有两个相近选项，展示范围词怎样排除一个。","可读/可播放的真实内容及理解或产出检查；仅存在规划文字不算学过。","1","models","0","0","unknown","0","","","本类别没有已核实的model专门内容与证据。","https://takeielts.britishcouncil.org/prepare/ielts-free-practice-mock-tests/general-training/reading?language=en :: multiple-choice：GT明确题型并集 :: format"
"R01-GT","reading","general-training","official-family-variant","guided","missing","ielts-plan.R01-GT.guided","","标出证据句，再解释最接近的错误项。","可读/可播放的真实内容及理解或产出检查；仅存在规划文字不算学过。","3","workflows","0","0","unknown","0","","","本类别没有已核实的guided专门内容与证据。","https://takeielts.britishcouncil.org/prepare/ielts-free-practice-mock-tests/general-training/reading?language=en :: multiple-choice：GT明确题型并集 :: format"
"R01-GT","reading","general-training","official-family-variant","independent","missing","ielts-plan.R01-GT.independent","","在新的GT日常短文件、工作材料或长篇一般兴趣文做不同于示范/跟练的首答；撤去提示、中文与参考答案。观察：找到充分证据并说明最近干扰项为什么不成立。","保留新材料与题号、首答、实际支持/用时条件及反馈来源；看到模型、重播或AI改写要标辅助。","5","items","0","0","unknown","0","","","本类别没有已核实的independent专门内容与证据。","https://takeielts.britishcouncil.org/prepare/ielts-free-practice-mock-tests/general-training/reading?language=en :: multiple-choice：GT明确题型并集 :: format"
"R01-GT","reading","general-training","official-family-variant","timed","missing","ielts-plan.R01-GT.timed","","将本类型放入新混合GT篇章，再进入本类别40题/三部分/60分钟练习；时间含输入答案。短题预算不是官方换分。","保留新材料与题号、首答、实际支持/用时条件及反馈来源；看到模型、重播或AI改写要标辅助。","5","items","0","0","unknown","0","","","本类别没有已核实的timed专门内容与证据。","https://takeielts.britishcouncil.org/prepare/ielts-free-practice-mock-tests/general-training/reading?language=en :: multiple-choice：GT明确题型并集 :: format"
"R01-GT","reading","general-training","official-family-variant","feedback","missing","ielts-plan.R01-GT.feedback","","先打开原文证据段和规范答案，解释keyword_lure、quantifier_scope、outside_knowledge，订正后做一条新题；合法替代答案有争议则转题目QA。","answer-key：原作答/原稿/录音的证据定位、具体原因、修订与新题重试；不把改稿覆盖原尝试。","1","items","0","0","unknown","0","","","本类别没有已核实的feedback专门内容与证据。","https://takeielts.britishcouncil.org/prepare/ielts-free-practice-mock-tests/general-training/reading?language=en :: multiple-choice：GT明确题型并集 :: format"
"R01-GT","reading","general-training","official-family-variant","review","missing","ielts-plan.R01-GT.review","","隔课程安排的间隔，换材料/文本语境重测找到充分证据并说明最近干扰项为什么不成立。；保持首答与修订分开。","延迟后换材料/话题的第一遍无提示产出；记录原问题是否再次出现。间隔是课程选择，未验证时保持“未验证”。","1","workflows","0","0","unknown","0","","","本类别没有已核实的review专门内容与证据。","https://takeielts.britishcouncil.org/prepare/ielts-free-practice-mock-tests/general-training/reading?language=en :: multiple-choice：GT明确题型并集 :: format"
"R02-A","reading","academic","official-family-variant","explain","missing","ielts-plan.R02-A.explain","reading-evidence;reading-types;reading-full","讲清每个选择都要有原文支持，并且满足规定选择数。 加一个作答指令理解检查。","可读/可播放的真实内容及理解或产出检查；仅存在规划文字不算学过。","1","explanations","0","0","unknown","0","","","本类别没有已核实的explain专门内容与证据。","https://ielts.org/take-a-test/test-types/ielts-academic-test/ielts-academic-format-reading :: multiple-choice：官方Academic分类 :: format"
"R02-A","reading","academic","official-family-variant","model","missing","ielts-plan.R02-A.model","reading-evidence;reading-types;reading-full","原创select-two题分别展示两条依据与仅部分被支持的选项。","可读/可播放的真实内容及理解或产出检查；仅存在规划文字不算学过。","1","models","0","0","unknown","0","","","本类别没有已核实的model专门内容与证据。","https://ielts.org/take-a-test/test-types/ielts-academic-test/ielts-academic-format-reading :: multiple-choice：官方Academic分类 :: format"
"R02-A","reading","academic","official-family-variant","guided","missing","ielts-plan.R02-A.guided","reading-evidence;reading-types;reading-full","填证据矩阵，检查每项和总选择数。","可读/可播放的真实内容及理解或产出检查；仅存在规划文字不算学过。","3","workflows","0","0","unknown","0","","","本类别没有已核实的guided专门内容与证据。","https://ielts.org/take-a-test/test-types/ielts-academic-test/ielts-academic-format-reading :: multiple-choice：官方Academic分类 :: format"
"R02-A","reading","academic","official-family-variant","independent","missing","ielts-plan.R02-A.independent","reading-evidence;reading-types;reading-full","在新的Academic一般兴趣长文；覆盖论述、描述、叙事与图示信息做不同于示范/跟练的首答；撤去提示、中文与参考答案。观察：每个选择分别成立，不靠多选碰碰运气。","保留新材料与题号、首答、实际支持/用时条件及反馈来源；看到模型、重播或AI改写要标辅助。","5","items","0","0","unknown","0","","","本类别没有已核实的independent专门内容与证据。","https://ielts.org/take-a-test/test-types/ielts-academic-test/ielts-academic-format-reading :: multiple-choice：官方Academic分类 :: format"
"R02-A","reading","academic","official-family-variant","timed","missing","ielts-plan.R02-A.timed","reading-evidence;reading-types;reading-full","将本类型放入新混合Academic篇章，再进入本类别40题/三部分/60分钟练习；时间含输入答案。短题预算不是官方换分。","保留新材料与题号、首答、实际支持/用时条件及反馈来源；看到模型、重播或AI改写要标辅助。","5","items","0","0","unknown","0","","","本类别没有已核实的timed专门内容与证据。","https://ielts.org/take-a-test/test-types/ielts-academic-test/ielts-academic-format-reading :: multiple-choice：官方Academic分类 :: format"
"R02-A","reading","academic","official-family-variant","feedback","missing","ielts-plan.R02-A.feedback","reading-evidence;reading-types;reading-full","先打开原文证据段和规范答案，解释selection_count、partial_support、extra_selection，订正后做一条新题；合法替代答案有争议则转题目QA。","answer-key：原作答/原稿/录音的证据定位、具体原因、修订与新题重试；不把改稿覆盖原尝试。","1","items","0","0","unknown","0","","","本类别没有已核实的feedback专门内容与证据。","https://ielts.org/take-a-test/test-types/ielts-academic-test/ielts-academic-format-reading :: multiple-choice：官方Academic分类 :: format"
"R02-A","reading","academic","official-family-variant","review","missing","ielts-plan.R02-A.review","reading-evidence;reading-types;reading-full","隔课程安排的间隔，换材料/文本语境重测每个选择分别成立，不靠多选碰碰运气。；保持首答与修订分开。","延迟后换材料/话题的第一遍无提示产出；记录原问题是否再次出现。间隔是课程选择，未验证时保持“未验证”。","1","workflows","0","0","unknown","0","","","本类别没有已核实的review专门内容与证据。","https://ielts.org/take-a-test/test-types/ielts-academic-test/ielts-academic-format-reading :: multiple-choice：官方Academic分类 :: format"
"R02-GT","reading","general-training","official-family-variant","explain","missing","ielts-plan.R02-GT.explain","","讲清每个选择都要有原文支持，并且满足规定选择数。 加一个作答指令理解检查。","可读/可播放的真实内容及理解或产出检查；仅存在规划文字不算学过。","1","explanations","0","0","unknown","0","","","本类别没有已核实的explain专门内容与证据。","https://takeielts.britishcouncil.org/prepare/ielts-free-practice-mock-tests/general-training/reading?language=en :: multiple-choice：GT明确题型并集 :: format"
"R02-GT","reading","general-training","official-family-variant","model","missing","ielts-plan.R02-GT.model","","原创select-two题分别展示两条依据与仅部分被支持的选项。","可读/可播放的真实内容及理解或产出检查；仅存在规划文字不算学过。","1","models","0","0","unknown","0","","","本类别没有已核实的model专门内容与证据。","https://takeielts.britishcouncil.org/prepare/ielts-free-practice-mock-tests/general-training/reading?language=en :: multiple-choice：GT明确题型并集 :: format"
"R02-GT","reading","general-training","official-family-variant","guided","missing","ielts-plan.R02-GT.guided","","填证据矩阵，检查每项和总选择数。","可读/可播放的真实内容及理解或产出检查；仅存在规划文字不算学过。","3","workflows","0","0","unknown","0","","","本类别没有已核实的guided专门内容与证据。","https://takeielts.britishcouncil.org/prepare/ielts-free-practice-mock-tests/general-training/reading?language=en :: multiple-choice：GT明确题型并集 :: format"
"R02-GT","reading","general-training","official-family-variant","independent","missing","ielts-plan.R02-GT.independent","","在新的GT日常短文件、工作材料或长篇一般兴趣文做不同于示范/跟练的首答；撤去提示、中文与参考答案。观察：每个选择分别成立，不靠多选碰碰运气。","保留新材料与题号、首答、实际支持/用时条件及反馈来源；看到模型、重播或AI改写要标辅助。","5","items","0","0","unknown","0","","","本类别没有已核实的independent专门内容与证据。","https://takeielts.britishcouncil.org/prepare/ielts-free-practice-mock-tests/general-training/reading?language=en :: multiple-choice：GT明确题型并集 :: format"
"R02-GT","reading","general-training","official-family-variant","timed","missing","ielts-plan.R02-GT.timed","","将本类型放入新混合GT篇章，再进入本类别40题/三部分/60分钟练习；时间含输入答案。短题预算不是官方换分。","保留新材料与题号、首答、实际支持/用时条件及反馈来源；看到模型、重播或AI改写要标辅助。","5","items","0","0","unknown","0","","","本类别没有已核实的timed专门内容与证据。","https://takeielts.britishcouncil.org/prepare/ielts-free-practice-mock-tests/general-training/reading?language=en :: multiple-choice：GT明确题型并集 :: format"
"R02-GT","reading","general-training","official-family-variant","feedback","missing","ielts-plan.R02-GT.feedback","","先打开原文证据段和规范答案，解释selection_count、partial_support、extra_selection，订正后做一条新题；合法替代答案有争议则转题目QA。","answer-key：原作答/原稿/录音的证据定位、具体原因、修订与新题重试；不把改稿覆盖原尝试。","1","items","0","0","unknown","0","","","本类别没有已核实的feedback专门内容与证据。","https://takeielts.britishcouncil.org/prepare/ielts-free-practice-mock-tests/general-training/reading?language=en :: multiple-choice：GT明确题型并集 :: format"
"R02-GT","reading","general-training","official-family-variant","review","missing","ielts-plan.R02-GT.review","","隔课程安排的间隔，换材料/文本语境重测每个选择分别成立，不靠多选碰碰运气。；保持首答与修订分开。","延迟后换材料/话题的第一遍无提示产出；记录原问题是否再次出现。间隔是课程选择，未验证时保持“未验证”。","1","workflows","0","0","unknown","0","","","本类别没有已核实的review专门内容与证据。","https://takeielts.britishcouncil.org/prepare/ielts-free-practice-mock-tests/general-training/reading?language=en :: multiple-choice：GT明确题型并集 :: format"
"R03-A","reading","academic","official-family-variant","explain","partial","ielts-plan.R03-A.explain","reading-evidence;reading-types;reading-full","讲清True有支持，False有矛盾，Not Given缺判断所需信息；不借外部知识补证据。 加一个作答指令理解检查。","可读/可播放的真实内容及理解或产出检查；仅存在规划文字不算学过。","1","explanations","1","unknown","unknown","0","ielts-r2;ielts-r4;ielts-r6;ielts-r7","app/data/ielts.json#reading.questions (TFNG);app/ielts-journey-content.ts#read-evidence","单篇4道TFNG；无独立新套/完整卷/有效延迟迁移；不能把重复已知题认定为保持。 旧经典路线1示范/1引导/3短句核对；主地图未接。基础证据/矛盾/缺失识别，不能证明两种正式文本或评分覆盖。","https://ielts.org/take-a-test/test-types/ielts-academic-test/ielts-academic-format-reading :: identifying-information：官方Academic分类 :: format"
"R03-A","reading","academic","official-family-variant","model","partial","ielts-plan.R03-A.model","reading-evidence;reading-types;reading-full","原创对比题中的缺失比较信息，展示“矛盾”与“没说”的区别。","可读/可播放的真实内容及理解或产出检查；仅存在规划文字不算学过。","1","models","0","0","unknown","0","","app/ielts-journey-content.ts#read-evidence","旧经典路线1示范/1引导/3短句核对；主地图未接。基础证据/矛盾/缺失识别，不能证明两种正式文本或评分覆盖。","https://ielts.org/take-a-test/test-types/ielts-academic-test/ielts-academic-format-reading :: identifying-information：官方Academic分类 :: format"
"R03-A","reading","academic","official-family-variant","guided","partial","ielts-plan.R03-A.guided","reading-evidence;reading-types;reading-full","标题干命题及范围，分类支持/矛盾/缺失。","可读/可播放的真实内容及理解或产出检查；仅存在规划文字不算学过。","3","workflows","0","0","unknown","0","","app/ielts-journey-content.ts#read-evidence","旧经典路线1示范/1引导/3短句核对；主地图未接。基础证据/矛盾/缺失识别，不能证明两种正式文本或评分覆盖。","https://ielts.org/take-a-test/test-types/ielts-academic-test/ielts-academic-format-reading :: identifying-information：官方Academic分类 :: format"
"R03-A","reading","academic","official-family-variant","independent","partial","ielts-plan.R03-A.independent","reading-evidence;reading-types;reading-full","在新的Academic一般兴趣长文；覆盖论述、描述、叙事与图示信息做不同于示范/跟练的首答；撤去提示、中文与参考答案。观察：False指出矛盾词，NG说明缺了哪条命题信息。","保留新材料与题号、首答、实际支持/用时条件及反馈来源；看到模型、重播或AI改写要标辅助。","5","items","4","unknown","unknown","0","ielts-r2;ielts-r4;ielts-r6;ielts-r7","app/data/ielts.json#reading.questions (TFNG);app/ielts-journey-content.ts#read-evidence","单篇4道TFNG；无独立新套/完整卷/有效延迟迁移；不能把重复已知题认定为保持。 旧经典路线1示范/1引导/3短句核对；主地图未接。基础证据/矛盾/缺失识别，不能证明两种正式文本或评分覆盖。","https://ielts.org/take-a-test/test-types/ielts-academic-test/ielts-academic-format-reading :: identifying-information：官方Academic分类 :: format"
"R03-A","reading","academic","official-family-variant","timed","partial","ielts-plan.R03-A.timed","reading-evidence;reading-types;reading-full","将本类型放入新混合Academic篇章，再进入本类别40题/三部分/60分钟练习；时间含输入答案。短题预算不是官方换分。","保留新材料与题号、首答、实际支持/用时条件及反馈来源；看到模型、重播或AI改写要标辅助。","5","items","4","unknown","unknown","0","ielts-r2;ielts-r4;ielts-r6;ielts-r7","app/data/ielts.json#reading.questions (TFNG)","单篇4道TFNG；无独立新套/完整卷/有效延迟迁移；不能把重复已知题认定为保持。","https://ielts.org/take-a-test/test-types/ielts-academic-test/ielts-academic-format-reading :: identifying-information：官方Academic分类 :: format"
"R03-A","reading","academic","official-family-variant","feedback","partial","ielts-plan.R03-A.feedback","reading-evidence;reading-types;reading-full","先打开原文证据段和规范答案，解释evidence_absence、outside_knowledge、quantifier_scope，订正后做一条新题；合法替代答案有争议则转题目QA。","answer-key：原作答/原稿/录音的证据定位、具体原因、修订与新题重试；不把改稿覆盖原尝试。","1","items","4","unknown","unknown","0","ielts-r2;ielts-r4;ielts-r6;ielts-r7","app/data/ielts.json#reading.questions (TFNG);app/ielts-journey-content.ts#read-evidence","单篇4道TFNG；无独立新套/完整卷/有效延迟迁移；不能把重复已知题认定为保持。 旧经典路线1示范/1引导/3短句核对；主地图未接。基础证据/矛盾/缺失识别，不能证明两种正式文本或评分覆盖。","https://ielts.org/take-a-test/test-types/ielts-academic-test/ielts-academic-format-reading :: identifying-information：官方Academic分类 :: format"
"R03-A","reading","academic","official-family-variant","review","partial","ielts-plan.R03-A.review","reading-evidence;reading-types;reading-full","隔课程安排的间隔，换材料/文本语境重测False指出矛盾词，NG说明缺了哪条命题信息。；保持首答与修订分开。","延迟后换材料/话题的第一遍无提示产出；记录原问题是否再次出现。间隔是课程选择，未验证时保持“未验证”。","1","workflows","1","unknown","unknown","0","ielts-r2;ielts-r4;ielts-r6;ielts-r7","app/data/ielts.json#reading.questions (TFNG);app/ielts-journey-content.ts#read-evidence","单篇4道TFNG；无独立新套/完整卷/有效延迟迁移；不能把重复已知题认定为保持。 旧经典路线1示范/1引导/3短句核对；主地图未接。基础证据/矛盾/缺失识别，不能证明两种正式文本或评分覆盖。","https://ielts.org/take-a-test/test-types/ielts-academic-test/ielts-academic-format-reading :: identifying-information：官方Academic分类 :: format"
"R03-GT","reading","general-training","official-family-variant","explain","partial","ielts-plan.R03-GT.explain","","讲清True有支持，False有矛盾，Not Given缺判断所需信息；不借外部知识补证据。 加一个作答指令理解检查。","可读/可播放的真实内容及理解或产出检查；仅存在规划文字不算学过。","1","explanations","0","0","unknown","0","","app/ielts-journey-content.ts#read-evidence","旧经典路线1示范/1引导/3短句核对；主地图未接。基础证据/矛盾/缺失识别，不能证明两种正式文本或评分覆盖。","https://takeielts.britishcouncil.org/prepare/ielts-free-practice-mock-tests/general-training/reading?language=en :: identifying-information：GT明确题型并集 :: format"
"R03-GT","reading","general-training","official-family-variant","model","partial","ielts-plan.R03-GT.model","","原创对比题中的缺失比较信息，展示“矛盾”与“没说”的区别。","可读/可播放的真实内容及理解或产出检查；仅存在规划文字不算学过。","1","models","0","0","unknown","0","","app/ielts-journey-content.ts#read-evidence","旧经典路线1示范/1引导/3短句核对；主地图未接。基础证据/矛盾/缺失识别，不能证明两种正式文本或评分覆盖。","https://takeielts.britishcouncil.org/prepare/ielts-free-practice-mock-tests/general-training/reading?language=en :: identifying-information：GT明确题型并集 :: format"
"R03-GT","reading","general-training","official-family-variant","guided","partial","ielts-plan.R03-GT.guided","","标题干命题及范围，分类支持/矛盾/缺失。","可读/可播放的真实内容及理解或产出检查；仅存在规划文字不算学过。","3","workflows","0","0","unknown","0","","app/ielts-journey-content.ts#read-evidence","旧经典路线1示范/1引导/3短句核对；主地图未接。基础证据/矛盾/缺失识别，不能证明两种正式文本或评分覆盖。","https://takeielts.britishcouncil.org/prepare/ielts-free-practice-mock-tests/general-training/reading?language=en :: identifying-information：GT明确题型并集 :: format"
"R03-GT","reading","general-training","official-family-variant","independent","partial","ielts-plan.R03-GT.independent","","在新的GT日常短文件、工作材料或长篇一般兴趣文做不同于示范/跟练的首答；撤去提示、中文与参考答案。观察：False指出矛盾词，NG说明缺了哪条命题信息。","保留新材料与题号、首答、实际支持/用时条件及反馈来源；看到模型、重播或AI改写要标辅助。","5","items","0","0","unknown","0","","app/ielts-journey-content.ts#read-evidence","旧经典路线1示范/1引导/3短句核对；主地图未接。基础证据/矛盾/缺失识别，不能证明两种正式文本或评分覆盖。","https://takeielts.britishcouncil.org/prepare/ielts-free-practice-mock-tests/general-training/reading?language=en :: identifying-information：GT明确题型并集 :: format"
"R03-GT","reading","general-training","official-family-variant","timed","missing","ielts-plan.R03-GT.timed","","将本类型放入新混合GT篇章，再进入本类别40题/三部分/60分钟练习；时间含输入答案。短题预算不是官方换分。","保留新材料与题号、首答、实际支持/用时条件及反馈来源；看到模型、重播或AI改写要标辅助。","5","items","0","0","unknown","0","","","本类别没有已核实的timed专门内容与证据。","https://takeielts.britishcouncil.org/prepare/ielts-free-practice-mock-tests/general-training/reading?language=en :: identifying-information：GT明确题型并集 :: format"
"R03-GT","reading","general-training","official-family-variant","feedback","partial","ielts-plan.R03-GT.feedback","","先打开原文证据段和规范答案，解释evidence_absence、outside_knowledge、quantifier_scope，订正后做一条新题；合法替代答案有争议则转题目QA。","answer-key：原作答/原稿/录音的证据定位、具体原因、修订与新题重试；不把改稿覆盖原尝试。","1","items","0","0","unknown","0","","app/ielts-journey-content.ts#read-evidence","旧经典路线1示范/1引导/3短句核对；主地图未接。基础证据/矛盾/缺失识别，不能证明两种正式文本或评分覆盖。","https://takeielts.britishcouncil.org/prepare/ielts-free-practice-mock-tests/general-training/reading?language=en :: identifying-information：GT明确题型并集 :: format"
"R03-GT","reading","general-training","official-family-variant","review","partial","ielts-plan.R03-GT.review","","隔课程安排的间隔，换材料/文本语境重测False指出矛盾词，NG说明缺了哪条命题信息。；保持首答与修订分开。","延迟后换材料/话题的第一遍无提示产出；记录原问题是否再次出现。间隔是课程选择，未验证时保持“未验证”。","1","workflows","0","0","unknown","0","","app/ielts-journey-content.ts#read-evidence","旧经典路线1示范/1引导/3短句核对；主地图未接。基础证据/矛盾/缺失识别，不能证明两种正式文本或评分覆盖。","https://takeielts.britishcouncil.org/prepare/ielts-free-practice-mock-tests/general-training/reading?language=en :: identifying-information：GT明确题型并集 :: format"
"R04-A","reading","academic","official-family-variant","explain","missing","ielts-plan.R04-A.explain","reading-evidence;reading-types;reading-full","讲清判断被问的作者观点/主张；引用别人的意见不等于作者赞同。 加一个作答指令理解检查。","可读/可播放的真实内容及理解或产出检查；仅存在规划文字不算学过。","1","explanations","0","0","unknown","0","","","本类别没有已核实的explain专门内容与证据。","https://ielts.org/take-a-test/test-types/ielts-academic-test/ielts-academic-format-reading :: identifying-writer-views：官方Academic分类 :: format"
"R04-A","reading","academic","official-family-variant","model","missing","ielts-plan.R04-A.model","reading-evidence;reading-types;reading-full","原创文中作者反驳经理的提议，展示观点归属再判立场。","可读/可播放的真实内容及理解或产出检查；仅存在规划文字不算学过。","1","models","0","0","unknown","0","","","本类别没有已核实的model专门内容与证据。","https://ielts.org/take-a-test/test-types/ielts-academic-test/ielts-academic-format-reading :: identifying-writer-views：官方Academic分类 :: format"
"R04-A","reading","academic","official-family-variant","guided","missing","ielts-plan.R04-A.guided","reading-evidence;reading-types;reading-full","给不同声音着色，找作者自己的判断。","可读/可播放的真实内容及理解或产出检查；仅存在规划文字不算学过。","3","workflows","0","0","unknown","0","","","本类别没有已核实的guided专门内容与证据。","https://ielts.org/take-a-test/test-types/ielts-academic-test/ielts-academic-format-reading :: identifying-writer-views：官方Academic分类 :: format"
"R04-A","reading","academic","official-family-variant","independent","missing","ielts-plan.R04-A.independent","reading-evidence;reading-types;reading-full","在新的Academic一般兴趣长文；覆盖论述、描述、叙事与图示信息做不同于示范/跟练的首答；撤去提示、中文与参考答案。观察：依据作者的态度，不能把被引用者的意见算成作者观点。","保留新材料与题号、首答、实际支持/用时条件及反馈来源；看到模型、重播或AI改写要标辅助。","5","items","0","0","unknown","0","","","本类别没有已核实的independent专门内容与证据。","https://ielts.org/take-a-test/test-types/ielts-academic-test/ielts-academic-format-reading :: identifying-writer-views：官方Academic分类 :: format"
"R04-A","reading","academic","official-family-variant","timed","missing","ielts-plan.R04-A.timed","reading-evidence;reading-types;reading-full","将本类型放入新混合Academic篇章，再进入本类别40题/三部分/60分钟练习；时间含输入答案。短题预算不是官方换分。","保留新材料与题号、首答、实际支持/用时条件及反馈来源；看到模型、重播或AI改写要标辅助。","5","items","0","0","unknown","0","","","本类别没有已核实的timed专门内容与证据。","https://ielts.org/take-a-test/test-types/ielts-academic-test/ielts-academic-format-reading :: identifying-writer-views：官方Academic分类 :: format"
"R04-A","reading","academic","official-family-variant","feedback","missing","ielts-plan.R04-A.feedback","reading-evidence;reading-types;reading-full","先打开原文证据段和规范答案，解释source_attribution、stance、negation、evidence_absence，订正后做一条新题；合法替代答案有争议则转题目QA。","answer-key：原作答/原稿/录音的证据定位、具体原因、修订与新题重试；不把改稿覆盖原尝试。","1","items","0","0","unknown","0","","","本类别没有已核实的feedback专门内容与证据。","https://ielts.org/take-a-test/test-types/ielts-academic-test/ielts-academic-format-reading :: identifying-writer-views：官方Academic分类 :: format"
"R04-A","reading","academic","official-family-variant","review","missing","ielts-plan.R04-A.review","reading-evidence;reading-types;reading-full","隔课程安排的间隔，换材料/文本语境重测依据作者的态度，不能把被引用者的意见算成作者观点。；保持首答与修订分开。","延迟后换材料/话题的第一遍无提示产出；记录原问题是否再次出现。间隔是课程选择，未验证时保持“未验证”。","1","workflows","0","0","unknown","0","","","本类别没有已核实的review专门内容与证据。","https://ielts.org/take-a-test/test-types/ielts-academic-test/ielts-academic-format-reading :: identifying-writer-views：官方Academic分类 :: format"
"R04-GT","reading","general-training","official-family-variant","explain","missing","ielts-plan.R04-GT.explain","","讲清判断被问的作者观点/主张；引用别人的意见不等于作者赞同。 加一个作答指令理解检查。","可读/可播放的真实内容及理解或产出检查；仅存在规划文字不算学过。","1","explanations","0","0","unknown","0","","","本类别没有已核实的explain专门内容与证据。","https://takeielts.britishcouncil.org/prepare/ielts-free-practice-mock-tests/general-training/reading?language=en :: identifying-writer-views：GT明确题型并集 :: format"
"R04-GT","reading","general-training","official-family-variant","model","missing","ielts-plan.R04-GT.model","","原创文中作者反驳经理的提议，展示观点归属再判立场。","可读/可播放的真实内容及理解或产出检查；仅存在规划文字不算学过。","1","models","0","0","unknown","0","","","本类别没有已核实的model专门内容与证据。","https://takeielts.britishcouncil.org/prepare/ielts-free-practice-mock-tests/general-training/reading?language=en :: identifying-writer-views：GT明确题型并集 :: format"
"R04-GT","reading","general-training","official-family-variant","guided","missing","ielts-plan.R04-GT.guided","","给不同声音着色，找作者自己的判断。","可读/可播放的真实内容及理解或产出检查；仅存在规划文字不算学过。","3","workflows","0","0","unknown","0","","","本类别没有已核实的guided专门内容与证据。","https://takeielts.britishcouncil.org/prepare/ielts-free-practice-mock-tests/general-training/reading?language=en :: identifying-writer-views：GT明确题型并集 :: format"
"R04-GT","reading","general-training","official-family-variant","independent","missing","ielts-plan.R04-GT.independent","","在新的GT日常短文件、工作材料或长篇一般兴趣文做不同于示范/跟练的首答；撤去提示、中文与参考答案。观察：依据作者的态度，不能把被引用者的意见算成作者观点。","保留新材料与题号、首答、实际支持/用时条件及反馈来源；看到模型、重播或AI改写要标辅助。","5","items","0","0","unknown","0","","","本类别没有已核实的independent专门内容与证据。","https://takeielts.britishcouncil.org/prepare/ielts-free-practice-mock-tests/general-training/reading?language=en :: identifying-writer-views：GT明确题型并集 :: format"
"R04-GT","reading","general-training","official-family-variant","timed","missing","ielts-plan.R04-GT.timed","","将本类型放入新混合GT篇章，再进入本类别40题/三部分/60分钟练习；时间含输入答案。短题预算不是官方换分。","保留新材料与题号、首答、实际支持/用时条件及反馈来源；看到模型、重播或AI改写要标辅助。","5","items","0","0","unknown","0","","","本类别没有已核实的timed专门内容与证据。","https://takeielts.britishcouncil.org/prepare/ielts-free-practice-mock-tests/general-training/reading?language=en :: identifying-writer-views：GT明确题型并集 :: format"
"R04-GT","reading","general-training","official-family-variant","feedback","missing","ielts-plan.R04-GT.feedback","","先打开原文证据段和规范答案，解释source_attribution、stance、negation、evidence_absence，订正后做一条新题；合法替代答案有争议则转题目QA。","answer-key：原作答/原稿/录音的证据定位、具体原因、修订与新题重试；不把改稿覆盖原尝试。","1","items","0","0","unknown","0","","","本类别没有已核实的feedback专门内容与证据。","https://takeielts.britishcouncil.org/prepare/ielts-free-practice-mock-tests/general-training/reading?language=en :: identifying-writer-views：GT明确题型并集 :: format"
"R04-GT","reading","general-training","official-family-variant","review","missing","ielts-plan.R04-GT.review","","隔课程安排的间隔，换材料/文本语境重测依据作者的态度，不能把被引用者的意见算成作者观点。；保持首答与修订分开。","延迟后换材料/话题的第一遍无提示产出；记录原问题是否再次出现。间隔是课程选择，未验证时保持“未验证”。","1","workflows","0","0","unknown","0","","","本类别没有已核实的review专门内容与证据。","https://takeielts.britishcouncil.org/prepare/ielts-free-practice-mock-tests/general-training/reading?language=en :: identifying-writer-views：GT明确题型并集 :: format"
"R05-A","reading","academic","official-family-variant","explain","missing","ielts-plan.R05-A.explain","reading-evidence;reading-types;reading-full","讲清找指定细节/原因/例子，区别于概括段落标题；段落重用按指令。 加一个作答指令理解检查。","可读/可播放的真实内容及理解或产出检查；仅存在规划文字不算学过。","1","explanations","0","0","unknown","0","","","本类别没有已核实的explain专门内容与证据。","https://ielts.org/take-a-test/test-types/ielts-academic-test/ielts-academic-format-reading :: matching-information：官方Academic分类 :: format"
"R05-A","reading","academic","official-family-variant","model","missing","ielts-plan.R05-A.model","reading-evidence;reading-types;reading-full","原创段落里用一个细节完成信息匹配，说明主旨正确仍可能不回答此题。","可读/可播放的真实内容及理解或产出检查；仅存在规划文字不算学过。","1","models","0","0","unknown","0","","","本类别没有已核实的model专门内容与证据。","https://ielts.org/take-a-test/test-types/ielts-academic-test/ielts-academic-format-reading :: matching-information：官方Academic分类 :: format"
"R05-A","reading","academic","official-family-variant","guided","missing","ielts-plan.R05-A.guided","reading-evidence;reading-types;reading-full","给段落功能贴标，再找打乱顺序的指定信息。","可读/可播放的真实内容及理解或产出检查；仅存在规划文字不算学过。","3","workflows","0","0","unknown","0","","","本类别没有已核实的guided专门内容与证据。","https://ielts.org/take-a-test/test-types/ielts-academic-test/ielts-academic-format-reading :: matching-information：官方Academic分类 :: format"
"R05-A","reading","academic","official-family-variant","independent","missing","ielts-plan.R05-A.independent","reading-evidence;reading-types;reading-full","在新的Academic一般兴趣长文；覆盖论述、描述、叙事与图示信息做不同于示范/跟练的首答；撤去提示、中文与参考答案。观察：定位确切信息，并合法重用段落。","保留新材料与题号、首答、实际支持/用时条件及反馈来源；看到模型、重播或AI改写要标辅助。","5","items","0","0","unknown","0","","","本类别没有已核实的independent专门内容与证据。","https://ielts.org/take-a-test/test-types/ielts-academic-test/ielts-academic-format-reading :: matching-information：官方Academic分类 :: format"
"R05-A","reading","academic","official-family-variant","timed","missing","ielts-plan.R05-A.timed","reading-evidence;reading-types;reading-full","将本类型放入新混合Academic篇章，再进入本类别40题/三部分/60分钟练习；时间含输入答案。短题预算不是官方换分。","保留新材料与题号、首答、实际支持/用时条件及反馈来源；看到模型、重播或AI改写要标辅助。","5","items","0","0","unknown","0","","","本类别没有已核实的timed专门内容与证据。","https://ielts.org/take-a-test/test-types/ielts-academic-test/ielts-academic-format-reading :: matching-information：官方Academic分类 :: format"
"R05-A","reading","academic","official-family-variant","feedback","missing","ielts-plan.R05-A.feedback","reading-evidence;reading-types;reading-full","先打开原文证据段和规范答案，解释main_vs_detail、premature_keyword_match、option_reuse，订正后做一条新题；合法替代答案有争议则转题目QA。","answer-key：原作答/原稿/录音的证据定位、具体原因、修订与新题重试；不把改稿覆盖原尝试。","1","items","0","0","unknown","0","","","本类别没有已核实的feedback专门内容与证据。","https://ielts.org/take-a-test/test-types/ielts-academic-test/ielts-academic-format-reading :: matching-information：官方Academic分类 :: format"
"R05-A","reading","academic","official-family-variant","review","missing","ielts-plan.R05-A.review","reading-evidence;reading-types;reading-full","隔课程安排的间隔，换材料/文本语境重测定位确切信息，并合法重用段落。；保持首答与修订分开。","延迟后换材料/话题的第一遍无提示产出；记录原问题是否再次出现。间隔是课程选择，未验证时保持“未验证”。","1","workflows","0","0","unknown","0","","","本类别没有已核实的review专门内容与证据。","https://ielts.org/take-a-test/test-types/ielts-academic-test/ielts-academic-format-reading :: matching-information：官方Academic分类 :: format"
"R05-GT","reading","general-training","official-family-variant","explain","missing","ielts-plan.R05-GT.explain","","讲清找指定细节/原因/例子，区别于概括段落标题；段落重用按指令。 加一个作答指令理解检查。","可读/可播放的真实内容及理解或产出检查；仅存在规划文字不算学过。","1","explanations","0","0","unknown","0","","","本类别没有已核实的explain专门内容与证据。","https://takeielts.britishcouncil.org/prepare/ielts-free-practice-mock-tests/general-training/reading?language=en :: matching-information：GT明确题型并集 :: format"
"R05-GT","reading","general-training","official-family-variant","model","missing","ielts-plan.R05-GT.model","","原创段落里用一个细节完成信息匹配，说明主旨正确仍可能不回答此题。","可读/可播放的真实内容及理解或产出检查；仅存在规划文字不算学过。","1","models","0","0","unknown","0","","","本类别没有已核实的model专门内容与证据。","https://takeielts.britishcouncil.org/prepare/ielts-free-practice-mock-tests/general-training/reading?language=en :: matching-information：GT明确题型并集 :: format"
"R05-GT","reading","general-training","official-family-variant","guided","missing","ielts-plan.R05-GT.guided","","给段落功能贴标，再找打乱顺序的指定信息。","可读/可播放的真实内容及理解或产出检查；仅存在规划文字不算学过。","3","workflows","0","0","unknown","0","","","本类别没有已核实的guided专门内容与证据。","https://takeielts.britishcouncil.org/prepare/ielts-free-practice-mock-tests/general-training/reading?language=en :: matching-information：GT明确题型并集 :: format"
"R05-GT","reading","general-training","official-family-variant","independent","missing","ielts-plan.R05-GT.independent","","在新的GT日常短文件、工作材料或长篇一般兴趣文做不同于示范/跟练的首答；撤去提示、中文与参考答案。观察：定位确切信息，并合法重用段落。","保留新材料与题号、首答、实际支持/用时条件及反馈来源；看到模型、重播或AI改写要标辅助。","5","items","0","0","unknown","0","","","本类别没有已核实的independent专门内容与证据。","https://takeielts.britishcouncil.org/prepare/ielts-free-practice-mock-tests/general-training/reading?language=en :: matching-information：GT明确题型并集 :: format"
"R05-GT","reading","general-training","official-family-variant","timed","missing","ielts-plan.R05-GT.timed","","将本类型放入新混合GT篇章，再进入本类别40题/三部分/60分钟练习；时间含输入答案。短题预算不是官方换分。","保留新材料与题号、首答、实际支持/用时条件及反馈来源；看到模型、重播或AI改写要标辅助。","5","items","0","0","unknown","0","","","本类别没有已核实的timed专门内容与证据。","https://takeielts.britishcouncil.org/prepare/ielts-free-practice-mock-tests/general-training/reading?language=en :: matching-information：GT明确题型并集 :: format"
"R05-GT","reading","general-training","official-family-variant","feedback","missing","ielts-plan.R05-GT.feedback","","先打开原文证据段和规范答案，解释main_vs_detail、premature_keyword_match、option_reuse，订正后做一条新题；合法替代答案有争议则转题目QA。","answer-key：原作答/原稿/录音的证据定位、具体原因、修订与新题重试；不把改稿覆盖原尝试。","1","items","0","0","unknown","0","","","本类别没有已核实的feedback专门内容与证据。","https://takeielts.britishcouncil.org/prepare/ielts-free-practice-mock-tests/general-training/reading?language=en :: matching-information：GT明确题型并集 :: format"
"R05-GT","reading","general-training","official-family-variant","review","missing","ielts-plan.R05-GT.review","","隔课程安排的间隔，换材料/文本语境重测定位确切信息，并合法重用段落。；保持首答与修订分开。","延迟后换材料/话题的第一遍无提示产出；记录原问题是否再次出现。间隔是课程选择，未验证时保持“未验证”。","1","workflows","0","0","unknown","0","","","本类别没有已核实的review专门内容与证据。","https://takeielts.britishcouncil.org/prepare/ielts-free-practice-mock-tests/general-training/reading?language=en :: matching-information：GT明确题型并集 :: format"
"R06-A","reading","academic","official-family-variant","explain","missing","ielts-plan.R06-A.explain","reading-evidence;reading-types;reading-full","讲清标题概括整段主旨/作用，不能只抓一个例子；同一标题不能反复用于不同段。 加一个作答指令理解检查。","可读/可播放的真实内容及理解或产出检查；仅存在规划文字不算学过。","1","explanations","0","0","unknown","0","","","本类别没有已核实的explain专门内容与证据。","https://ielts.org/take-a-test/test-types/ielts-academic-test/ielts-academic-format-reading :: matching-headings：官方Academic分类 :: format"
"R06-A","reading","academic","official-family-variant","model","missing","ielts-plan.R06-A.model","reading-evidence;reading-types;reading-full","原创段落包含很醒目的例子，解释为什么以例子为标题过窄。","可读/可播放的真实内容及理解或产出检查；仅存在规划文字不算学过。","1","models","0","0","unknown","0","","","本类别没有已核实的model专门内容与证据。","https://ielts.org/take-a-test/test-types/ielts-academic-test/ielts-academic-format-reading :: matching-headings：官方Academic分类 :: format"
"R06-A","reading","academic","official-family-variant","guided","missing","ielts-plan.R06-A.guided","reading-evidence;reading-types;reading-full","先用自己的短语概括段落，再选择标题。","可读/可播放的真实内容及理解或产出检查；仅存在规划文字不算学过。","3","workflows","0","0","unknown","0","","","本类别没有已核实的guided专门内容与证据。","https://ielts.org/take-a-test/test-types/ielts-academic-test/ielts-academic-format-reading :: matching-headings：官方Academic分类 :: format"
"R06-A","reading","academic","official-family-variant","independent","missing","ielts-plan.R06-A.independent","reading-evidence;reading-types;reading-full","在新的Academic一般兴趣长文；覆盖论述、描述、叙事与图示信息做不同于示范/跟练的首答；撤去提示、中文与参考答案。观察：所选标题覆盖段落统领意思。","保留新材料与题号、首答、实际支持/用时条件及反馈来源；看到模型、重播或AI改写要标辅助。","5","items","0","0","unknown","0","","","本类别没有已核实的independent专门内容与证据。","https://ielts.org/take-a-test/test-types/ielts-academic-test/ielts-academic-format-reading :: matching-headings：官方Academic分类 :: format"
"R06-A","reading","academic","official-family-variant","timed","missing","ielts-plan.R06-A.timed","reading-evidence;reading-types;reading-full","将本类型放入新混合Academic篇章，再进入本类别40题/三部分/60分钟练习；时间含输入答案。短题预算不是官方换分。","保留新材料与题号、首答、实际支持/用时条件及反馈来源；看到模型、重播或AI改写要标辅助。","5","items","0","0","unknown","0","","","本类别没有已核实的timed专门内容与证据。","https://ielts.org/take-a-test/test-types/ielts-academic-test/ielts-academic-format-reading :: matching-headings：官方Academic分类 :: format"
"R06-A","reading","academic","official-family-variant","feedback","missing","ielts-plan.R06-A.feedback","reading-evidence;reading-types;reading-full","先打开原文证据段和规范答案，解释main_vs_detail、scope、lexical_lure，订正后做一条新题；合法替代答案有争议则转题目QA。","answer-key：原作答/原稿/录音的证据定位、具体原因、修订与新题重试；不把改稿覆盖原尝试。","1","items","0","0","unknown","0","","","本类别没有已核实的feedback专门内容与证据。","https://ielts.org/take-a-test/test-types/ielts-academic-test/ielts-academic-format-reading :: matching-headings：官方Academic分类 :: format"
"R06-A","reading","academic","official-family-variant","review","missing","ielts-plan.R06-A.review","reading-evidence;reading-types;reading-full","隔课程安排的间隔，换材料/文本语境重测所选标题覆盖段落统领意思。；保持首答与修订分开。","延迟后换材料/话题的第一遍无提示产出；记录原问题是否再次出现。间隔是课程选择，未验证时保持“未验证”。","1","workflows","0","0","unknown","0","","","本类别没有已核实的review专门内容与证据。","https://ielts.org/take-a-test/test-types/ielts-academic-test/ielts-academic-format-reading :: matching-headings：官方Academic分类 :: format"
"R06-GT","reading","general-training","official-family-variant","explain","missing","ielts-plan.R06-GT.explain","","讲清标题概括整段主旨/作用，不能只抓一个例子；同一标题不能反复用于不同段。 加一个作答指令理解检查。","可读/可播放的真实内容及理解或产出检查；仅存在规划文字不算学过。","1","explanations","0","0","unknown","0","","","本类别没有已核实的explain专门内容与证据。","https://takeielts.britishcouncil.org/prepare/ielts-free-practice-mock-tests/general-training/reading?language=en :: matching-headings：GT明确题型并集 :: format"
"R06-GT","reading","general-training","official-family-variant","model","missing","ielts-plan.R06-GT.model","","原创段落包含很醒目的例子，解释为什么以例子为标题过窄。","可读/可播放的真实内容及理解或产出检查；仅存在规划文字不算学过。","1","models","0","0","unknown","0","","","本类别没有已核实的model专门内容与证据。","https://takeielts.britishcouncil.org/prepare/ielts-free-practice-mock-tests/general-training/reading?language=en :: matching-headings：GT明确题型并集 :: format"
"R06-GT","reading","general-training","official-family-variant","guided","missing","ielts-plan.R06-GT.guided","","先用自己的短语概括段落，再选择标题。","可读/可播放的真实内容及理解或产出检查；仅存在规划文字不算学过。","3","workflows","0","0","unknown","0","","","本类别没有已核实的guided专门内容与证据。","https://takeielts.britishcouncil.org/prepare/ielts-free-practice-mock-tests/general-training/reading?language=en :: matching-headings：GT明确题型并集 :: format"
"R06-GT","reading","general-training","official-family-variant","independent","missing","ielts-plan.R06-GT.independent","","在新的GT日常短文件、工作材料或长篇一般兴趣文做不同于示范/跟练的首答；撤去提示、中文与参考答案。观察：所选标题覆盖段落统领意思。","保留新材料与题号、首答、实际支持/用时条件及反馈来源；看到模型、重播或AI改写要标辅助。","5","items","0","0","unknown","0","","","本类别没有已核实的independent专门内容与证据。","https://takeielts.britishcouncil.org/prepare/ielts-free-practice-mock-tests/general-training/reading?language=en :: matching-headings：GT明确题型并集 :: format"
"R06-GT","reading","general-training","official-family-variant","timed","missing","ielts-plan.R06-GT.timed","","将本类型放入新混合GT篇章，再进入本类别40题/三部分/60分钟练习；时间含输入答案。短题预算不是官方换分。","保留新材料与题号、首答、实际支持/用时条件及反馈来源；看到模型、重播或AI改写要标辅助。","5","items","0","0","unknown","0","","","本类别没有已核实的timed专门内容与证据。","https://takeielts.britishcouncil.org/prepare/ielts-free-practice-mock-tests/general-training/reading?language=en :: matching-headings：GT明确题型并集 :: format"
"R06-GT","reading","general-training","official-family-variant","feedback","missing","ielts-plan.R06-GT.feedback","","先打开原文证据段和规范答案，解释main_vs_detail、scope、lexical_lure，订正后做一条新题；合法替代答案有争议则转题目QA。","answer-key：原作答/原稿/录音的证据定位、具体原因、修订与新题重试；不把改稿覆盖原尝试。","1","items","0","0","unknown","0","","","本类别没有已核实的feedback专门内容与证据。","https://takeielts.britishcouncil.org/prepare/ielts-free-practice-mock-tests/general-training/reading?language=en :: matching-headings：GT明确题型并集 :: format"
"R06-GT","reading","general-training","official-family-variant","review","missing","ielts-plan.R06-GT.review","","隔课程安排的间隔，换材料/文本语境重测所选标题覆盖段落统领意思。；保持首答与修订分开。","延迟后换材料/话题的第一遍无提示产出；记录原问题是否再次出现。间隔是课程选择，未验证时保持“未验证”。","1","workflows","0","0","unknown","0","","","本类别没有已核实的review专门内容与证据。","https://takeielts.britishcouncil.org/prepare/ielts-free-practice-mock-tests/general-training/reading?language=en :: matching-headings：GT明确题型并集 :: format"
"R07-A","reading","academic","official-family-variant","explain","missing","ielts-plan.R07-A.explain","reading-evidence;reading-types;reading-full","讲清把理论/事实/时期与人或群体关联，注意代词、相邻名字和重复提及。 加一个作答指令理解检查。","可读/可播放的真实内容及理解或产出检查；仅存在规划文字不算学过。","1","explanations","0","0","unknown","0","","","本类别没有已核实的explain专门内容与证据。","https://ielts.org/take-a-test/test-types/ielts-academic-test/ielts-academic-format-reading :: matching-features：官方Academic分类 :: format"
"R07-A","reading","academic","official-family-variant","model","missing","ielts-plan.R07-A.model","reading-evidence;reading-types;reading-full","原创材料交替提到两位研究者，沿代词找到正确归属。","可读/可播放的真实内容及理解或产出检查；仅存在规划文字不算学过。","1","models","0","0","unknown","0","","","本类别没有已核实的model专门内容与证据。","https://ielts.org/take-a-test/test-types/ielts-academic-test/ielts-academic-format-reading :: matching-features：官方Academic分类 :: format"
"R07-A","reading","academic","official-family-variant","guided","missing","ielts-plan.R07-A.guided","reading-evidence;reading-types;reading-full","建实体信息格，再处理选项复用指令。","可读/可播放的真实内容及理解或产出检查；仅存在规划文字不算学过。","3","workflows","0","0","unknown","0","","","本类别没有已核实的guided专门内容与证据。","https://ielts.org/take-a-test/test-types/ielts-academic-test/ielts-academic-format-reading :: matching-features：官方Academic分类 :: format"
"R07-A","reading","academic","official-family-variant","independent","missing","ielts-plan.R07-A.independent","reading-evidence;reading-types;reading-full","在新的Academic一般兴趣长文；覆盖论述、描述、叙事与图示信息做不同于示范/跟练的首答；撤去提示、中文与参考答案。观察：区分同一实体的多次出现和对照的不同观点。","保留新材料与题号、首答、实际支持/用时条件及反馈来源；看到模型、重播或AI改写要标辅助。","5","items","0","0","unknown","0","","","本类别没有已核实的independent专门内容与证据。","https://ielts.org/take-a-test/test-types/ielts-academic-test/ielts-academic-format-reading :: matching-features：官方Academic分类 :: format"
"R07-A","reading","academic","official-family-variant","timed","missing","ielts-plan.R07-A.timed","reading-evidence;reading-types;reading-full","将本类型放入新混合Academic篇章，再进入本类别40题/三部分/60分钟练习；时间含输入答案。短题预算不是官方换分。","保留新材料与题号、首答、实际支持/用时条件及反馈来源；看到模型、重播或AI改写要标辅助。","5","items","0","0","unknown","0","","","本类别没有已核实的timed专门内容与证据。","https://ielts.org/take-a-test/test-types/ielts-academic-test/ielts-academic-format-reading :: matching-features：官方Academic分类 :: format"
"R07-A","reading","academic","official-family-variant","feedback","missing","ielts-plan.R07-A.feedback","reading-evidence;reading-types;reading-full","先打开原文证据段和规范答案，解释reference、adjacent_name_lure、source_attribution，订正后做一条新题；合法替代答案有争议则转题目QA。","answer-key：原作答/原稿/录音的证据定位、具体原因、修订与新题重试；不把改稿覆盖原尝试。","1","items","0","0","unknown","0","","","本类别没有已核实的feedback专门内容与证据。","https://ielts.org/take-a-test/test-types/ielts-academic-test/ielts-academic-format-reading :: matching-features：官方Academic分类 :: format"
"R07-A","reading","academic","official-family-variant","review","missing","ielts-plan.R07-A.review","reading-evidence;reading-types;reading-full","隔课程安排的间隔，换材料/文本语境重测区分同一实体的多次出现和对照的不同观点。；保持首答与修订分开。","延迟后换材料/话题的第一遍无提示产出；记录原问题是否再次出现。间隔是课程选择，未验证时保持“未验证”。","1","workflows","0","0","unknown","0","","","本类别没有已核实的review专门内容与证据。","https://ielts.org/take-a-test/test-types/ielts-academic-test/ielts-academic-format-reading :: matching-features：官方Academic分类 :: format"
"R07-GT","reading","general-training","official-family-variant","explain","missing","ielts-plan.R07-GT.explain","","讲清把理论/事实/时期与人或群体关联，注意代词、相邻名字和重复提及。 加一个作答指令理解检查。","可读/可播放的真实内容及理解或产出检查；仅存在规划文字不算学过。","1","explanations","0","0","unknown","0","","","本类别没有已核实的explain专门内容与证据。","https://takeielts.britishcouncil.org/prepare/ielts-free-practice-mock-tests/general-training/reading?language=en :: matching-features：GT明确题型并集 :: format"
"R07-GT","reading","general-training","official-family-variant","model","missing","ielts-plan.R07-GT.model","","原创材料交替提到两位研究者，沿代词找到正确归属。","可读/可播放的真实内容及理解或产出检查；仅存在规划文字不算学过。","1","models","0","0","unknown","0","","","本类别没有已核实的model专门内容与证据。","https://takeielts.britishcouncil.org/prepare/ielts-free-practice-mock-tests/general-training/reading?language=en :: matching-features：GT明确题型并集 :: format"
"R07-GT","reading","general-training","official-family-variant","guided","missing","ielts-plan.R07-GT.guided","","建实体信息格，再处理选项复用指令。","可读/可播放的真实内容及理解或产出检查；仅存在规划文字不算学过。","3","workflows","0","0","unknown","0","","","本类别没有已核实的guided专门内容与证据。","https://takeielts.britishcouncil.org/prepare/ielts-free-practice-mock-tests/general-training/reading?language=en :: matching-features：GT明确题型并集 :: format"
"R07-GT","reading","general-training","official-family-variant","independent","missing","ielts-plan.R07-GT.independent","","在新的GT日常短文件、工作材料或长篇一般兴趣文做不同于示范/跟练的首答；撤去提示、中文与参考答案。观察：区分同一实体的多次出现和对照的不同观点。","保留新材料与题号、首答、实际支持/用时条件及反馈来源；看到模型、重播或AI改写要标辅助。","5","items","0","0","unknown","0","","","本类别没有已核实的independent专门内容与证据。","https://takeielts.britishcouncil.org/prepare/ielts-free-practice-mock-tests/general-training/reading?language=en :: matching-features：GT明确题型并集 :: format"
"R07-GT","reading","general-training","official-family-variant","timed","missing","ielts-plan.R07-GT.timed","","将本类型放入新混合GT篇章，再进入本类别40题/三部分/60分钟练习；时间含输入答案。短题预算不是官方换分。","保留新材料与题号、首答、实际支持/用时条件及反馈来源；看到模型、重播或AI改写要标辅助。","5","items","0","0","unknown","0","","","本类别没有已核实的timed专门内容与证据。","https://takeielts.britishcouncil.org/prepare/ielts-free-practice-mock-tests/general-training/reading?language=en :: matching-features：GT明确题型并集 :: format"
"R07-GT","reading","general-training","official-family-variant","feedback","missing","ielts-plan.R07-GT.feedback","","先打开原文证据段和规范答案，解释reference、adjacent_name_lure、source_attribution，订正后做一条新题；合法替代答案有争议则转题目QA。","answer-key：原作答/原稿/录音的证据定位、具体原因、修订与新题重试；不把改稿覆盖原尝试。","1","items","0","0","unknown","0","","","本类别没有已核实的feedback专门内容与证据。","https://takeielts.britishcouncil.org/prepare/ielts-free-practice-mock-tests/general-training/reading?language=en :: matching-features：GT明确题型并集 :: format"
"R07-GT","reading","general-training","official-family-variant","review","missing","ielts-plan.R07-GT.review","","隔课程安排的间隔，换材料/文本语境重测区分同一实体的多次出现和对照的不同观点。；保持首答与修订分开。","延迟后换材料/话题的第一遍无提示产出；记录原问题是否再次出现。间隔是课程选择，未验证时保持“未验证”。","1","workflows","0","0","unknown","0","","","本类别没有已核实的review专门内容与证据。","https://takeielts.britishcouncil.org/prepare/ielts-free-practice-mock-tests/general-training/reading?language=en :: matching-features：GT明确题型并集 :: format"
"R08-A","reading","academic","official-family-variant","explain","missing","ielts-plan.R08-A.explain","reading-evidence;reading-types;reading-full","讲清拼接后既要语法成立也要原文支持；顺序规则只适用于官方明确说明的题型。 加一个作答指令理解检查。","可读/可播放的真实内容及理解或产出检查；仅存在规划文字不算学过。","1","explanations","0","0","unknown","0","","","本类别没有已核实的explain专门内容与证据。","https://ielts.org/take-a-test/test-types/ielts-academic-test/ielts-academic-format-reading :: matching-sentence-endings：官方Academic分类 :: format"
"R08-A","reading","academic","official-family-variant","model","missing","ielts-plan.R08-A.model","reading-evidence;reading-types;reading-full","两个句尾语法都顺，但只有一个因果关系受原文支持。","可读/可播放的真实内容及理解或产出检查；仅存在规划文字不算学过。","1","models","0","0","unknown","0","","","本类别没有已核实的model专门内容与证据。","https://ielts.org/take-a-test/test-types/ielts-academic-test/ielts-academic-format-reading :: matching-sentence-endings：官方Academic分类 :: format"
"R08-A","reading","academic","official-family-variant","guided","missing","ielts-plan.R08-A.guided","reading-evidence;reading-types;reading-full","比较完整命题，并在原文定位关系。","可读/可播放的真实内容及理解或产出检查；仅存在规划文字不算学过。","3","workflows","0","0","unknown","0","","","本类别没有已核实的guided专门内容与证据。","https://ielts.org/take-a-test/test-types/ielts-academic-test/ielts-academic-format-reading :: matching-sentence-endings：官方Academic分类 :: format"
"R08-A","reading","academic","official-family-variant","independent","missing","ielts-plan.R08-A.independent","reading-evidence;reading-types;reading-full","在新的Academic一般兴趣长文；覆盖论述、描述、叙事与图示信息做不同于示范/跟练的首答；撤去提示、中文与参考答案。观察：完成句意思与原文一致。","保留新材料与题号、首答、实际支持/用时条件及反馈来源；看到模型、重播或AI改写要标辅助。","5","items","0","0","unknown","0","","","本类别没有已核实的independent专门内容与证据。","https://ielts.org/take-a-test/test-types/ielts-academic-test/ielts-academic-format-reading :: matching-sentence-endings：官方Academic分类 :: format"
"R08-A","reading","academic","official-family-variant","timed","missing","ielts-plan.R08-A.timed","reading-evidence;reading-types;reading-full","将本类型放入新混合Academic篇章，再进入本类别40题/三部分/60分钟练习；时间含输入答案。短题预算不是官方换分。","保留新材料与题号、首答、实际支持/用时条件及反馈来源；看到模型、重播或AI改写要标辅助。","5","items","0","0","unknown","0","","","本类别没有已核实的timed专门内容与证据。","https://ielts.org/take-a-test/test-types/ielts-academic-test/ielts-academic-format-reading :: matching-sentence-endings：官方Academic分类 :: format"
"R08-A","reading","academic","official-family-variant","feedback","missing","ielts-plan.R08-A.feedback","reading-evidence;reading-types;reading-full","先打开原文证据段和规范答案，解释grammar_only、cause_effect、unsupported_join，订正后做一条新题；合法替代答案有争议则转题目QA。","answer-key：原作答/原稿/录音的证据定位、具体原因、修订与新题重试；不把改稿覆盖原尝试。","1","items","0","0","unknown","0","","","本类别没有已核实的feedback专门内容与证据。","https://ielts.org/take-a-test/test-types/ielts-academic-test/ielts-academic-format-reading :: matching-sentence-endings：官方Academic分类 :: format"
"R08-A","reading","academic","official-family-variant","review","missing","ielts-plan.R08-A.review","reading-evidence;reading-types;reading-full","隔课程安排的间隔，换材料/文本语境重测完成句意思与原文一致。；保持首答与修订分开。","延迟后换材料/话题的第一遍无提示产出；记录原问题是否再次出现。间隔是课程选择，未验证时保持“未验证”。","1","workflows","0","0","unknown","0","","","本类别没有已核实的review专门内容与证据。","https://ielts.org/take-a-test/test-types/ielts-academic-test/ielts-academic-format-reading :: matching-sentence-endings：官方Academic分类 :: format"
"R08-GT","reading","general-training","official-family-variant","explain","missing","ielts-plan.R08-GT.explain","","讲清拼接后既要语法成立也要原文支持；顺序规则只适用于官方明确说明的题型。 加一个作答指令理解检查。","可读/可播放的真实内容及理解或产出检查；仅存在规划文字不算学过。","1","explanations","0","0","unknown","0","","","本类别没有已核实的explain专门内容与证据。","https://takeielts.britishcouncil.org/prepare/ielts-free-practice-mock-tests/general-training/reading?language=en :: matching-sentence-endings：GT明确题型并集 :: format"
"R08-GT","reading","general-training","official-family-variant","model","missing","ielts-plan.R08-GT.model","","两个句尾语法都顺，但只有一个因果关系受原文支持。","可读/可播放的真实内容及理解或产出检查；仅存在规划文字不算学过。","1","models","0","0","unknown","0","","","本类别没有已核实的model专门内容与证据。","https://takeielts.britishcouncil.org/prepare/ielts-free-practice-mock-tests/general-training/reading?language=en :: matching-sentence-endings：GT明确题型并集 :: format"
"R08-GT","reading","general-training","official-family-variant","guided","missing","ielts-plan.R08-GT.guided","","比较完整命题，并在原文定位关系。","可读/可播放的真实内容及理解或产出检查；仅存在规划文字不算学过。","3","workflows","0","0","unknown","0","","","本类别没有已核实的guided专门内容与证据。","https://takeielts.britishcouncil.org/prepare/ielts-free-practice-mock-tests/general-training/reading?language=en :: matching-sentence-endings：GT明确题型并集 :: format"
"R08-GT","reading","general-training","official-family-variant","independent","missing","ielts-plan.R08-GT.independent","","在新的GT日常短文件、工作材料或长篇一般兴趣文做不同于示范/跟练的首答；撤去提示、中文与参考答案。观察：完成句意思与原文一致。","保留新材料与题号、首答、实际支持/用时条件及反馈来源；看到模型、重播或AI改写要标辅助。","5","items","0","0","unknown","0","","","本类别没有已核实的independent专门内容与证据。","https://takeielts.britishcouncil.org/prepare/ielts-free-practice-mock-tests/general-training/reading?language=en :: matching-sentence-endings：GT明确题型并集 :: format"
"R08-GT","reading","general-training","official-family-variant","timed","missing","ielts-plan.R08-GT.timed","","将本类型放入新混合GT篇章，再进入本类别40题/三部分/60分钟练习；时间含输入答案。短题预算不是官方换分。","保留新材料与题号、首答、实际支持/用时条件及反馈来源；看到模型、重播或AI改写要标辅助。","5","items","0","0","unknown","0","","","本类别没有已核实的timed专门内容与证据。","https://takeielts.britishcouncil.org/prepare/ielts-free-practice-mock-tests/general-training/reading?language=en :: matching-sentence-endings：GT明确题型并集 :: format"
"R08-GT","reading","general-training","official-family-variant","feedback","missing","ielts-plan.R08-GT.feedback","","先打开原文证据段和规范答案，解释grammar_only、cause_effect、unsupported_join，订正后做一条新题；合法替代答案有争议则转题目QA。","answer-key：原作答/原稿/录音的证据定位、具体原因、修订与新题重试；不把改稿覆盖原尝试。","1","items","0","0","unknown","0","","","本类别没有已核实的feedback专门内容与证据。","https://takeielts.britishcouncil.org/prepare/ielts-free-practice-mock-tests/general-training/reading?language=en :: matching-sentence-endings：GT明确题型并集 :: format"
"R08-GT","reading","general-training","official-family-variant","review","missing","ielts-plan.R08-GT.review","","隔课程安排的间隔，换材料/文本语境重测完成句意思与原文一致。；保持首答与修订分开。","延迟后换材料/话题的第一遍无提示产出；记录原问题是否再次出现。间隔是课程选择，未验证时保持“未验证”。","1","workflows","0","0","unknown","0","","","本类别没有已核实的review专门内容与证据。","https://takeielts.britishcouncil.org/prepare/ielts-free-practice-mock-tests/general-training/reading?language=en :: matching-sentence-endings：GT明确题型并集 :: format"
"R09-A","reading","academic","official-family-variant","explain","missing","ielts-plan.R09-A.explain","reading-evidence;reading-types;reading-full","讲清按指令抽取来源词，检查单复数、搭配及词数，不自行换同义词。 加一个作答指令理解检查。","可读/可播放的真实内容及理解或产出检查；仅存在规划文字不算学过。","1","explanations","0","0","unknown","0","","","本类别没有已核实的explain专门内容与证据。","https://ielts.org/take-a-test/test-types/ielts-academic-test/ielts-academic-format-reading :: sentence-completion：官方Academic分类 :: format"
"R09-A","reading","academic","official-family-variant","model","missing","ielts-plan.R09-A.model","reading-evidence;reading-types;reading-full","原创空格以复数语法和两词上限约束来源短语。","可读/可播放的真实内容及理解或产出检查；仅存在规划文字不算学过。","1","models","0","0","unknown","0","","","本类别没有已核实的model专门内容与证据。","https://ielts.org/take-a-test/test-types/ielts-academic-test/ielts-academic-format-reading :: sentence-completion：官方Academic分类 :: format"
"R09-A","reading","academic","official-family-variant","guided","missing","ielts-plan.R09-A.guided","reading-evidence;reading-types;reading-full","标语法槽位并回到原文提取候选词。","可读/可播放的真实内容及理解或产出检查；仅存在规划文字不算学过。","3","workflows","0","0","unknown","0","","","本类别没有已核实的guided专门内容与证据。","https://ielts.org/take-a-test/test-types/ielts-academic-test/ielts-academic-format-reading :: sentence-completion：官方Academic分类 :: format"
"R09-A","reading","academic","official-family-variant","independent","missing","ielts-plan.R09-A.independent","reading-evidence;reading-types;reading-full","在新的Academic一般兴趣长文；覆盖论述、描述、叙事与图示信息做不同于示范/跟练的首答；撤去提示、中文与参考答案。观察：准确来源词与语法/长度同时合规。","保留新材料与题号、首答、实际支持/用时条件及反馈来源；看到模型、重播或AI改写要标辅助。","5","items","0","0","unknown","0","","","本类别没有已核实的independent专门内容与证据。","https://ielts.org/take-a-test/test-types/ielts-academic-test/ielts-academic-format-reading :: sentence-completion：官方Academic分类 :: format"
"R09-A","reading","academic","official-family-variant","timed","missing","ielts-plan.R09-A.timed","reading-evidence;reading-types;reading-full","将本类型放入新混合Academic篇章，再进入本类别40题/三部分/60分钟练习；时间含输入答案。短题预算不是官方换分。","保留新材料与题号、首答、实际支持/用时条件及反馈来源；看到模型、重播或AI改写要标辅助。","5","items","0","0","unknown","0","","","本类别没有已核实的timed专门内容与证据。","https://ielts.org/take-a-test/test-types/ielts-academic-test/ielts-academic-format-reading :: sentence-completion：官方Academic分类 :: format"
"R09-A","reading","academic","official-family-variant","feedback","missing","ielts-plan.R09-A.feedback","reading-evidence;reading-types;reading-full","先打开原文证据段和规范答案，解释invented_synonym、plural_or_inflection、word_limit，订正后做一条新题；合法替代答案有争议则转题目QA。","answer-key：原作答/原稿/录音的证据定位、具体原因、修订与新题重试；不把改稿覆盖原尝试。","1","items","0","0","unknown","0","","","本类别没有已核实的feedback专门内容与证据。","https://ielts.org/take-a-test/test-types/ielts-academic-test/ielts-academic-format-reading :: sentence-completion：官方Academic分类 :: format"
"R09-A","reading","academic","official-family-variant","review","missing","ielts-plan.R09-A.review","reading-evidence;reading-types;reading-full","隔课程安排的间隔，换材料/文本语境重测准确来源词与语法/长度同时合规。；保持首答与修订分开。","延迟后换材料/话题的第一遍无提示产出；记录原问题是否再次出现。间隔是课程选择，未验证时保持“未验证”。","1","workflows","0","0","unknown","0","","","本类别没有已核实的review专门内容与证据。","https://ielts.org/take-a-test/test-types/ielts-academic-test/ielts-academic-format-reading :: sentence-completion：官方Academic分类 :: format"
"R09-GT","reading","general-training","official-family-variant","explain","missing","ielts-plan.R09-GT.explain","","讲清按指令抽取来源词，检查单复数、搭配及词数，不自行换同义词。 加一个作答指令理解检查。","可读/可播放的真实内容及理解或产出检查；仅存在规划文字不算学过。","1","explanations","0","0","unknown","0","","","本类别没有已核实的explain专门内容与证据。","https://takeielts.britishcouncil.org/prepare/ielts-free-practice-mock-tests/general-training/reading?language=en :: sentence-completion：GT明确题型并集 :: format"
"R09-GT","reading","general-training","official-family-variant","model","missing","ielts-plan.R09-GT.model","","原创空格以复数语法和两词上限约束来源短语。","可读/可播放的真实内容及理解或产出检查；仅存在规划文字不算学过。","1","models","0","0","unknown","0","","","本类别没有已核实的model专门内容与证据。","https://takeielts.britishcouncil.org/prepare/ielts-free-practice-mock-tests/general-training/reading?language=en :: sentence-completion：GT明确题型并集 :: format"
"R09-GT","reading","general-training","official-family-variant","guided","missing","ielts-plan.R09-GT.guided","","标语法槽位并回到原文提取候选词。","可读/可播放的真实内容及理解或产出检查；仅存在规划文字不算学过。","3","workflows","0","0","unknown","0","","","本类别没有已核实的guided专门内容与证据。","https://takeielts.britishcouncil.org/prepare/ielts-free-practice-mock-tests/general-training/reading?language=en :: sentence-completion：GT明确题型并集 :: format"
"R09-GT","reading","general-training","official-family-variant","independent","missing","ielts-plan.R09-GT.independent","","在新的GT日常短文件、工作材料或长篇一般兴趣文做不同于示范/跟练的首答；撤去提示、中文与参考答案。观察：准确来源词与语法/长度同时合规。","保留新材料与题号、首答、实际支持/用时条件及反馈来源；看到模型、重播或AI改写要标辅助。","5","items","0","0","unknown","0","","","本类别没有已核实的independent专门内容与证据。","https://takeielts.britishcouncil.org/prepare/ielts-free-practice-mock-tests/general-training/reading?language=en :: sentence-completion：GT明确题型并集 :: format"
"R09-GT","reading","general-training","official-family-variant","timed","missing","ielts-plan.R09-GT.timed","","将本类型放入新混合GT篇章，再进入本类别40题/三部分/60分钟练习；时间含输入答案。短题预算不是官方换分。","保留新材料与题号、首答、实际支持/用时条件及反馈来源；看到模型、重播或AI改写要标辅助。","5","items","0","0","unknown","0","","","本类别没有已核实的timed专门内容与证据。","https://takeielts.britishcouncil.org/prepare/ielts-free-practice-mock-tests/general-training/reading?language=en :: sentence-completion：GT明确题型并集 :: format"
"R09-GT","reading","general-training","official-family-variant","feedback","missing","ielts-plan.R09-GT.feedback","","先打开原文证据段和规范答案，解释invented_synonym、plural_or_inflection、word_limit，订正后做一条新题；合法替代答案有争议则转题目QA。","answer-key：原作答/原稿/录音的证据定位、具体原因、修订与新题重试；不把改稿覆盖原尝试。","1","items","0","0","unknown","0","","","本类别没有已核实的feedback专门内容与证据。","https://takeielts.britishcouncil.org/prepare/ielts-free-practice-mock-tests/general-training/reading?language=en :: sentence-completion：GT明确题型并集 :: format"
"R09-GT","reading","general-training","official-family-variant","review","missing","ielts-plan.R09-GT.review","","隔课程安排的间隔，换材料/文本语境重测准确来源词与语法/长度同时合规。；保持首答与修订分开。","延迟后换材料/话题的第一遍无提示产出；记录原问题是否再次出现。间隔是课程选择，未验证时保持“未验证”。","1","workflows","0","0","unknown","0","","","本类别没有已核实的review专门内容与证据。","https://takeielts.britishcouncil.org/prepare/ielts-free-practice-mock-tests/general-training/reading?language=en :: sentence-completion：GT明确题型并集 :: format"
"R10-A","reading","academic","official-family-variant","explain","missing","ielts-plan.R10-A.explain","reading-evidence;reading-types;reading-full","讲清把压缩后的摘要对照相应原文；可能从选项选词或直接抽取，不保证一律顺序出现。 加一个作答指令理解检查。","可读/可播放的真实内容及理解或产出检查；仅存在规划文字不算学过。","1","explanations","0","0","unknown","0","","","本类别没有已核实的explain专门内容与证据。","https://ielts.org/take-a-test/test-types/ielts-academic-test/ielts-academic-format-reading :: summary-note-table-flow：官方Academic分类 :: format"
"R10-A","reading","academic","official-family-variant","model","missing","ielts-plan.R10-A.model","reading-evidence;reading-types;reading-full","原创摘要展示词库版与抽取版的不同回答模式。","可读/可播放的真实内容及理解或产出检查；仅存在规划文字不算学过。","1","models","0","0","unknown","0","","","本类别没有已核实的model专门内容与证据。","https://ielts.org/take-a-test/test-types/ielts-academic-test/ielts-academic-format-reading :: summary-note-table-flow：官方Academic分类 :: format"
"R10-A","reading","academic","official-family-variant","guided","missing","ielts-plan.R10-A.guided","reading-evidence;reading-types;reading-full","逐空建立指代和来源证据，再读完成后的摘要。","可读/可播放的真实内容及理解或产出检查；仅存在规划文字不算学过。","3","workflows","0","0","unknown","0","","","本类别没有已核实的guided专门内容与证据。","https://ielts.org/take-a-test/test-types/ielts-academic-test/ielts-academic-format-reading :: summary-note-table-flow：官方Academic分类 :: format"
"R10-A","reading","academic","official-family-variant","independent","missing","ielts-plan.R10-A.independent","reading-evidence;reading-types;reading-full","在新的Academic一般兴趣长文；覆盖论述、描述、叙事与图示信息做不同于示范/跟练的首答；撤去提示、中文与参考答案。观察：连贯摘要有来源依据，回答模式正确。","保留新材料与题号、首答、实际支持/用时条件及反馈来源；看到模型、重播或AI改写要标辅助。","5","items","0","0","unknown","0","","","本类别没有已核实的independent专门内容与证据。","https://ielts.org/take-a-test/test-types/ielts-academic-test/ielts-academic-format-reading :: summary-note-table-flow：官方Academic分类 :: format"
"R10-A","reading","academic","official-family-variant","timed","missing","ielts-plan.R10-A.timed","reading-evidence;reading-types;reading-full","将本类型放入新混合Academic篇章，再进入本类别40题/三部分/60分钟练习；时间含输入答案。短题预算不是官方换分。","保留新材料与题号、首答、实际支持/用时条件及反馈来源；看到模型、重播或AI改写要标辅助。","5","items","0","0","unknown","0","","","本类别没有已核实的timed专门内容与证据。","https://ielts.org/take-a-test/test-types/ielts-academic-test/ielts-academic-format-reading :: summary-note-table-flow：官方Academic分类 :: format"
"R10-A","reading","academic","official-family-variant","feedback","missing","ielts-plan.R10-A.feedback","reading-evidence;reading-types;reading-full","先打开原文证据段和规范答案，解释reference、word_class、order_assumption、response_mode，订正后做一条新题；合法替代答案有争议则转题目QA。","answer-key：原作答/原稿/录音的证据定位、具体原因、修订与新题重试；不把改稿覆盖原尝试。","1","items","0","0","unknown","0","","","本类别没有已核实的feedback专门内容与证据。","https://ielts.org/take-a-test/test-types/ielts-academic-test/ielts-academic-format-reading :: summary-note-table-flow：官方Academic分类 :: format"
"R10-A","reading","academic","official-family-variant","review","missing","ielts-plan.R10-A.review","reading-evidence;reading-types;reading-full","隔课程安排的间隔，换材料/文本语境重测连贯摘要有来源依据，回答模式正确。；保持首答与修订分开。","延迟后换材料/话题的第一遍无提示产出；记录原问题是否再次出现。间隔是课程选择，未验证时保持“未验证”。","1","workflows","0","0","unknown","0","","","本类别没有已核实的review专门内容与证据。","https://ielts.org/take-a-test/test-types/ielts-academic-test/ielts-academic-format-reading :: summary-note-table-flow：官方Academic分类 :: format"
"R10-GT","reading","general-training","official-family-variant","explain","missing","ielts-plan.R10-GT.explain","","讲清把压缩后的摘要对照相应原文；可能从选项选词或直接抽取，不保证一律顺序出现。 加一个作答指令理解检查。","可读/可播放的真实内容及理解或产出检查；仅存在规划文字不算学过。","1","explanations","0","0","unknown","0","","","本类别没有已核实的explain专门内容与证据。","https://takeielts.britishcouncil.org/prepare/ielts-free-practice-mock-tests/general-training/reading?language=en :: summary-note-table-flow：GT明确题型并集 :: format"
"R10-GT","reading","general-training","official-family-variant","model","missing","ielts-plan.R10-GT.model","","原创摘要展示词库版与抽取版的不同回答模式。","可读/可播放的真实内容及理解或产出检查；仅存在规划文字不算学过。","1","models","0","0","unknown","0","","","本类别没有已核实的model专门内容与证据。","https://takeielts.britishcouncil.org/prepare/ielts-free-practice-mock-tests/general-training/reading?language=en :: summary-note-table-flow：GT明确题型并集 :: format"
"R10-GT","reading","general-training","official-family-variant","guided","missing","ielts-plan.R10-GT.guided","","逐空建立指代和来源证据，再读完成后的摘要。","可读/可播放的真实内容及理解或产出检查；仅存在规划文字不算学过。","3","workflows","0","0","unknown","0","","","本类别没有已核实的guided专门内容与证据。","https://takeielts.britishcouncil.org/prepare/ielts-free-practice-mock-tests/general-training/reading?language=en :: summary-note-table-flow：GT明确题型并集 :: format"
"R10-GT","reading","general-training","official-family-variant","independent","missing","ielts-plan.R10-GT.independent","","在新的GT日常短文件、工作材料或长篇一般兴趣文做不同于示范/跟练的首答；撤去提示、中文与参考答案。观察：连贯摘要有来源依据，回答模式正确。","保留新材料与题号、首答、实际支持/用时条件及反馈来源；看到模型、重播或AI改写要标辅助。","5","items","0","0","unknown","0","","","本类别没有已核实的independent专门内容与证据。","https://takeielts.britishcouncil.org/prepare/ielts-free-practice-mock-tests/general-training/reading?language=en :: summary-note-table-flow：GT明确题型并集 :: format"
"R10-GT","reading","general-training","official-family-variant","timed","missing","ielts-plan.R10-GT.timed","","将本类型放入新混合GT篇章，再进入本类别40题/三部分/60分钟练习；时间含输入答案。短题预算不是官方换分。","保留新材料与题号、首答、实际支持/用时条件及反馈来源；看到模型、重播或AI改写要标辅助。","5","items","0","0","unknown","0","","","本类别没有已核实的timed专门内容与证据。","https://takeielts.britishcouncil.org/prepare/ielts-free-practice-mock-tests/general-training/reading?language=en :: summary-note-table-flow：GT明确题型并集 :: format"
"R10-GT","reading","general-training","official-family-variant","feedback","missing","ielts-plan.R10-GT.feedback","","先打开原文证据段和规范答案，解释reference、word_class、order_assumption、response_mode，订正后做一条新题；合法替代答案有争议则转题目QA。","answer-key：原作答/原稿/录音的证据定位、具体原因、修订与新题重试；不把改稿覆盖原尝试。","1","items","0","0","unknown","0","","","本类别没有已核实的feedback专门内容与证据。","https://takeielts.britishcouncil.org/prepare/ielts-free-practice-mock-tests/general-training/reading?language=en :: summary-note-table-flow：GT明确题型并集 :: format"
"R10-GT","reading","general-training","official-family-variant","review","missing","ielts-plan.R10-GT.review","","隔课程安排的间隔，换材料/文本语境重测连贯摘要有来源依据，回答模式正确。；保持首答与修订分开。","延迟后换材料/话题的第一遍无提示产出；记录原问题是否再次出现。间隔是课程选择，未验证时保持“未验证”。","1","workflows","0","0","unknown","0","","","本类别没有已核实的review专门内容与证据。","https://takeielts.britishcouncil.org/prepare/ielts-free-practice-mock-tests/general-training/reading?language=en :: summary-note-table-flow：GT明确题型并集 :: format"
"R11-A","reading","academic","official-family-variant","explain","missing","ielts-plan.R11-A.explain","reading-evidence;reading-types;reading-full","讲清在缩略笔记中保留层级与类别，先理解小标题再找细节。 加一个作答指令理解检查。","可读/可播放的真实内容及理解或产出检查；仅存在规划文字不算学过。","1","explanations","0","0","unknown","0","","","本类别没有已核实的explain专门内容与证据。","https://ielts.org/take-a-test/test-types/ielts-academic-test/ielts-academic-format-reading :: summary-note-table-flow：官方Academic分类 :: format"
"R11-A","reading","academic","official-family-variant","model","missing","ielts-plan.R11-A.model","reading-evidence;reading-types;reading-full","原创笔记同一关键词出现在两层，展示要点归类。","可读/可播放的真实内容及理解或产出检查；仅存在规划文字不算学过。","1","models","0","0","unknown","0","","","本类别没有已核实的model专门内容与证据。","https://ielts.org/take-a-test/test-types/ielts-academic-test/ielts-academic-format-reading :: summary-note-table-flow：官方Academic分类 :: format"
"R11-A","reading","academic","official-family-variant","guided","missing","ielts-plan.R11-A.guided","reading-evidence;reading-types;reading-full","标笔记层级，并将来源细节放到正确小标题。","可读/可播放的真实内容及理解或产出检查；仅存在规划文字不算学过。","3","workflows","0","0","unknown","0","","","本类别没有已核实的guided专门内容与证据。","https://ielts.org/take-a-test/test-types/ielts-academic-test/ielts-academic-format-reading :: summary-note-table-flow：官方Academic分类 :: format"
"R11-A","reading","academic","official-family-variant","independent","missing","ielts-plan.R11-A.independent","reading-evidence;reading-types;reading-full","在新的Academic一般兴趣长文；覆盖论述、描述、叙事与图示信息做不同于示范/跟练的首答；撤去提示、中文与参考答案。观察：细节进入正确的笔记结构。","保留新材料与题号、首答、实际支持/用时条件及反馈来源；看到模型、重播或AI改写要标辅助。","5","items","0","0","unknown","0","","","本类别没有已核实的independent专门内容与证据。","https://ielts.org/take-a-test/test-types/ielts-academic-test/ielts-academic-format-reading :: summary-note-table-flow：官方Academic分类 :: format"
"R11-A","reading","academic","official-family-variant","timed","missing","ielts-plan.R11-A.timed","reading-evidence;reading-types;reading-full","将本类型放入新混合Academic篇章，再进入本类别40题/三部分/60分钟练习；时间含输入答案。短题预算不是官方换分。","保留新材料与题号、首答、实际支持/用时条件及反馈来源；看到模型、重播或AI改写要标辅助。","5","items","0","0","unknown","0","","","本类别没有已核实的timed专门内容与证据。","https://ielts.org/take-a-test/test-types/ielts-academic-test/ielts-academic-format-reading :: summary-note-table-flow：官方Academic分类 :: format"
"R11-A","reading","academic","official-family-variant","feedback","missing","ielts-plan.R11-A.feedback","reading-evidence;reading-types;reading-full","先打开原文证据段和规范答案，解释category、main_vs_detail、fragment_meaning，订正后做一条新题；合法替代答案有争议则转题目QA。","answer-key：原作答/原稿/录音的证据定位、具体原因、修订与新题重试；不把改稿覆盖原尝试。","1","items","0","0","unknown","0","","","本类别没有已核实的feedback专门内容与证据。","https://ielts.org/take-a-test/test-types/ielts-academic-test/ielts-academic-format-reading :: summary-note-table-flow：官方Academic分类 :: format"
"R11-A","reading","academic","official-family-variant","review","missing","ielts-plan.R11-A.review","reading-evidence;reading-types;reading-full","隔课程安排的间隔，换材料/文本语境重测细节进入正确的笔记结构。；保持首答与修订分开。","延迟后换材料/话题的第一遍无提示产出；记录原问题是否再次出现。间隔是课程选择，未验证时保持“未验证”。","1","workflows","0","0","unknown","0","","","本类别没有已核实的review专门内容与证据。","https://ielts.org/take-a-test/test-types/ielts-academic-test/ielts-academic-format-reading :: summary-note-table-flow：官方Academic分类 :: format"
"R11-GT","reading","general-training","official-family-variant","explain","missing","ielts-plan.R11-GT.explain","","讲清在缩略笔记中保留层级与类别，先理解小标题再找细节。 加一个作答指令理解检查。","可读/可播放的真实内容及理解或产出检查；仅存在规划文字不算学过。","1","explanations","0","0","unknown","0","","","本类别没有已核实的explain专门内容与证据。","https://takeielts.britishcouncil.org/prepare/ielts-free-practice-mock-tests/general-training/reading?language=en :: summary-note-table-flow：GT明确题型并集 :: format"
"R11-GT","reading","general-training","official-family-variant","model","missing","ielts-plan.R11-GT.model","","原创笔记同一关键词出现在两层，展示要点归类。","可读/可播放的真实内容及理解或产出检查；仅存在规划文字不算学过。","1","models","0","0","unknown","0","","","本类别没有已核实的model专门内容与证据。","https://takeielts.britishcouncil.org/prepare/ielts-free-practice-mock-tests/general-training/reading?language=en :: summary-note-table-flow：GT明确题型并集 :: format"
"R11-GT","reading","general-training","official-family-variant","guided","missing","ielts-plan.R11-GT.guided","","标笔记层级，并将来源细节放到正确小标题。","可读/可播放的真实内容及理解或产出检查；仅存在规划文字不算学过。","3","workflows","0","0","unknown","0","","","本类别没有已核实的guided专门内容与证据。","https://takeielts.britishcouncil.org/prepare/ielts-free-practice-mock-tests/general-training/reading?language=en :: summary-note-table-flow：GT明确题型并集 :: format"
"R11-GT","reading","general-training","official-family-variant","independent","missing","ielts-plan.R11-GT.independent","","在新的GT日常短文件、工作材料或长篇一般兴趣文做不同于示范/跟练的首答；撤去提示、中文与参考答案。观察：细节进入正确的笔记结构。","保留新材料与题号、首答、实际支持/用时条件及反馈来源；看到模型、重播或AI改写要标辅助。","5","items","0","0","unknown","0","","","本类别没有已核实的independent专门内容与证据。","https://takeielts.britishcouncil.org/prepare/ielts-free-practice-mock-tests/general-training/reading?language=en :: summary-note-table-flow：GT明确题型并集 :: format"
"R11-GT","reading","general-training","official-family-variant","timed","missing","ielts-plan.R11-GT.timed","","将本类型放入新混合GT篇章，再进入本类别40题/三部分/60分钟练习；时间含输入答案。短题预算不是官方换分。","保留新材料与题号、首答、实际支持/用时条件及反馈来源；看到模型、重播或AI改写要标辅助。","5","items","0","0","unknown","0","","","本类别没有已核实的timed专门内容与证据。","https://takeielts.britishcouncil.org/prepare/ielts-free-practice-mock-tests/general-training/reading?language=en :: summary-note-table-flow：GT明确题型并集 :: format"
"R11-GT","reading","general-training","official-family-variant","feedback","missing","ielts-plan.R11-GT.feedback","","先打开原文证据段和规范答案，解释category、main_vs_detail、fragment_meaning，订正后做一条新题；合法替代答案有争议则转题目QA。","answer-key：原作答/原稿/录音的证据定位、具体原因、修订与新题重试；不把改稿覆盖原尝试。","1","items","0","0","unknown","0","","","本类别没有已核实的feedback专门内容与证据。","https://takeielts.britishcouncil.org/prepare/ielts-free-practice-mock-tests/general-training/reading?language=en :: summary-note-table-flow：GT明确题型并集 :: format"
"R11-GT","reading","general-training","official-family-variant","review","missing","ielts-plan.R11-GT.review","","隔课程安排的间隔，换材料/文本语境重测细节进入正确的笔记结构。；保持首答与修订分开。","延迟后换材料/话题的第一遍无提示产出；记录原问题是否再次出现。间隔是课程选择，未验证时保持“未验证”。","1","workflows","0","0","unknown","0","","","本类别没有已核实的review专门内容与证据。","https://takeielts.britishcouncil.org/prepare/ielts-free-practice-mock-tests/general-training/reading?language=en :: summary-note-table-flow：GT明确题型并集 :: format"
"R12-A","reading","academic","official-family-variant","explain","missing","ielts-plan.R12-A.explain","reading-evidence;reading-types;reading-full","讲清利用列名、行名和单位找具体值，不能混淆比较对象。 加一个作答指令理解检查。","可读/可播放的真实内容及理解或产出检查；仅存在规划文字不算学过。","1","explanations","0","0","unknown","0","","","本类别没有已核实的explain专门内容与证据。","https://ielts.org/take-a-test/test-types/ielts-academic-test/ielts-academic-format-reading :: summary-note-table-flow：官方Academic分类 :: format"
"R12-A","reading","academic","official-family-variant","model","missing","ielts-plan.R12-A.model","reading-evidence;reading-types;reading-full","原创两个设施开放时间表，单位已给出且答案应分行输入。","可读/可播放的真实内容及理解或产出检查；仅存在规划文字不算学过。","1","models","0","0","unknown","0","","","本类别没有已核实的model专门内容与证据。","https://ielts.org/take-a-test/test-types/ielts-academic-test/ielts-academic-format-reading :: summary-note-table-flow：官方Academic分类 :: format"
"R12-A","reading","academic","official-family-variant","guided","missing","ielts-plan.R12-A.guided","reading-evidence;reading-types;reading-full","预测各单元格信息类别，再按行/列核对原文。","可读/可播放的真实内容及理解或产出检查；仅存在规划文字不算学过。","3","workflows","0","0","unknown","0","","","本类别没有已核实的guided专门内容与证据。","https://ielts.org/take-a-test/test-types/ielts-academic-test/ielts-academic-format-reading :: summary-note-table-flow：官方Academic分类 :: format"
"R12-A","reading","academic","official-family-variant","independent","missing","ielts-plan.R12-A.independent","reading-evidence;reading-types;reading-full","在新的Academic一般兴趣长文；覆盖论述、描述、叙事与图示信息做不同于示范/跟练的首答；撤去提示、中文与参考答案。观察：类别、值和单位对应，不重复已给单位。","保留新材料与题号、首答、实际支持/用时条件及反馈来源；看到模型、重播或AI改写要标辅助。","5","items","0","0","unknown","0","","","本类别没有已核实的independent专门内容与证据。","https://ielts.org/take-a-test/test-types/ielts-academic-test/ielts-academic-format-reading :: summary-note-table-flow：官方Academic分类 :: format"
"R12-A","reading","academic","official-family-variant","timed","missing","ielts-plan.R12-A.timed","reading-evidence;reading-types;reading-full","将本类型放入新混合Academic篇章，再进入本类别40题/三部分/60分钟练习；时间含输入答案。短题预算不是官方换分。","保留新材料与题号、首答、实际支持/用时条件及反馈来源；看到模型、重播或AI改写要标辅助。","5","items","0","0","unknown","0","","","本类别没有已核实的timed专门内容与证据。","https://ielts.org/take-a-test/test-types/ielts-academic-test/ielts-academic-format-reading :: summary-note-table-flow：官方Academic分类 :: format"
"R12-A","reading","academic","official-family-variant","feedback","missing","ielts-plan.R12-A.feedback","reading-evidence;reading-types;reading-full","先打开原文证据段和规范答案，解释row_column、unit_duplication、comparison，订正后做一条新题；合法替代答案有争议则转题目QA。","answer-key：原作答/原稿/录音的证据定位、具体原因、修订与新题重试；不把改稿覆盖原尝试。","1","items","0","0","unknown","0","","","本类别没有已核实的feedback专门内容与证据。","https://ielts.org/take-a-test/test-types/ielts-academic-test/ielts-academic-format-reading :: summary-note-table-flow：官方Academic分类 :: format"
"R12-A","reading","academic","official-family-variant","review","missing","ielts-plan.R12-A.review","reading-evidence;reading-types;reading-full","隔课程安排的间隔，换材料/文本语境重测类别、值和单位对应，不重复已给单位。；保持首答与修订分开。","延迟后换材料/话题的第一遍无提示产出；记录原问题是否再次出现。间隔是课程选择，未验证时保持“未验证”。","1","workflows","0","0","unknown","0","","","本类别没有已核实的review专门内容与证据。","https://ielts.org/take-a-test/test-types/ielts-academic-test/ielts-academic-format-reading :: summary-note-table-flow：官方Academic分类 :: format"
"R12-GT","reading","general-training","official-family-variant","explain","missing","ielts-plan.R12-GT.explain","","讲清利用列名、行名和单位找具体值，不能混淆比较对象。 加一个作答指令理解检查。","可读/可播放的真实内容及理解或产出检查；仅存在规划文字不算学过。","1","explanations","0","0","unknown","0","","","本类别没有已核实的explain专门内容与证据。","https://takeielts.britishcouncil.org/prepare/ielts-free-practice-mock-tests/general-training/reading?language=en :: summary-note-table-flow：GT明确题型并集 :: format"
"R12-GT","reading","general-training","official-family-variant","model","missing","ielts-plan.R12-GT.model","","原创两个设施开放时间表，单位已给出且答案应分行输入。","可读/可播放的真实内容及理解或产出检查；仅存在规划文字不算学过。","1","models","0","0","unknown","0","","","本类别没有已核实的model专门内容与证据。","https://takeielts.britishcouncil.org/prepare/ielts-free-practice-mock-tests/general-training/reading?language=en :: summary-note-table-flow：GT明确题型并集 :: format"
"R12-GT","reading","general-training","official-family-variant","guided","missing","ielts-plan.R12-GT.guided","","预测各单元格信息类别，再按行/列核对原文。","可读/可播放的真实内容及理解或产出检查；仅存在规划文字不算学过。","3","workflows","0","0","unknown","0","","","本类别没有已核实的guided专门内容与证据。","https://takeielts.britishcouncil.org/prepare/ielts-free-practice-mock-tests/general-training/reading?language=en :: summary-note-table-flow：GT明确题型并集 :: format"
"R12-GT","reading","general-training","official-family-variant","independent","missing","ielts-plan.R12-GT.independent","","在新的GT日常短文件、工作材料或长篇一般兴趣文做不同于示范/跟练的首答；撤去提示、中文与参考答案。观察：类别、值和单位对应，不重复已给单位。","保留新材料与题号、首答、实际支持/用时条件及反馈来源；看到模型、重播或AI改写要标辅助。","5","items","0","0","unknown","0","","","本类别没有已核实的independent专门内容与证据。","https://takeielts.britishcouncil.org/prepare/ielts-free-practice-mock-tests/general-training/reading?language=en :: summary-note-table-flow：GT明确题型并集 :: format"
"R12-GT","reading","general-training","official-family-variant","timed","missing","ielts-plan.R12-GT.timed","","将本类型放入新混合GT篇章，再进入本类别40题/三部分/60分钟练习；时间含输入答案。短题预算不是官方换分。","保留新材料与题号、首答、实际支持/用时条件及反馈来源；看到模型、重播或AI改写要标辅助。","5","items","0","0","unknown","0","","","本类别没有已核实的timed专门内容与证据。","https://takeielts.britishcouncil.org/prepare/ielts-free-practice-mock-tests/general-training/reading?language=en :: summary-note-table-flow：GT明确题型并集 :: format"
"R12-GT","reading","general-training","official-family-variant","feedback","missing","ielts-plan.R12-GT.feedback","","先打开原文证据段和规范答案，解释row_column、unit_duplication、comparison，订正后做一条新题；合法替代答案有争议则转题目QA。","answer-key：原作答/原稿/录音的证据定位、具体原因、修订与新题重试；不把改稿覆盖原尝试。","1","items","0","0","unknown","0","","","本类别没有已核实的feedback专门内容与证据。","https://takeielts.britishcouncil.org/prepare/ielts-free-practice-mock-tests/general-training/reading?language=en :: summary-note-table-flow：GT明确题型并集 :: format"
"R12-GT","reading","general-training","official-family-variant","review","missing","ielts-plan.R12-GT.review","","隔课程安排的间隔，换材料/文本语境重测类别、值和单位对应，不重复已给单位。；保持首答与修订分开。","延迟后换材料/话题的第一遍无提示产出；记录原问题是否再次出现。间隔是课程选择，未验证时保持“未验证”。","1","workflows","0","0","unknown","0","","","本类别没有已核实的review专门内容与证据。","https://takeielts.britishcouncil.org/prepare/ielts-free-practice-mock-tests/general-training/reading?language=en :: summary-note-table-flow：GT明确题型并集 :: format"
"R13-A","reading","academic","official-family-variant","explain","missing","ielts-plan.R13-A.explain","reading-evidence;reading-types;reading-full","讲清从文本重建阶段/依赖/分支，按箭头找到该步骤的来源词。 加一个作答指令理解检查。","可读/可播放的真实内容及理解或产出检查；仅存在规划文字不算学过。","1","explanations","0","0","unknown","0","","","本类别没有已核实的explain专门内容与证据。","https://ielts.org/take-a-test/test-types/ielts-academic-test/ielts-academic-format-reading :: summary-note-table-flow：官方Academic分类 :: format"
"R13-A","reading","academic","official-family-variant","model","missing","ielts-plan.R13-A.model","reading-evidence;reading-types;reading-full","原创过程文本打乱提及顺序，示范如何区分原因与下一步。","可读/可播放的真实内容及理解或产出检查；仅存在规划文字不算学过。","1","models","0","0","unknown","0","","","本类别没有已核实的model专门内容与证据。","https://ielts.org/take-a-test/test-types/ielts-academic-test/ielts-academic-format-reading :: summary-note-table-flow：官方Academic分类 :: format"
"R13-A","reading","academic","official-family-variant","guided","missing","ielts-plan.R13-A.guided","reading-evidence;reading-types;reading-full","先排流程阶段再填空，解释分支条件。","可读/可播放的真实内容及理解或产出检查；仅存在规划文字不算学过。","3","workflows","0","0","unknown","0","","","本类别没有已核实的guided专门内容与证据。","https://ielts.org/take-a-test/test-types/ielts-academic-test/ielts-academic-format-reading :: summary-note-table-flow：官方Academic分类 :: format"
"R13-A","reading","academic","official-family-variant","independent","missing","ielts-plan.R13-A.independent","reading-evidence;reading-types;reading-full","在新的Academic一般兴趣长文；覆盖论述、描述、叙事与图示信息做不同于示范/跟练的首答；撤去提示、中文与参考答案。观察：每个答案与所属阶段相符。","保留新材料与题号、首答、实际支持/用时条件及反馈来源；看到模型、重播或AI改写要标辅助。","5","items","0","0","unknown","0","","","本类别没有已核实的independent专门内容与证据。","https://ielts.org/take-a-test/test-types/ielts-academic-test/ielts-academic-format-reading :: summary-note-table-flow：官方Academic分类 :: format"
"R13-A","reading","academic","official-family-variant","timed","missing","ielts-plan.R13-A.timed","reading-evidence;reading-types;reading-full","将本类型放入新混合Academic篇章，再进入本类别40题/三部分/60分钟练习；时间含输入答案。短题预算不是官方换分。","保留新材料与题号、首答、实际支持/用时条件及反馈来源；看到模型、重播或AI改写要标辅助。","5","items","0","0","unknown","0","","","本类别没有已核实的timed专门内容与证据。","https://ielts.org/take-a-test/test-types/ielts-academic-test/ielts-academic-format-reading :: summary-note-table-flow：官方Academic分类 :: format"
"R13-A","reading","academic","official-family-variant","feedback","missing","ielts-plan.R13-A.feedback","reading-evidence;reading-types;reading-full","先打开原文证据段和规范答案，解释sequence、cause_effect、wrong_branch、word_limit，订正后做一条新题；合法替代答案有争议则转题目QA。","answer-key：原作答/原稿/录音的证据定位、具体原因、修订与新题重试；不把改稿覆盖原尝试。","1","items","0","0","unknown","0","","","本类别没有已核实的feedback专门内容与证据。","https://ielts.org/take-a-test/test-types/ielts-academic-test/ielts-academic-format-reading :: summary-note-table-flow：官方Academic分类 :: format"
"R13-A","reading","academic","official-family-variant","review","missing","ielts-plan.R13-A.review","reading-evidence;reading-types;reading-full","隔课程安排的间隔，换材料/文本语境重测每个答案与所属阶段相符。；保持首答与修订分开。","延迟后换材料/话题的第一遍无提示产出；记录原问题是否再次出现。间隔是课程选择，未验证时保持“未验证”。","1","workflows","0","0","unknown","0","","","本类别没有已核实的review专门内容与证据。","https://ielts.org/take-a-test/test-types/ielts-academic-test/ielts-academic-format-reading :: summary-note-table-flow：官方Academic分类 :: format"
"R13-GT","reading","general-training","official-family-variant","explain","missing","ielts-plan.R13-GT.explain","","讲清从文本重建阶段/依赖/分支，按箭头找到该步骤的来源词。 加一个作答指令理解检查。","可读/可播放的真实内容及理解或产出检查；仅存在规划文字不算学过。","1","explanations","0","0","unknown","0","","","本类别没有已核实的explain专门内容与证据。","https://takeielts.britishcouncil.org/prepare/ielts-free-practice-mock-tests/general-training/reading?language=en :: summary-note-table-flow：GT明确题型并集 :: format"
"R13-GT","reading","general-training","official-family-variant","model","missing","ielts-plan.R13-GT.model","","原创过程文本打乱提及顺序，示范如何区分原因与下一步。","可读/可播放的真实内容及理解或产出检查；仅存在规划文字不算学过。","1","models","0","0","unknown","0","","","本类别没有已核实的model专门内容与证据。","https://takeielts.britishcouncil.org/prepare/ielts-free-practice-mock-tests/general-training/reading?language=en :: summary-note-table-flow：GT明确题型并集 :: format"
"R13-GT","reading","general-training","official-family-variant","guided","missing","ielts-plan.R13-GT.guided","","先排流程阶段再填空，解释分支条件。","可读/可播放的真实内容及理解或产出检查；仅存在规划文字不算学过。","3","workflows","0","0","unknown","0","","","本类别没有已核实的guided专门内容与证据。","https://takeielts.britishcouncil.org/prepare/ielts-free-practice-mock-tests/general-training/reading?language=en :: summary-note-table-flow：GT明确题型并集 :: format"
"R13-GT","reading","general-training","official-family-variant","independent","missing","ielts-plan.R13-GT.independent","","在新的GT日常短文件、工作材料或长篇一般兴趣文做不同于示范/跟练的首答；撤去提示、中文与参考答案。观察：每个答案与所属阶段相符。","保留新材料与题号、首答、实际支持/用时条件及反馈来源；看到模型、重播或AI改写要标辅助。","5","items","0","0","unknown","0","","","本类别没有已核实的independent专门内容与证据。","https://takeielts.britishcouncil.org/prepare/ielts-free-practice-mock-tests/general-training/reading?language=en :: summary-note-table-flow：GT明确题型并集 :: format"
"R13-GT","reading","general-training","official-family-variant","timed","missing","ielts-plan.R13-GT.timed","","将本类型放入新混合GT篇章，再进入本类别40题/三部分/60分钟练习；时间含输入答案。短题预算不是官方换分。","保留新材料与题号、首答、实际支持/用时条件及反馈来源；看到模型、重播或AI改写要标辅助。","5","items","0","0","unknown","0","","","本类别没有已核实的timed专门内容与证据。","https://takeielts.britishcouncil.org/prepare/ielts-free-practice-mock-tests/general-training/reading?language=en :: summary-note-table-flow：GT明确题型并集 :: format"
"R13-GT","reading","general-training","official-family-variant","feedback","missing","ielts-plan.R13-GT.feedback","","先打开原文证据段和规范答案，解释sequence、cause_effect、wrong_branch、word_limit，订正后做一条新题；合法替代答案有争议则转题目QA。","answer-key：原作答/原稿/录音的证据定位、具体原因、修订与新题重试；不把改稿覆盖原尝试。","1","items","0","0","unknown","0","","","本类别没有已核实的feedback专门内容与证据。","https://takeielts.britishcouncil.org/prepare/ielts-free-practice-mock-tests/general-training/reading?language=en :: summary-note-table-flow：GT明确题型并集 :: format"
"R13-GT","reading","general-training","official-family-variant","review","missing","ielts-plan.R13-GT.review","","隔课程安排的间隔，换材料/文本语境重测每个答案与所属阶段相符。；保持首答与修订分开。","延迟后换材料/话题的第一遍无提示产出；记录原问题是否再次出现。间隔是课程选择，未验证时保持“未验证”。","1","workflows","0","0","unknown","0","","","本类别没有已核实的review专门内容与证据。","https://takeielts.britishcouncil.org/prepare/ielts-free-practice-mock-tests/general-training/reading?language=en :: summary-note-table-flow：GT明确题型并集 :: format"
"R14-A","reading","academic","official-family-variant","explain","missing","ielts-plan.R14-A.explain","reading-evidence;reading-types;reading-full","讲清把文章描述连接到图上部位；箭头、位置与关系比背景知识可靠，答案不一定按顺序。 加一个作答指令理解检查。","可读/可播放的真实内容及理解或产出检查；仅存在规划文字不算学过。","1","explanations","0","0","unknown","0","","","本类别没有已核实的explain专门内容与证据。","https://ielts.org/take-a-test/test-types/ielts-academic-test/ielts-academic-format-reading :: diagram-labelling：官方Academic分类 :: format"
"R14-A","reading","academic","official-family-variant","model","missing","ielts-plan.R14-A.model","reading-evidence;reading-types;reading-full","原创物体示意图通过相对位置和功能识别陌生部件。","可读/可播放的真实内容及理解或产出检查；仅存在规划文字不算学过。","1","models","0","0","unknown","0","","","本类别没有已核实的model专门内容与证据。","https://ielts.org/take-a-test/test-types/ielts-academic-test/ielts-academic-format-reading :: diagram-labelling：官方Academic分类 :: format"
"R14-A","reading","academic","official-family-variant","guided","missing","ielts-plan.R14-A.guided","reading-evidence;reading-types;reading-full","在文本与图间追踪两个位置线索。","可读/可播放的真实内容及理解或产出检查；仅存在规划文字不算学过。","3","workflows","0","0","unknown","0","","","本类别没有已核实的guided专门内容与证据。","https://ielts.org/take-a-test/test-types/ielts-academic-test/ielts-academic-format-reading :: diagram-labelling：官方Academic分类 :: format"
"R14-A","reading","academic","official-family-variant","independent","missing","ielts-plan.R14-A.independent","reading-evidence;reading-types;reading-full","在新的Academic一般兴趣长文；覆盖论述、描述、叙事与图示信息做不同于示范/跟练的首答；撤去提示、中文与参考答案。观察：能给出文字描述与部件的对应关系。","保留新材料与题号、首答、实际支持/用时条件及反馈来源；看到模型、重播或AI改写要标辅助。","5","items","0","0","unknown","0","","","本类别没有已核实的independent专门内容与证据。","https://ielts.org/take-a-test/test-types/ielts-academic-test/ielts-academic-format-reading :: diagram-labelling：官方Academic分类 :: format"
"R14-A","reading","academic","official-family-variant","timed","missing","ielts-plan.R14-A.timed","reading-evidence;reading-types;reading-full","将本类型放入新混合Academic篇章，再进入本类别40题/三部分/60分钟练习；时间含输入答案。短题预算不是官方换分。","保留新材料与题号、首答、实际支持/用时条件及反馈来源；看到模型、重播或AI改写要标辅助。","5","items","0","0","unknown","0","","","本类别没有已核实的timed专门内容与证据。","https://ielts.org/take-a-test/test-types/ielts-academic-test/ielts-academic-format-reading :: diagram-labelling：官方Academic分类 :: format"
"R14-A","reading","academic","official-family-variant","feedback","missing","ielts-plan.R14-A.feedback","reading-evidence;reading-types;reading-full","先打开原文证据段和规范答案，解释diagram_relation、outside_knowledge、order_assumption，订正后做一条新题；合法替代答案有争议则转题目QA。","answer-key：原作答/原稿/录音的证据定位、具体原因、修订与新题重试；不把改稿覆盖原尝试。","1","items","0","0","unknown","0","","","本类别没有已核实的feedback专门内容与证据。","https://ielts.org/take-a-test/test-types/ielts-academic-test/ielts-academic-format-reading :: diagram-labelling：官方Academic分类 :: format"
"R14-A","reading","academic","official-family-variant","review","missing","ielts-plan.R14-A.review","reading-evidence;reading-types;reading-full","隔课程安排的间隔，换材料/文本语境重测能给出文字描述与部件的对应关系。；保持首答与修订分开。","延迟后换材料/话题的第一遍无提示产出；记录原问题是否再次出现。间隔是课程选择，未验证时保持“未验证”。","1","workflows","0","0","unknown","0","","","本类别没有已核实的review专门内容与证据。","https://ielts.org/take-a-test/test-types/ielts-academic-test/ielts-academic-format-reading :: diagram-labelling：官方Academic分类 :: format"
"R14-GT","reading","general-training","official-family-variant","explain","missing","ielts-plan.R14-GT.explain","","讲清把文章描述连接到图上部位；箭头、位置与关系比背景知识可靠，答案不一定按顺序。 加一个作答指令理解检查。","可读/可播放的真实内容及理解或产出检查；仅存在规划文字不算学过。","1","explanations","0","0","unknown","0","","","本类别没有已核实的explain专门内容与证据。","https://takeielts.britishcouncil.org/prepare/ielts-free-practice-mock-tests/general-training/reading?language=en :: diagram-labelling：GT明确题型并集 :: format"
"R14-GT","reading","general-training","official-family-variant","model","missing","ielts-plan.R14-GT.model","","原创物体示意图通过相对位置和功能识别陌生部件。","可读/可播放的真实内容及理解或产出检查；仅存在规划文字不算学过。","1","models","0","0","unknown","0","","","本类别没有已核实的model专门内容与证据。","https://takeielts.britishcouncil.org/prepare/ielts-free-practice-mock-tests/general-training/reading?language=en :: diagram-labelling：GT明确题型并集 :: format"
"R14-GT","reading","general-training","official-family-variant","guided","missing","ielts-plan.R14-GT.guided","","在文本与图间追踪两个位置线索。","可读/可播放的真实内容及理解或产出检查；仅存在规划文字不算学过。","3","workflows","0","0","unknown","0","","","本类别没有已核实的guided专门内容与证据。","https://takeielts.britishcouncil.org/prepare/ielts-free-practice-mock-tests/general-training/reading?language=en :: diagram-labelling：GT明确题型并集 :: format"
"R14-GT","reading","general-training","official-family-variant","independent","missing","ielts-plan.R14-GT.independent","","在新的GT日常短文件、工作材料或长篇一般兴趣文做不同于示范/跟练的首答；撤去提示、中文与参考答案。观察：能给出文字描述与部件的对应关系。","保留新材料与题号、首答、实际支持/用时条件及反馈来源；看到模型、重播或AI改写要标辅助。","5","items","0","0","unknown","0","","","本类别没有已核实的independent专门内容与证据。","https://takeielts.britishcouncil.org/prepare/ielts-free-practice-mock-tests/general-training/reading?language=en :: diagram-labelling：GT明确题型并集 :: format"
"R14-GT","reading","general-training","official-family-variant","timed","missing","ielts-plan.R14-GT.timed","","将本类型放入新混合GT篇章，再进入本类别40题/三部分/60分钟练习；时间含输入答案。短题预算不是官方换分。","保留新材料与题号、首答、实际支持/用时条件及反馈来源；看到模型、重播或AI改写要标辅助。","5","items","0","0","unknown","0","","","本类别没有已核实的timed专门内容与证据。","https://takeielts.britishcouncil.org/prepare/ielts-free-practice-mock-tests/general-training/reading?language=en :: diagram-labelling：GT明确题型并集 :: format"
"R14-GT","reading","general-training","official-family-variant","feedback","missing","ielts-plan.R14-GT.feedback","","先打开原文证据段和规范答案，解释diagram_relation、outside_knowledge、order_assumption，订正后做一条新题；合法替代答案有争议则转题目QA。","answer-key：原作答/原稿/录音的证据定位、具体原因、修订与新题重试；不把改稿覆盖原尝试。","1","items","0","0","unknown","0","","","本类别没有已核实的feedback专门内容与证据。","https://takeielts.britishcouncil.org/prepare/ielts-free-practice-mock-tests/general-training/reading?language=en :: diagram-labelling：GT明确题型并集 :: format"
"R14-GT","reading","general-training","official-family-variant","review","missing","ielts-plan.R14-GT.review","","隔课程安排的间隔，换材料/文本语境重测能给出文字描述与部件的对应关系。；保持首答与修订分开。","延迟后换材料/话题的第一遍无提示产出；记录原问题是否再次出现。间隔是课程选择，未验证时保持“未验证”。","1","workflows","0","0","unknown","0","","","本类别没有已核实的review专门内容与证据。","https://takeielts.britishcouncil.org/prepare/ielts-free-practice-mock-tests/general-training/reading?language=en :: diagram-labelling：GT明确题型并集 :: format"
"R15-A","reading","academic","official-family-variant","explain","missing","ielts-plan.R15-A.explain","reading-evidence;reading-types;reading-full","讲清提取问题实际要求的事实；数字可按本题指令用数词/数字，答案需在长度限制内。 加一个作答指令理解检查。","可读/可播放的真实内容及理解或产出检查；仅存在规划文字不算学过。","1","explanations","0","0","unknown","0","","","本类别没有已核实的explain专门内容与证据。","https://ielts.org/take-a-test/test-types/ielts-academic-test/ielts-academic-format-reading :: short-answer：官方Academic分类 :: format"
"R15-A","reading","academic","official-family-variant","model","missing","ielts-plan.R15-A.model","reading-evidence;reading-types;reading-full","原创who/when问题展示事实正确却答非所问的情况。","可读/可播放的真实内容及理解或产出检查；仅存在规划文字不算学过。","1","models","0","0","unknown","0","","","本类别没有已核实的model专门内容与证据。","https://ielts.org/take-a-test/test-types/ielts-academic-test/ielts-academic-format-reading :: short-answer：官方Academic分类 :: format"
"R15-A","reading","academic","official-family-variant","guided","missing","ielts-plan.R15-A.guided","reading-evidence;reading-types;reading-full","分类所求事实，再剪掉无关词并核对来源。","可读/可播放的真实内容及理解或产出检查；仅存在规划文字不算学过。","3","workflows","0","0","unknown","0","","","本类别没有已核实的guided专门内容与证据。","https://ielts.org/take-a-test/test-types/ielts-academic-test/ielts-academic-format-reading :: short-answer：官方Academic分类 :: format"
"R15-A","reading","academic","official-family-variant","independent","missing","ielts-plan.R15-A.independent","reading-evidence;reading-types;reading-full","在新的Academic一般兴趣长文；覆盖论述、描述、叙事与图示信息做不同于示范/跟练的首答；撤去提示、中文与参考答案。观察：给出有证据且简洁合规的回答。","保留新材料与题号、首答、实际支持/用时条件及反馈来源；看到模型、重播或AI改写要标辅助。","5","items","0","0","unknown","0","","","本类别没有已核实的independent专门内容与证据。","https://ielts.org/take-a-test/test-types/ielts-academic-test/ielts-academic-format-reading :: short-answer：官方Academic分类 :: format"
"R15-A","reading","academic","official-family-variant","timed","missing","ielts-plan.R15-A.timed","reading-evidence;reading-types;reading-full","将本类型放入新混合Academic篇章，再进入本类别40题/三部分/60分钟练习；时间含输入答案。短题预算不是官方换分。","保留新材料与题号、首答、实际支持/用时条件及反馈来源；看到模型、重播或AI改写要标辅助。","5","items","0","0","unknown","0","","","本类别没有已核实的timed专门内容与证据。","https://ielts.org/take-a-test/test-types/ielts-academic-test/ielts-academic-format-reading :: short-answer：官方Academic分类 :: format"
"R15-A","reading","academic","official-family-variant","feedback","missing","ielts-plan.R15-A.feedback","reading-evidence;reading-types;reading-full","先打开原文证据段和规范答案，解释wrong_fact_type、extra_words、numeric_format、source_wording，订正后做一条新题；合法替代答案有争议则转题目QA。","answer-key：原作答/原稿/录音的证据定位、具体原因、修订与新题重试；不把改稿覆盖原尝试。","1","items","0","0","unknown","0","","","本类别没有已核实的feedback专门内容与证据。","https://ielts.org/take-a-test/test-types/ielts-academic-test/ielts-academic-format-reading :: short-answer：官方Academic分类 :: format"
"R15-A","reading","academic","official-family-variant","review","missing","ielts-plan.R15-A.review","reading-evidence;reading-types;reading-full","隔课程安排的间隔，换材料/文本语境重测给出有证据且简洁合规的回答。；保持首答与修订分开。","延迟后换材料/话题的第一遍无提示产出；记录原问题是否再次出现。间隔是课程选择，未验证时保持“未验证”。","1","workflows","0","0","unknown","0","","","本类别没有已核实的review专门内容与证据。","https://ielts.org/take-a-test/test-types/ielts-academic-test/ielts-academic-format-reading :: short-answer：官方Academic分类 :: format"
"R15-GT","reading","general-training","official-family-variant","explain","missing","ielts-plan.R15-GT.explain","","讲清提取问题实际要求的事实；数字可按本题指令用数词/数字，答案需在长度限制内。 加一个作答指令理解检查。","可读/可播放的真实内容及理解或产出检查；仅存在规划文字不算学过。","1","explanations","0","0","unknown","0","","","本类别没有已核实的explain专门内容与证据。","https://takeielts.britishcouncil.org/prepare/ielts-free-practice-mock-tests/general-training/reading?language=en :: short-answer：GT明确题型并集 :: format"
"R15-GT","reading","general-training","official-family-variant","model","missing","ielts-plan.R15-GT.model","","原创who/when问题展示事实正确却答非所问的情况。","可读/可播放的真实内容及理解或产出检查；仅存在规划文字不算学过。","1","models","0","0","unknown","0","","","本类别没有已核实的model专门内容与证据。","https://takeielts.britishcouncil.org/prepare/ielts-free-practice-mock-tests/general-training/reading?language=en :: short-answer：GT明确题型并集 :: format"
"R15-GT","reading","general-training","official-family-variant","guided","missing","ielts-plan.R15-GT.guided","","分类所求事实，再剪掉无关词并核对来源。","可读/可播放的真实内容及理解或产出检查；仅存在规划文字不算学过。","3","workflows","0","0","unknown","0","","","本类别没有已核实的guided专门内容与证据。","https://takeielts.britishcouncil.org/prepare/ielts-free-practice-mock-tests/general-training/reading?language=en :: short-answer：GT明确题型并集 :: format"
"R15-GT","reading","general-training","official-family-variant","independent","missing","ielts-plan.R15-GT.independent","","在新的GT日常短文件、工作材料或长篇一般兴趣文做不同于示范/跟练的首答；撤去提示、中文与参考答案。观察：给出有证据且简洁合规的回答。","保留新材料与题号、首答、实际支持/用时条件及反馈来源；看到模型、重播或AI改写要标辅助。","5","items","0","0","unknown","0","","","本类别没有已核实的independent专门内容与证据。","https://takeielts.britishcouncil.org/prepare/ielts-free-practice-mock-tests/general-training/reading?language=en :: short-answer：GT明确题型并集 :: format"
"R15-GT","reading","general-training","official-family-variant","timed","missing","ielts-plan.R15-GT.timed","","将本类型放入新混合GT篇章，再进入本类别40题/三部分/60分钟练习；时间含输入答案。短题预算不是官方换分。","保留新材料与题号、首答、实际支持/用时条件及反馈来源；看到模型、重播或AI改写要标辅助。","5","items","0","0","unknown","0","","","本类别没有已核实的timed专门内容与证据。","https://takeielts.britishcouncil.org/prepare/ielts-free-practice-mock-tests/general-training/reading?language=en :: short-answer：GT明确题型并集 :: format"
"R15-GT","reading","general-training","official-family-variant","feedback","missing","ielts-plan.R15-GT.feedback","","先打开原文证据段和规范答案，解释wrong_fact_type、extra_words、numeric_format、source_wording，订正后做一条新题；合法替代答案有争议则转题目QA。","answer-key：原作答/原稿/录音的证据定位、具体原因、修订与新题重试；不把改稿覆盖原尝试。","1","items","0","0","unknown","0","","","本类别没有已核实的feedback专门内容与证据。","https://takeielts.britishcouncil.org/prepare/ielts-free-practice-mock-tests/general-training/reading?language=en :: short-answer：GT明确题型并集 :: format"
"R15-GT","reading","general-training","official-family-variant","review","missing","ielts-plan.R15-GT.review","","隔课程安排的间隔，换材料/文本语境重测给出有证据且简洁合规的回答。；保持首答与修订分开。","延迟后换材料/话题的第一遍无提示产出；记录原问题是否再次出现。间隔是课程选择，未验证时保持“未验证”。","1","workflows","0","0","unknown","0","","","本类别没有已核实的review专门内容与证据。","https://takeielts.britishcouncil.org/prepare/ielts-free-practice-mock-tests/general-training/reading?language=en :: short-answer：GT明确题型并集 :: format"
"L-FORMAT","listening","academic","official-format","explain","partial","ielts-plan.L-FORMAT.explain","listening-full","用短卡解释听说共用；听力四部分各10题，约30分钟录音，一遍播放；电脑结束检查按报考中心核实。Writing on Paper不把听读改成纸笔。，作指令理解检查。","可读/可播放的真实内容及理解或产出检查；仅存在规划文字不算学过。","1","explanations","1","unknown","unknown","0","","app/data/ielts.json#facts: overview / skill formats","概览文字存在，默认地图仍为Academic；没有验证用户目标、完整练习条件或新模式交付教学。","https://ielts.org/take-a-test/test-types/ielts-academic-test/ielts-academic-format-listening :: 四部分、一遍播放与交付条件 :: rule;https://ielts.org/take-a-test/test-types :: 四部分、一遍播放与交付条件 :: rule;https://ielts.org/news-and-insights/updates-to-ielts-test-delivery :: 四部分、一遍播放与交付条件 :: rule;https://ielts.idp.com/bangladesh/about/which-test-do-i-take/ielts-on-computer/listening-preparation :: 四部分、一遍播放与交付条件 :: rule"
"L-FORMAT","listening","academic","official-format","model","missing","ielts-plan.L-FORMAT.model","listening-full","用原创合规/违规两份作答演示分清四部分语境、学习重播与有效一遍播放证据；解释练习信号与正式分数的边界。","可读/可播放的真实内容及理解或产出检查；仅存在规划文字不算学过。","1","models","0","0","unknown","0","","","本类别没有已核实的model专门内容与证据。","https://ielts.org/take-a-test/test-types/ielts-academic-test/ielts-academic-format-listening :: 四部分、一遍播放与交付条件 :: rule;https://ielts.org/take-a-test/test-types :: 四部分、一遍播放与交付条件 :: rule;https://ielts.org/news-and-insights/updates-to-ielts-test-delivery :: 四部分、一遍播放与交付条件 :: rule;https://ielts.idp.com/bangladesh/about/which-test-do-i-take/ielts-on-computer/listening-preparation :: 四部分、一遍播放与交付条件 :: rule"
"L-FORMAT","listening","academic","official-format","guided","missing","ielts-plan.L-FORMAT.guided","listening-full","让学习者辨认并修正分清四部分语境、学习重播与有效一遍播放证据相关的条件或输入问题。","可读/可播放的真实内容及理解或产出检查；仅存在规划文字不算学过。","1","workflows","0","0","unknown","0","","","本类别没有已核实的guided专门内容与证据。","https://ielts.org/take-a-test/test-types/ielts-academic-test/ielts-academic-format-listening :: 四部分、一遍播放与交付条件 :: rule;https://ielts.org/take-a-test/test-types :: 四部分、一遍播放与交付条件 :: rule;https://ielts.org/news-and-insights/updates-to-ielts-test-delivery :: 四部分、一遍播放与交付条件 :: rule;https://ielts.idp.com/bangladesh/about/which-test-do-i-take/ielts-on-computer/listening-preparation :: 四部分、一遍播放与交付条件 :: rule"
"L-FORMAT","listening","academic","official-format","independent","partial","ielts-plan.L-FORMAT.independent","listening-full","换新的题目指令或考试条件，自主判断分清四部分语境、学习重播与有效一遍播放证据并说明依据。","保留新材料与题号、首答、实际支持/用时条件及反馈来源；看到模型、重播或AI改写要标辅助。","1","prompts","0","0","unknown","0","","map/learning.tsx#EvidenceForm","外部作答/评阅/复验自录表单，无法核验实际素材或评价；不是站内内容或真实学习效果。当前模考限定Academic。","https://ielts.org/take-a-test/test-types/ielts-academic-test/ielts-academic-format-listening :: 四部分、一遍播放与交付条件 :: rule;https://ielts.org/take-a-test/test-types :: 四部分、一遍播放与交付条件 :: rule;https://ielts.org/news-and-insights/updates-to-ielts-test-delivery :: 四部分、一遍播放与交付条件 :: rule;https://ielts.idp.com/bangladesh/about/which-test-do-i-take/ielts-on-computer/listening-preparation :: 四部分、一遍播放与交付条件 :: rule"
"L-FORMAT","listening","academic","official-format","timed","partial","ielts-plan.L-FORMAT.timed","listening-full","在正确模式的完整四部分40题听力中应用；记录模式、支持、素材和实际用时。","保留新材料与题号、首答、实际支持/用时条件及反馈来源；看到模型、重播或AI改写要标辅助。","1","prompts","0","0","unknown","0","","map/learning.tsx#EvidenceForm","外部作答/评阅/复验自录表单，无法核验实际素材或评价；不是站内内容或真实学习效果。当前模考限定Academic。","https://ielts.org/take-a-test/test-types/ielts-academic-test/ielts-academic-format-listening :: 四部分、一遍播放与交付条件 :: rule;https://ielts.org/take-a-test/test-types :: 四部分、一遍播放与交付条件 :: rule;https://ielts.org/news-and-insights/updates-to-ielts-test-delivery :: 四部分、一遍播放与交付条件 :: rule;https://ielts.idp.com/bangladesh/about/which-test-do-i-take/ielts-on-computer/listening-preparation :: 四部分、一遍播放与交付条件 :: rule"
"L-FORMAT","listening","academic","official-format","feedback","partial","ielts-plan.L-FORMAT.feedback","listening-full","把条件/输入错误与语言理解分开；展示原证据及修正，不将自定准确率当Band。","conditions-check：原作答/原稿/录音的证据定位、具体原因、修订与新题重试；不把改稿覆盖原尝试。","1","workflows","0","0","unknown","0","","map/learning.tsx#EvidenceForm","外部作答/评阅/复验自录表单，无法核验实际素材或评价；不是站内内容或真实学习效果。当前模考限定Academic。","https://ielts.org/take-a-test/test-types/ielts-academic-test/ielts-academic-format-listening :: 四部分、一遍播放与交付条件 :: rule;https://ielts.org/take-a-test/test-types :: 四部分、一遍播放与交付条件 :: rule;https://ielts.org/news-and-insights/updates-to-ielts-test-delivery :: 四部分、一遍播放与交付条件 :: rule;https://ielts.idp.com/bangladesh/about/which-test-do-i-take/ielts-on-computer/listening-preparation :: 四部分、一遍播放与交付条件 :: rule"
"L-FORMAT","listening","academic","official-format","review","partial","ielts-plan.L-FORMAT.review","listening-full","延迟后换指令/模式情境复验，未测过显示未验证；旧纸笔条件需实际市场/日期依据。","延迟后换材料/话题的第一遍无提示产出；记录原问题是否再次出现。间隔是课程选择，未验证时保持“未验证”。","1","workflows","0","0","unknown","0","","map/learning.tsx#EvidenceForm","外部作答/评阅/复验自录表单，无法核验实际素材或评价；不是站内内容或真实学习效果。当前模考限定Academic。","https://ielts.org/take-a-test/test-types/ielts-academic-test/ielts-academic-format-listening :: 四部分、一遍播放与交付条件 :: rule;https://ielts.org/take-a-test/test-types :: 四部分、一遍播放与交付条件 :: rule;https://ielts.org/news-and-insights/updates-to-ielts-test-delivery :: 四部分、一遍播放与交付条件 :: rule;https://ielts.idp.com/bangladesh/about/which-test-do-i-take/ielts-on-computer/listening-preparation :: 四部分、一遍播放与交付条件 :: rule"
"L-FORMAT","listening","general-training","official-format","explain","partial","ielts-plan.L-FORMAT.explain","listening-full","用短卡解释听说共用；听力四部分各10题，约30分钟录音，一遍播放；电脑结束检查按报考中心核实。Writing on Paper不把听读改成纸笔。，作指令理解检查。","可读/可播放的真实内容及理解或产出检查；仅存在规划文字不算学过。","1","explanations","1","unknown","unknown","0","","app/data/ielts.json#facts: overview / skill formats","概览文字存在，默认地图仍为Academic；没有验证用户目标、完整练习条件或新模式交付教学。","https://ielts.org/take-a-test/test-types/ielts-academic-test/ielts-academic-format-listening :: 四部分、一遍播放与交付条件 :: rule;https://ielts.org/take-a-test/test-types :: 四部分、一遍播放与交付条件 :: rule;https://ielts.org/news-and-insights/updates-to-ielts-test-delivery :: 四部分、一遍播放与交付条件 :: rule;https://ielts.idp.com/bangladesh/about/which-test-do-i-take/ielts-on-computer/listening-preparation :: 四部分、一遍播放与交付条件 :: rule"
"L-FORMAT","listening","general-training","official-format","model","missing","ielts-plan.L-FORMAT.model","listening-full","用原创合规/违规两份作答演示分清四部分语境、学习重播与有效一遍播放证据；解释练习信号与正式分数的边界。","可读/可播放的真实内容及理解或产出检查；仅存在规划文字不算学过。","1","models","0","0","unknown","0","","","本类别没有已核实的model专门内容与证据。","https://ielts.org/take-a-test/test-types/ielts-academic-test/ielts-academic-format-listening :: 四部分、一遍播放与交付条件 :: rule;https://ielts.org/take-a-test/test-types :: 四部分、一遍播放与交付条件 :: rule;https://ielts.org/news-and-insights/updates-to-ielts-test-delivery :: 四部分、一遍播放与交付条件 :: rule;https://ielts.idp.com/bangladesh/about/which-test-do-i-take/ielts-on-computer/listening-preparation :: 四部分、一遍播放与交付条件 :: rule"
"L-FORMAT","listening","general-training","official-format","guided","missing","ielts-plan.L-FORMAT.guided","listening-full","让学习者辨认并修正分清四部分语境、学习重播与有效一遍播放证据相关的条件或输入问题。","可读/可播放的真实内容及理解或产出检查；仅存在规划文字不算学过。","1","workflows","0","0","unknown","0","","","本类别没有已核实的guided专门内容与证据。","https://ielts.org/take-a-test/test-types/ielts-academic-test/ielts-academic-format-listening :: 四部分、一遍播放与交付条件 :: rule;https://ielts.org/take-a-test/test-types :: 四部分、一遍播放与交付条件 :: rule;https://ielts.org/news-and-insights/updates-to-ielts-test-delivery :: 四部分、一遍播放与交付条件 :: rule;https://ielts.idp.com/bangladesh/about/which-test-do-i-take/ielts-on-computer/listening-preparation :: 四部分、一遍播放与交付条件 :: rule"
"L-FORMAT","listening","general-training","official-format","independent","missing","ielts-plan.L-FORMAT.independent","listening-full","换新的题目指令或考试条件，自主判断分清四部分语境、学习重播与有效一遍播放证据并说明依据。","保留新材料与题号、首答、实际支持/用时条件及反馈来源；看到模型、重播或AI改写要标辅助。","1","prompts","0","0","unknown","0","","","本类别没有已核实的independent专门内容与证据。","https://ielts.org/take-a-test/test-types/ielts-academic-test/ielts-academic-format-listening :: 四部分、一遍播放与交付条件 :: rule;https://ielts.org/take-a-test/test-types :: 四部分、一遍播放与交付条件 :: rule;https://ielts.org/news-and-insights/updates-to-ielts-test-delivery :: 四部分、一遍播放与交付条件 :: rule;https://ielts.idp.com/bangladesh/about/which-test-do-i-take/ielts-on-computer/listening-preparation :: 四部分、一遍播放与交付条件 :: rule"
"L-FORMAT","listening","general-training","official-format","timed","missing","ielts-plan.L-FORMAT.timed","listening-full","在正确模式的完整四部分40题听力中应用；记录模式、支持、素材和实际用时。","保留新材料与题号、首答、实际支持/用时条件及反馈来源；看到模型、重播或AI改写要标辅助。","1","prompts","0","0","unknown","0","","","本类别没有已核实的timed专门内容与证据。","https://ielts.org/take-a-test/test-types/ielts-academic-test/ielts-academic-format-listening :: 四部分、一遍播放与交付条件 :: rule;https://ielts.org/take-a-test/test-types :: 四部分、一遍播放与交付条件 :: rule;https://ielts.org/news-and-insights/updates-to-ielts-test-delivery :: 四部分、一遍播放与交付条件 :: rule;https://ielts.idp.com/bangladesh/about/which-test-do-i-take/ielts-on-computer/listening-preparation :: 四部分、一遍播放与交付条件 :: rule"
"L-FORMAT","listening","general-training","official-format","feedback","missing","ielts-plan.L-FORMAT.feedback","listening-full","把条件/输入错误与语言理解分开；展示原证据及修正，不将自定准确率当Band。","conditions-check：原作答/原稿/录音的证据定位、具体原因、修订与新题重试；不把改稿覆盖原尝试。","1","workflows","0","0","unknown","0","","","本类别没有已核实的feedback专门内容与证据。","https://ielts.org/take-a-test/test-types/ielts-academic-test/ielts-academic-format-listening :: 四部分、一遍播放与交付条件 :: rule;https://ielts.org/take-a-test/test-types :: 四部分、一遍播放与交付条件 :: rule;https://ielts.org/news-and-insights/updates-to-ielts-test-delivery :: 四部分、一遍播放与交付条件 :: rule;https://ielts.idp.com/bangladesh/about/which-test-do-i-take/ielts-on-computer/listening-preparation :: 四部分、一遍播放与交付条件 :: rule"
"L-FORMAT","listening","general-training","official-format","review","missing","ielts-plan.L-FORMAT.review","listening-full","延迟后换指令/模式情境复验，未测过显示未验证；旧纸笔条件需实际市场/日期依据。","延迟后换材料/话题的第一遍无提示产出；记录原问题是否再次出现。间隔是课程选择，未验证时保持“未验证”。","1","workflows","0","0","unknown","0","","","本类别没有已核实的review专门内容与证据。","https://ielts.org/take-a-test/test-types/ielts-academic-test/ielts-academic-format-listening :: 四部分、一遍播放与交付条件 :: rule;https://ielts.org/take-a-test/test-types :: 四部分、一遍播放与交付条件 :: rule;https://ielts.org/news-and-insights/updates-to-ielts-test-delivery :: 四部分、一遍播放与交付条件 :: rule;https://ielts.idp.com/bangladesh/about/which-test-do-i-take/ielts-on-computer/listening-preparation :: 四部分、一遍播放与交付条件 :: rule"
"L-MARKING","listening","academic","official-format","explain","partial","ielts-plan.L-MARKING.explain","listening-full","用短卡解释40个评分槽，每正确答案1分，错答不倒扣；平均锚点随卷变化，不是固定阈值，不换算8题或未校准原创卷。，作指令理解检查。","可读/可播放的真实内容及理解或产出检查；仅存在规划文字不算学过。","1","explanations","1","unknown","unknown","0","","app/data/ielts.json#facts: scoring","简短维度/换分说明，未有各维度的行为示范、评分演练或全面band导读。","https://ielts.org/take-a-test/your-results/ielts-scoring-in-detail :: 原始分与Band参照 :: rule;https://takeielts.britishcouncil.org/prepare/ielts-academic/listening :: 原始分与Band参照 :: rule"
"L-MARKING","listening","academic","official-format","model","missing","ielts-plan.L-MARKING.model","listening-full","用原创合规/违规两份作答演示区分练习正确率、官方平均参照与正式成绩；解释练习信号与正式分数的边界。","可读/可播放的真实内容及理解或产出检查；仅存在规划文字不算学过。","1","models","0","0","unknown","0","","","本类别没有已核实的model专门内容与证据。","https://ielts.org/take-a-test/your-results/ielts-scoring-in-detail :: 原始分与Band参照 :: rule;https://takeielts.britishcouncil.org/prepare/ielts-academic/listening :: 原始分与Band参照 :: rule"
"L-MARKING","listening","academic","official-format","guided","missing","ielts-plan.L-MARKING.guided","listening-full","让学习者辨认并修正区分练习正确率、官方平均参照与正式成绩相关的条件或输入问题。","可读/可播放的真实内容及理解或产出检查；仅存在规划文字不算学过。","1","workflows","0","0","unknown","0","","","本类别没有已核实的guided专门内容与证据。","https://ielts.org/take-a-test/your-results/ielts-scoring-in-detail :: 原始分与Band参照 :: rule;https://takeielts.britishcouncil.org/prepare/ielts-academic/listening :: 原始分与Band参照 :: rule"
"L-MARKING","listening","academic","official-format","independent","missing","ielts-plan.L-MARKING.independent","listening-full","换新的题目指令或考试条件，自主判断区分练习正确率、官方平均参照与正式成绩并说明依据。","保留新材料与题号、首答、实际支持/用时条件及反馈来源；看到模型、重播或AI改写要标辅助。","1","prompts","0","0","unknown","0","","","本类别没有已核实的independent专门内容与证据。","https://ielts.org/take-a-test/your-results/ielts-scoring-in-detail :: 原始分与Band参照 :: rule;https://takeielts.britishcouncil.org/prepare/ielts-academic/listening :: 原始分与Band参照 :: rule"
"L-MARKING","listening","academic","official-format","timed","missing","ielts-plan.L-MARKING.timed","listening-full","在正确模式的完整四部分40题听力中应用；记录模式、支持、素材和实际用时。","保留新材料与题号、首答、实际支持/用时条件及反馈来源；看到模型、重播或AI改写要标辅助。","1","prompts","0","0","unknown","0","","","本类别没有已核实的timed专门内容与证据。","https://ielts.org/take-a-test/your-results/ielts-scoring-in-detail :: 原始分与Band参照 :: rule;https://takeielts.britishcouncil.org/prepare/ielts-academic/listening :: 原始分与Band参照 :: rule"
"L-MARKING","listening","academic","official-format","feedback","missing","ielts-plan.L-MARKING.feedback","listening-full","把条件/输入错误与语言理解分开；展示原证据及修正，不将自定准确率当Band。","conditions-check：原作答/原稿/录音的证据定位、具体原因、修订与新题重试；不把改稿覆盖原尝试。","1","workflows","0","0","unknown","0","","","本类别没有已核实的feedback专门内容与证据。","https://ielts.org/take-a-test/your-results/ielts-scoring-in-detail :: 原始分与Band参照 :: rule;https://takeielts.britishcouncil.org/prepare/ielts-academic/listening :: 原始分与Band参照 :: rule"
"L-MARKING","listening","academic","official-format","review","missing","ielts-plan.L-MARKING.review","listening-full","延迟后换指令/模式情境复验，未测过显示未验证；旧纸笔条件需实际市场/日期依据。","延迟后换材料/话题的第一遍无提示产出；记录原问题是否再次出现。间隔是课程选择，未验证时保持“未验证”。","1","workflows","0","0","unknown","0","","","本类别没有已核实的review专门内容与证据。","https://ielts.org/take-a-test/your-results/ielts-scoring-in-detail :: 原始分与Band参照 :: rule;https://takeielts.britishcouncil.org/prepare/ielts-academic/listening :: 原始分与Band参照 :: rule"
"L-MARKING","listening","general-training","official-format","explain","partial","ielts-plan.L-MARKING.explain","listening-full","用短卡解释40个评分槽，每正确答案1分，错答不倒扣；平均锚点随卷变化，不是固定阈值，不换算8题或未校准原创卷。，作指令理解检查。","可读/可播放的真实内容及理解或产出检查；仅存在规划文字不算学过。","1","explanations","1","unknown","unknown","0","","app/data/ielts.json#facts: scoring","简短维度/换分说明，未有各维度的行为示范、评分演练或全面band导读。","https://ielts.org/take-a-test/your-results/ielts-scoring-in-detail :: 原始分与Band参照 :: rule;https://takeielts.britishcouncil.org/prepare/ielts-academic/listening :: 原始分与Band参照 :: rule"
"L-MARKING","listening","general-training","official-format","model","missing","ielts-plan.L-MARKING.model","listening-full","用原创合规/违规两份作答演示区分练习正确率、官方平均参照与正式成绩；解释练习信号与正式分数的边界。","可读/可播放的真实内容及理解或产出检查；仅存在规划文字不算学过。","1","models","0","0","unknown","0","","","本类别没有已核实的model专门内容与证据。","https://ielts.org/take-a-test/your-results/ielts-scoring-in-detail :: 原始分与Band参照 :: rule;https://takeielts.britishcouncil.org/prepare/ielts-academic/listening :: 原始分与Band参照 :: rule"
"L-MARKING","listening","general-training","official-format","guided","missing","ielts-plan.L-MARKING.guided","listening-full","让学习者辨认并修正区分练习正确率、官方平均参照与正式成绩相关的条件或输入问题。","可读/可播放的真实内容及理解或产出检查；仅存在规划文字不算学过。","1","workflows","0","0","unknown","0","","","本类别没有已核实的guided专门内容与证据。","https://ielts.org/take-a-test/your-results/ielts-scoring-in-detail :: 原始分与Band参照 :: rule;https://takeielts.britishcouncil.org/prepare/ielts-academic/listening :: 原始分与Band参照 :: rule"
"L-MARKING","listening","general-training","official-format","independent","missing","ielts-plan.L-MARKING.independent","listening-full","换新的题目指令或考试条件，自主判断区分练习正确率、官方平均参照与正式成绩并说明依据。","保留新材料与题号、首答、实际支持/用时条件及反馈来源；看到模型、重播或AI改写要标辅助。","1","prompts","0","0","unknown","0","","","本类别没有已核实的independent专门内容与证据。","https://ielts.org/take-a-test/your-results/ielts-scoring-in-detail :: 原始分与Band参照 :: rule;https://takeielts.britishcouncil.org/prepare/ielts-academic/listening :: 原始分与Band参照 :: rule"
"L-MARKING","listening","general-training","official-format","timed","missing","ielts-plan.L-MARKING.timed","listening-full","在正确模式的完整四部分40题听力中应用；记录模式、支持、素材和实际用时。","保留新材料与题号、首答、实际支持/用时条件及反馈来源；看到模型、重播或AI改写要标辅助。","1","prompts","0","0","unknown","0","","","本类别没有已核实的timed专门内容与证据。","https://ielts.org/take-a-test/your-results/ielts-scoring-in-detail :: 原始分与Band参照 :: rule;https://takeielts.britishcouncil.org/prepare/ielts-academic/listening :: 原始分与Band参照 :: rule"
"L-MARKING","listening","general-training","official-format","feedback","missing","ielts-plan.L-MARKING.feedback","listening-full","把条件/输入错误与语言理解分开；展示原证据及修正，不将自定准确率当Band。","conditions-check：原作答/原稿/录音的证据定位、具体原因、修订与新题重试；不把改稿覆盖原尝试。","1","workflows","0","0","unknown","0","","","本类别没有已核实的feedback专门内容与证据。","https://ielts.org/take-a-test/your-results/ielts-scoring-in-detail :: 原始分与Band参照 :: rule;https://takeielts.britishcouncil.org/prepare/ielts-academic/listening :: 原始分与Band参照 :: rule"
"L-MARKING","listening","general-training","official-format","review","missing","ielts-plan.L-MARKING.review","listening-full","延迟后换指令/模式情境复验，未测过显示未验证；旧纸笔条件需实际市场/日期依据。","延迟后换材料/话题的第一遍无提示产出；记录原问题是否再次出现。间隔是课程选择，未验证时保持“未验证”。","1","workflows","0","0","unknown","0","","","本类别没有已核实的review专门内容与证据。","https://ielts.org/take-a-test/your-results/ielts-scoring-in-detail :: 原始分与Band参照 :: rule;https://takeielts.britishcouncil.org/prepare/ielts-academic/listening :: 原始分与Band参照 :: rule"
"L-RESPONSE","listening","academic","official-format","explain","missing","ielts-plan.L-RESPONSE.explain","listening-types","用短卡解释严格按每题词/数字政策和选择数；超限失分，连字符词按一个词，相关抽取任务不考缩略词；来源词须正确拼写/词形，规范英美拼写和大小写变体可接受。，作指令理解检查。","可读/可播放的真实内容及理解或产出检查；仅存在规划文字不算学过。","1","explanations","0","0","unknown","0","","","本类别没有已核实的explain专门内容与证据。","https://ielts.org/take-a-test/test-types/ielts-academic-test/ielts-academic-format-listening :: 选择数、词数、拼写与输入 :: rule;https://takeielts.britishcouncil.org/blog/british-or-american-english-ielts :: 选择数、词数、拼写与输入 :: rule;https://takeielts.britishcouncil.org/blog/capital-letters-in-english-common-errors-and-how-to-fix-them :: 选择数、词数、拼写与输入 :: rule"
"L-RESPONSE","listening","academic","official-format","model","missing","ielts-plan.L-RESPONSE.model","listening-types","用原创合规/违规两份作答演示验证本题回答形式而非宽松语义匹配；解释练习信号与正式分数的边界。","可读/可播放的真实内容及理解或产出检查；仅存在规划文字不算学过。","1","models","0","0","unknown","0","","","本类别没有已核实的model专门内容与证据。","https://ielts.org/take-a-test/test-types/ielts-academic-test/ielts-academic-format-listening :: 选择数、词数、拼写与输入 :: rule;https://takeielts.britishcouncil.org/blog/british-or-american-english-ielts :: 选择数、词数、拼写与输入 :: rule;https://takeielts.britishcouncil.org/blog/capital-letters-in-english-common-errors-and-how-to-fix-them :: 选择数、词数、拼写与输入 :: rule"
"L-RESPONSE","listening","academic","official-format","guided","missing","ielts-plan.L-RESPONSE.guided","listening-types","让学习者辨认并修正验证本题回答形式而非宽松语义匹配相关的条件或输入问题。","可读/可播放的真实内容及理解或产出检查；仅存在规划文字不算学过。","1","workflows","0","0","unknown","0","","","本类别没有已核实的guided专门内容与证据。","https://ielts.org/take-a-test/test-types/ielts-academic-test/ielts-academic-format-listening :: 选择数、词数、拼写与输入 :: rule;https://takeielts.britishcouncil.org/blog/british-or-american-english-ielts :: 选择数、词数、拼写与输入 :: rule;https://takeielts.britishcouncil.org/blog/capital-letters-in-english-common-errors-and-how-to-fix-them :: 选择数、词数、拼写与输入 :: rule"
"L-RESPONSE","listening","academic","official-format","independent","missing","ielts-plan.L-RESPONSE.independent","listening-types","换新的题目指令或考试条件，自主判断验证本题回答形式而非宽松语义匹配并说明依据。","保留新材料与题号、首答、实际支持/用时条件及反馈来源；看到模型、重播或AI改写要标辅助。","1","prompts","0","0","unknown","0","","","本类别没有已核实的independent专门内容与证据。","https://ielts.org/take-a-test/test-types/ielts-academic-test/ielts-academic-format-listening :: 选择数、词数、拼写与输入 :: rule;https://takeielts.britishcouncil.org/blog/british-or-american-english-ielts :: 选择数、词数、拼写与输入 :: rule;https://takeielts.britishcouncil.org/blog/capital-letters-in-english-common-errors-and-how-to-fix-them :: 选择数、词数、拼写与输入 :: rule"
"L-RESPONSE","listening","academic","official-format","timed","missing","ielts-plan.L-RESPONSE.timed","listening-types","在正确模式的完整四部分40题听力中应用；记录模式、支持、素材和实际用时。","保留新材料与题号、首答、实际支持/用时条件及反馈来源；看到模型、重播或AI改写要标辅助。","1","prompts","0","0","unknown","0","","","本类别没有已核实的timed专门内容与证据。","https://ielts.org/take-a-test/test-types/ielts-academic-test/ielts-academic-format-listening :: 选择数、词数、拼写与输入 :: rule;https://takeielts.britishcouncil.org/blog/british-or-american-english-ielts :: 选择数、词数、拼写与输入 :: rule;https://takeielts.britishcouncil.org/blog/capital-letters-in-english-common-errors-and-how-to-fix-them :: 选择数、词数、拼写与输入 :: rule"
"L-RESPONSE","listening","academic","official-format","feedback","missing","ielts-plan.L-RESPONSE.feedback","listening-types","把条件/输入错误与语言理解分开；展示原证据及修正，不将自定准确率当Band。","conditions-check：原作答/原稿/录音的证据定位、具体原因、修订与新题重试；不把改稿覆盖原尝试。","1","workflows","0","0","unknown","0","","","本类别没有已核实的feedback专门内容与证据。","https://ielts.org/take-a-test/test-types/ielts-academic-test/ielts-academic-format-listening :: 选择数、词数、拼写与输入 :: rule;https://takeielts.britishcouncil.org/blog/british-or-american-english-ielts :: 选择数、词数、拼写与输入 :: rule;https://takeielts.britishcouncil.org/blog/capital-letters-in-english-common-errors-and-how-to-fix-them :: 选择数、词数、拼写与输入 :: rule"
"L-RESPONSE","listening","academic","official-format","review","missing","ielts-plan.L-RESPONSE.review","listening-types","延迟后换指令/模式情境复验，未测过显示未验证；旧纸笔条件需实际市场/日期依据。","延迟后换材料/话题的第一遍无提示产出；记录原问题是否再次出现。间隔是课程选择，未验证时保持“未验证”。","1","workflows","0","0","unknown","0","","","本类别没有已核实的review专门内容与证据。","https://ielts.org/take-a-test/test-types/ielts-academic-test/ielts-academic-format-listening :: 选择数、词数、拼写与输入 :: rule;https://takeielts.britishcouncil.org/blog/british-or-american-english-ielts :: 选择数、词数、拼写与输入 :: rule;https://takeielts.britishcouncil.org/blog/capital-letters-in-english-common-errors-and-how-to-fix-them :: 选择数、词数、拼写与输入 :: rule"
"L-RESPONSE","listening","general-training","official-format","explain","missing","ielts-plan.L-RESPONSE.explain","listening-types","用短卡解释严格按每题词/数字政策和选择数；超限失分，连字符词按一个词，相关抽取任务不考缩略词；来源词须正确拼写/词形，规范英美拼写和大小写变体可接受。，作指令理解检查。","可读/可播放的真实内容及理解或产出检查；仅存在规划文字不算学过。","1","explanations","0","0","unknown","0","","","本类别没有已核实的explain专门内容与证据。","https://ielts.org/take-a-test/test-types/ielts-academic-test/ielts-academic-format-listening :: 选择数、词数、拼写与输入 :: rule;https://takeielts.britishcouncil.org/blog/british-or-american-english-ielts :: 选择数、词数、拼写与输入 :: rule;https://takeielts.britishcouncil.org/blog/capital-letters-in-english-common-errors-and-how-to-fix-them :: 选择数、词数、拼写与输入 :: rule"
"L-RESPONSE","listening","general-training","official-format","model","missing","ielts-plan.L-RESPONSE.model","listening-types","用原创合规/违规两份作答演示验证本题回答形式而非宽松语义匹配；解释练习信号与正式分数的边界。","可读/可播放的真实内容及理解或产出检查；仅存在规划文字不算学过。","1","models","0","0","unknown","0","","","本类别没有已核实的model专门内容与证据。","https://ielts.org/take-a-test/test-types/ielts-academic-test/ielts-academic-format-listening :: 选择数、词数、拼写与输入 :: rule;https://takeielts.britishcouncil.org/blog/british-or-american-english-ielts :: 选择数、词数、拼写与输入 :: rule;https://takeielts.britishcouncil.org/blog/capital-letters-in-english-common-errors-and-how-to-fix-them :: 选择数、词数、拼写与输入 :: rule"
"L-RESPONSE","listening","general-training","official-format","guided","missing","ielts-plan.L-RESPONSE.guided","listening-types","让学习者辨认并修正验证本题回答形式而非宽松语义匹配相关的条件或输入问题。","可读/可播放的真实内容及理解或产出检查；仅存在规划文字不算学过。","1","workflows","0","0","unknown","0","","","本类别没有已核实的guided专门内容与证据。","https://ielts.org/take-a-test/test-types/ielts-academic-test/ielts-academic-format-listening :: 选择数、词数、拼写与输入 :: rule;https://takeielts.britishcouncil.org/blog/british-or-american-english-ielts :: 选择数、词数、拼写与输入 :: rule;https://takeielts.britishcouncil.org/blog/capital-letters-in-english-common-errors-and-how-to-fix-them :: 选择数、词数、拼写与输入 :: rule"
"L-RESPONSE","listening","general-training","official-format","independent","missing","ielts-plan.L-RESPONSE.independent","listening-types","换新的题目指令或考试条件，自主判断验证本题回答形式而非宽松语义匹配并说明依据。","保留新材料与题号、首答、实际支持/用时条件及反馈来源；看到模型、重播或AI改写要标辅助。","1","prompts","0","0","unknown","0","","","本类别没有已核实的independent专门内容与证据。","https://ielts.org/take-a-test/test-types/ielts-academic-test/ielts-academic-format-listening :: 选择数、词数、拼写与输入 :: rule;https://takeielts.britishcouncil.org/blog/british-or-american-english-ielts :: 选择数、词数、拼写与输入 :: rule;https://takeielts.britishcouncil.org/blog/capital-letters-in-english-common-errors-and-how-to-fix-them :: 选择数、词数、拼写与输入 :: rule"
"L-RESPONSE","listening","general-training","official-format","timed","missing","ielts-plan.L-RESPONSE.timed","listening-types","在正确模式的完整四部分40题听力中应用；记录模式、支持、素材和实际用时。","保留新材料与题号、首答、实际支持/用时条件及反馈来源；看到模型、重播或AI改写要标辅助。","1","prompts","0","0","unknown","0","","","本类别没有已核实的timed专门内容与证据。","https://ielts.org/take-a-test/test-types/ielts-academic-test/ielts-academic-format-listening :: 选择数、词数、拼写与输入 :: rule;https://takeielts.britishcouncil.org/blog/british-or-american-english-ielts :: 选择数、词数、拼写与输入 :: rule;https://takeielts.britishcouncil.org/blog/capital-letters-in-english-common-errors-and-how-to-fix-them :: 选择数、词数、拼写与输入 :: rule"
"L-RESPONSE","listening","general-training","official-format","feedback","missing","ielts-plan.L-RESPONSE.feedback","listening-types","把条件/输入错误与语言理解分开；展示原证据及修正，不将自定准确率当Band。","conditions-check：原作答/原稿/录音的证据定位、具体原因、修订与新题重试；不把改稿覆盖原尝试。","1","workflows","0","0","unknown","0","","","本类别没有已核实的feedback专门内容与证据。","https://ielts.org/take-a-test/test-types/ielts-academic-test/ielts-academic-format-listening :: 选择数、词数、拼写与输入 :: rule;https://takeielts.britishcouncil.org/blog/british-or-american-english-ielts :: 选择数、词数、拼写与输入 :: rule;https://takeielts.britishcouncil.org/blog/capital-letters-in-english-common-errors-and-how-to-fix-them :: 选择数、词数、拼写与输入 :: rule"
"L-RESPONSE","listening","general-training","official-format","review","missing","ielts-plan.L-RESPONSE.review","listening-types","延迟后换指令/模式情境复验，未测过显示未验证；旧纸笔条件需实际市场/日期依据。","延迟后换材料/话题的第一遍无提示产出；记录原问题是否再次出现。间隔是课程选择，未验证时保持“未验证”。","1","workflows","0","0","unknown","0","","","本类别没有已核实的review专门内容与证据。","https://ielts.org/take-a-test/test-types/ielts-academic-test/ielts-academic-format-listening :: 选择数、词数、拼写与输入 :: rule;https://takeielts.britishcouncil.org/blog/british-or-american-english-ielts :: 选择数、词数、拼写与输入 :: rule;https://takeielts.britishcouncil.org/blog/capital-letters-in-english-common-errors-and-how-to-fix-them :: 选择数、词数、拼写与输入 :: rule"
"R-FORMAT-A","reading","academic","official-format","explain","partial","ielts-plan.R-FORMAT-A.explain","reading-full","用短卡解释Academic三部分40题/60分钟，当前官方文本量2150–2750词；覆盖非专业论述、描述、叙事，不把短篇长度当完整训练。，作指令理解检查。","可读/可播放的真实内容及理解或产出检查；仅存在规划文字不算学过。","1","explanations","1","unknown","unknown","0","","app/data/ielts.json#facts: overview / skill formats","概览文字存在，默认地图仍为Academic；没有验证用户目标、完整练习条件或新模式交付教学。","https://ielts.org/take-a-test/test-types/ielts-academic-test/ielts-academic-format-reading :: Academic 三部分/60分钟 :: rule;https://info.ielts.idp.com/rs/561-EIU-022/images/IELTSFocus-AcademicReading-StudentBook.pdf :: Academic 三部分/60分钟 :: rule"
"R-FORMAT-A","reading","academic","official-format","model","missing","ielts-plan.R-FORMAT-A.model","reading-full","用原创合规/违规两份作答演示本类别的文本语境、作答时间与无额外抄答案时间；解释练习信号与正式分数的边界。","可读/可播放的真实内容及理解或产出检查；仅存在规划文字不算学过。","1","models","0","0","unknown","0","","","本类别没有已核实的model专门内容与证据。","https://ielts.org/take-a-test/test-types/ielts-academic-test/ielts-academic-format-reading :: Academic 三部分/60分钟 :: rule;https://info.ielts.idp.com/rs/561-EIU-022/images/IELTSFocus-AcademicReading-StudentBook.pdf :: Academic 三部分/60分钟 :: rule"
"R-FORMAT-A","reading","academic","official-format","guided","missing","ielts-plan.R-FORMAT-A.guided","reading-full","让学习者辨认并修正本类别的文本语境、作答时间与无额外抄答案时间相关的条件或输入问题。","可读/可播放的真实内容及理解或产出检查；仅存在规划文字不算学过。","1","workflows","0","0","unknown","0","","","本类别没有已核实的guided专门内容与证据。","https://ielts.org/take-a-test/test-types/ielts-academic-test/ielts-academic-format-reading :: Academic 三部分/60分钟 :: rule;https://info.ielts.idp.com/rs/561-EIU-022/images/IELTSFocus-AcademicReading-StudentBook.pdf :: Academic 三部分/60分钟 :: rule"
"R-FORMAT-A","reading","academic","official-format","independent","partial","ielts-plan.R-FORMAT-A.independent","reading-full","换新的题目指令或考试条件，自主判断本类别的文本语境、作答时间与无额外抄答案时间并说明依据。","保留新材料与题号、首答、实际支持/用时条件及反馈来源；看到模型、重播或AI改写要标辅助。","1","prompts","0","0","unknown","0","","map/learning.tsx#EvidenceForm","外部作答/评阅/复验自录表单，无法核验实际素材或评价；不是站内内容或真实学习效果。当前模考限定Academic。","https://ielts.org/take-a-test/test-types/ielts-academic-test/ielts-academic-format-reading :: Academic 三部分/60分钟 :: rule;https://info.ielts.idp.com/rs/561-EIU-022/images/IELTSFocus-AcademicReading-StudentBook.pdf :: Academic 三部分/60分钟 :: rule"
"R-FORMAT-A","reading","academic","official-format","timed","partial","ielts-plan.R-FORMAT-A.timed","reading-full","在正确模式的完整三部分40题阅读中应用；记录模式、支持、素材和实际用时。","保留新材料与题号、首答、实际支持/用时条件及反馈来源；看到模型、重播或AI改写要标辅助。","1","prompts","0","0","unknown","0","","map/learning.tsx#EvidenceForm","外部作答/评阅/复验自录表单，无法核验实际素材或评价；不是站内内容或真实学习效果。当前模考限定Academic。","https://ielts.org/take-a-test/test-types/ielts-academic-test/ielts-academic-format-reading :: Academic 三部分/60分钟 :: rule;https://info.ielts.idp.com/rs/561-EIU-022/images/IELTSFocus-AcademicReading-StudentBook.pdf :: Academic 三部分/60分钟 :: rule"
"R-FORMAT-A","reading","academic","official-format","feedback","partial","ielts-plan.R-FORMAT-A.feedback","reading-full","把条件/输入错误与语言理解分开；展示原证据及修正，不将自定准确率当Band。","conditions-check：原作答/原稿/录音的证据定位、具体原因、修订与新题重试；不把改稿覆盖原尝试。","1","workflows","0","0","unknown","0","","map/learning.tsx#EvidenceForm","外部作答/评阅/复验自录表单，无法核验实际素材或评价；不是站内内容或真实学习效果。当前模考限定Academic。","https://ielts.org/take-a-test/test-types/ielts-academic-test/ielts-academic-format-reading :: Academic 三部分/60分钟 :: rule;https://info.ielts.idp.com/rs/561-EIU-022/images/IELTSFocus-AcademicReading-StudentBook.pdf :: Academic 三部分/60分钟 :: rule"
"R-FORMAT-A","reading","academic","official-format","review","partial","ielts-plan.R-FORMAT-A.review","reading-full","延迟后换指令/模式情境复验，未测过显示未验证；旧纸笔条件需实际市场/日期依据。","延迟后换材料/话题的第一遍无提示产出；记录原问题是否再次出现。间隔是课程选择，未验证时保持“未验证”。","1","workflows","0","0","unknown","0","","map/learning.tsx#EvidenceForm","外部作答/评阅/复验自录表单，无法核验实际素材或评价；不是站内内容或真实学习效果。当前模考限定Academic。","https://ielts.org/take-a-test/test-types/ielts-academic-test/ielts-academic-format-reading :: Academic 三部分/60分钟 :: rule;https://info.ielts.idp.com/rs/561-EIU-022/images/IELTSFocus-AcademicReading-StudentBook.pdf :: Academic 三部分/60分钟 :: rule"
"R-MARKING-A","reading","academic","official-format","explain","partial","ielts-plan.R-MARKING-A.explain","reading-full","用短卡解释每正确答案1分，错答不倒扣；Academic/GT同一Band对应不同平均原始分参照。不能在两类间套表，也不能插值缺失半分。，作指令理解检查。","可读/可播放的真实内容及理解或产出检查；仅存在规划文字不算学过。","1","explanations","1","unknown","unknown","0","","app/data/ielts.json#facts: scoring","简短维度/换分说明，未有各维度的行为示范、评分演练或全面band导读。","https://ielts.org/take-a-test/your-results/ielts-scoring-in-detail :: Academic 原始分参照 :: rule;https://takeielts.britishcouncil.org/what-is-ielts/how-it-works/test-format/reading :: Academic 原始分参照 :: rule"
"R-MARKING-A","reading","academic","official-format","model","missing","ielts-plan.R-MARKING-A.model","reading-full","用原创合规/违规两份作答演示明确类别、题数、卷来源与有效换分依据；解释练习信号与正式分数的边界。","可读/可播放的真实内容及理解或产出检查；仅存在规划文字不算学过。","1","models","0","0","unknown","0","","","本类别没有已核实的model专门内容与证据。","https://ielts.org/take-a-test/your-results/ielts-scoring-in-detail :: Academic 原始分参照 :: rule;https://takeielts.britishcouncil.org/what-is-ielts/how-it-works/test-format/reading :: Academic 原始分参照 :: rule"
"R-MARKING-A","reading","academic","official-format","guided","missing","ielts-plan.R-MARKING-A.guided","reading-full","让学习者辨认并修正明确类别、题数、卷来源与有效换分依据相关的条件或输入问题。","可读/可播放的真实内容及理解或产出检查；仅存在规划文字不算学过。","1","workflows","0","0","unknown","0","","","本类别没有已核实的guided专门内容与证据。","https://ielts.org/take-a-test/your-results/ielts-scoring-in-detail :: Academic 原始分参照 :: rule;https://takeielts.britishcouncil.org/what-is-ielts/how-it-works/test-format/reading :: Academic 原始分参照 :: rule"
"R-MARKING-A","reading","academic","official-format","independent","missing","ielts-plan.R-MARKING-A.independent","reading-full","换新的题目指令或考试条件，自主判断明确类别、题数、卷来源与有效换分依据并说明依据。","保留新材料与题号、首答、实际支持/用时条件及反馈来源；看到模型、重播或AI改写要标辅助。","1","prompts","0","0","unknown","0","","","本类别没有已核实的independent专门内容与证据。","https://ielts.org/take-a-test/your-results/ielts-scoring-in-detail :: Academic 原始分参照 :: rule;https://takeielts.britishcouncil.org/what-is-ielts/how-it-works/test-format/reading :: Academic 原始分参照 :: rule"
"R-MARKING-A","reading","academic","official-format","timed","missing","ielts-plan.R-MARKING-A.timed","reading-full","在正确模式的完整三部分40题阅读中应用；记录模式、支持、素材和实际用时。","保留新材料与题号、首答、实际支持/用时条件及反馈来源；看到模型、重播或AI改写要标辅助。","1","prompts","0","0","unknown","0","","","本类别没有已核实的timed专门内容与证据。","https://ielts.org/take-a-test/your-results/ielts-scoring-in-detail :: Academic 原始分参照 :: rule;https://takeielts.britishcouncil.org/what-is-ielts/how-it-works/test-format/reading :: Academic 原始分参照 :: rule"
"R-MARKING-A","reading","academic","official-format","feedback","missing","ielts-plan.R-MARKING-A.feedback","reading-full","把条件/输入错误与语言理解分开；展示原证据及修正，不将自定准确率当Band。","conditions-check：原作答/原稿/录音的证据定位、具体原因、修订与新题重试；不把改稿覆盖原尝试。","1","workflows","0","0","unknown","0","","","本类别没有已核实的feedback专门内容与证据。","https://ielts.org/take-a-test/your-results/ielts-scoring-in-detail :: Academic 原始分参照 :: rule;https://takeielts.britishcouncil.org/what-is-ielts/how-it-works/test-format/reading :: Academic 原始分参照 :: rule"
"R-MARKING-A","reading","academic","official-format","review","missing","ielts-plan.R-MARKING-A.review","reading-full","延迟后换指令/模式情境复验，未测过显示未验证；旧纸笔条件需实际市场/日期依据。","延迟后换材料/话题的第一遍无提示产出；记录原问题是否再次出现。间隔是课程选择，未验证时保持“未验证”。","1","workflows","0","0","unknown","0","","","本类别没有已核实的review专门内容与证据。","https://ielts.org/take-a-test/your-results/ielts-scoring-in-detail :: Academic 原始分参照 :: rule;https://takeielts.britishcouncil.org/what-is-ielts/how-it-works/test-format/reading :: Academic 原始分参照 :: rule"
"R-RESPONSE-A","reading","academic","official-format","explain","missing","ielts-plan.R-RESPONSE-A.explain","reading-types","用短卡解释抽取来源词、长度和词形按本题指令；规范英美拼写/全大写可接受。阅读并非所有题型按序：匹配、摘要与图示需自己的定位策略；选项复用按类型与指令。，作指令理解检查。","可读/可播放的真实内容及理解或产出检查；仅存在规划文字不算学过。","1","explanations","0","0","unknown","0","","","本类别没有已核实的explain专门内容与证据。","https://ielts.org/take-a-test/test-types/ielts-academic-test/ielts-academic-format-reading :: 原文抽取、作答限制与题序 :: rule;https://takeielts.britishcouncil.org/prepare/ielts-free-practice-mock-tests/general-training/reading?language=en :: 原文抽取、作答限制与题序 :: rule;https://takeielts.britishcouncil.org/blog/british-or-american-english-ielts :: 原文抽取、作答限制与题序 :: rule;https://takeielts.britishcouncil.org/blog/capital-letters-in-english-common-errors-and-how-to-fix-them :: 原文抽取、作答限制与题序 :: rule"
"R-RESPONSE-A","reading","academic","official-format","model","missing","ielts-plan.R-RESPONSE-A.model","reading-types","用原创合规/违规两份作答演示逐题确认选择数/词数/来源措辞及对应题序规则；解释练习信号与正式分数的边界。","可读/可播放的真实内容及理解或产出检查；仅存在规划文字不算学过。","1","models","0","0","unknown","0","","","本类别没有已核实的model专门内容与证据。","https://ielts.org/take-a-test/test-types/ielts-academic-test/ielts-academic-format-reading :: 原文抽取、作答限制与题序 :: rule;https://takeielts.britishcouncil.org/prepare/ielts-free-practice-mock-tests/general-training/reading?language=en :: 原文抽取、作答限制与题序 :: rule;https://takeielts.britishcouncil.org/blog/british-or-american-english-ielts :: 原文抽取、作答限制与题序 :: rule;https://takeielts.britishcouncil.org/blog/capital-letters-in-english-common-errors-and-how-to-fix-them :: 原文抽取、作答限制与题序 :: rule"
"R-RESPONSE-A","reading","academic","official-format","guided","missing","ielts-plan.R-RESPONSE-A.guided","reading-types","让学习者辨认并修正逐题确认选择数/词数/来源措辞及对应题序规则相关的条件或输入问题。","可读/可播放的真实内容及理解或产出检查；仅存在规划文字不算学过。","1","workflows","0","0","unknown","0","","","本类别没有已核实的guided专门内容与证据。","https://ielts.org/take-a-test/test-types/ielts-academic-test/ielts-academic-format-reading :: 原文抽取、作答限制与题序 :: rule;https://takeielts.britishcouncil.org/prepare/ielts-free-practice-mock-tests/general-training/reading?language=en :: 原文抽取、作答限制与题序 :: rule;https://takeielts.britishcouncil.org/blog/british-or-american-english-ielts :: 原文抽取、作答限制与题序 :: rule;https://takeielts.britishcouncil.org/blog/capital-letters-in-english-common-errors-and-how-to-fix-them :: 原文抽取、作答限制与题序 :: rule"
"R-RESPONSE-A","reading","academic","official-format","independent","missing","ielts-plan.R-RESPONSE-A.independent","reading-types","换新的题目指令或考试条件，自主判断逐题确认选择数/词数/来源措辞及对应题序规则并说明依据。","保留新材料与题号、首答、实际支持/用时条件及反馈来源；看到模型、重播或AI改写要标辅助。","1","prompts","0","0","unknown","0","","","本类别没有已核实的independent专门内容与证据。","https://ielts.org/take-a-test/test-types/ielts-academic-test/ielts-academic-format-reading :: 原文抽取、作答限制与题序 :: rule;https://takeielts.britishcouncil.org/prepare/ielts-free-practice-mock-tests/general-training/reading?language=en :: 原文抽取、作答限制与题序 :: rule;https://takeielts.britishcouncil.org/blog/british-or-american-english-ielts :: 原文抽取、作答限制与题序 :: rule;https://takeielts.britishcouncil.org/blog/capital-letters-in-english-common-errors-and-how-to-fix-them :: 原文抽取、作答限制与题序 :: rule"
"R-RESPONSE-A","reading","academic","official-format","timed","missing","ielts-plan.R-RESPONSE-A.timed","reading-types","在正确模式的完整三部分40题阅读中应用；记录模式、支持、素材和实际用时。","保留新材料与题号、首答、实际支持/用时条件及反馈来源；看到模型、重播或AI改写要标辅助。","1","prompts","0","0","unknown","0","","","本类别没有已核实的timed专门内容与证据。","https://ielts.org/take-a-test/test-types/ielts-academic-test/ielts-academic-format-reading :: 原文抽取、作答限制与题序 :: rule;https://takeielts.britishcouncil.org/prepare/ielts-free-practice-mock-tests/general-training/reading?language=en :: 原文抽取、作答限制与题序 :: rule;https://takeielts.britishcouncil.org/blog/british-or-american-english-ielts :: 原文抽取、作答限制与题序 :: rule;https://takeielts.britishcouncil.org/blog/capital-letters-in-english-common-errors-and-how-to-fix-them :: 原文抽取、作答限制与题序 :: rule"
"R-RESPONSE-A","reading","academic","official-format","feedback","missing","ielts-plan.R-RESPONSE-A.feedback","reading-types","把条件/输入错误与语言理解分开；展示原证据及修正，不将自定准确率当Band。","conditions-check：原作答/原稿/录音的证据定位、具体原因、修订与新题重试；不把改稿覆盖原尝试。","1","workflows","0","0","unknown","0","","","本类别没有已核实的feedback专门内容与证据。","https://ielts.org/take-a-test/test-types/ielts-academic-test/ielts-academic-format-reading :: 原文抽取、作答限制与题序 :: rule;https://takeielts.britishcouncil.org/prepare/ielts-free-practice-mock-tests/general-training/reading?language=en :: 原文抽取、作答限制与题序 :: rule;https://takeielts.britishcouncil.org/blog/british-or-american-english-ielts :: 原文抽取、作答限制与题序 :: rule;https://takeielts.britishcouncil.org/blog/capital-letters-in-english-common-errors-and-how-to-fix-them :: 原文抽取、作答限制与题序 :: rule"
"R-RESPONSE-A","reading","academic","official-format","review","missing","ielts-plan.R-RESPONSE-A.review","reading-types","延迟后换指令/模式情境复验，未测过显示未验证；旧纸笔条件需实际市场/日期依据。","延迟后换材料/话题的第一遍无提示产出；记录原问题是否再次出现。间隔是课程选择，未验证时保持“未验证”。","1","workflows","0","0","unknown","0","","","本类别没有已核实的review专门内容与证据。","https://ielts.org/take-a-test/test-types/ielts-academic-test/ielts-academic-format-reading :: 原文抽取、作答限制与题序 :: rule;https://takeielts.britishcouncil.org/prepare/ielts-free-practice-mock-tests/general-training/reading?language=en :: 原文抽取、作答限制与题序 :: rule;https://takeielts.britishcouncil.org/blog/british-or-american-english-ielts :: 原文抽取、作答限制与题序 :: rule;https://takeielts.britishcouncil.org/blog/capital-letters-in-english-common-errors-and-how-to-fix-them :: 原文抽取、作答限制与题序 :: rule"
"R-FORMAT-GT","reading","general-training","official-format","explain","partial","ielts-plan.R-FORMAT-GT.explain","","用短卡解释GT三部分40题/60分钟，当前页面2150–2375词；日常短文件→工作材料→长篇一般兴趣文。文本量只作格式教学，不规定所有微课长度。，作指令理解检查。","可读/可播放的真实内容及理解或产出检查；仅存在规划文字不算学过。","1","explanations","1","unknown","unknown","0","","app/data/ielts.json#facts: overview / skill formats","概览文字存在，默认地图仍为Academic；没有验证用户目标、完整练习条件或新模式交付教学。","https://ielts.org/take-a-test/test-types/ielts-general-training-test/ielts-general-training-format-reading :: GT 三部分/60分钟 :: rule;https://info.ielts.idp.com/rs/561-EIU-022/images/IELTSFocus-AcademicReading-StudentBook.pdf :: GT 三部分/60分钟 :: rule"
"R-FORMAT-GT","reading","general-training","official-format","model","missing","ielts-plan.R-FORMAT-GT.model","","用原创合规/违规两份作答演示本类别的文本语境、作答时间与无额外抄答案时间；解释练习信号与正式分数的边界。","可读/可播放的真实内容及理解或产出检查；仅存在规划文字不算学过。","1","models","0","0","unknown","0","","","本类别没有已核实的model专门内容与证据。","https://ielts.org/take-a-test/test-types/ielts-general-training-test/ielts-general-training-format-reading :: GT 三部分/60分钟 :: rule;https://info.ielts.idp.com/rs/561-EIU-022/images/IELTSFocus-AcademicReading-StudentBook.pdf :: GT 三部分/60分钟 :: rule"
"R-FORMAT-GT","reading","general-training","official-format","guided","missing","ielts-plan.R-FORMAT-GT.guided","","让学习者辨认并修正本类别的文本语境、作答时间与无额外抄答案时间相关的条件或输入问题。","可读/可播放的真实内容及理解或产出检查；仅存在规划文字不算学过。","1","workflows","0","0","unknown","0","","","本类别没有已核实的guided专门内容与证据。","https://ielts.org/take-a-test/test-types/ielts-general-training-test/ielts-general-training-format-reading :: GT 三部分/60分钟 :: rule;https://info.ielts.idp.com/rs/561-EIU-022/images/IELTSFocus-AcademicReading-StudentBook.pdf :: GT 三部分/60分钟 :: rule"
"R-FORMAT-GT","reading","general-training","official-format","independent","missing","ielts-plan.R-FORMAT-GT.independent","","换新的题目指令或考试条件，自主判断本类别的文本语境、作答时间与无额外抄答案时间并说明依据。","保留新材料与题号、首答、实际支持/用时条件及反馈来源；看到模型、重播或AI改写要标辅助。","1","prompts","0","0","unknown","0","","","本类别没有已核实的independent专门内容与证据。","https://ielts.org/take-a-test/test-types/ielts-general-training-test/ielts-general-training-format-reading :: GT 三部分/60分钟 :: rule;https://info.ielts.idp.com/rs/561-EIU-022/images/IELTSFocus-AcademicReading-StudentBook.pdf :: GT 三部分/60分钟 :: rule"
"R-FORMAT-GT","reading","general-training","official-format","timed","missing","ielts-plan.R-FORMAT-GT.timed","","在正确模式的完整三部分40题阅读中应用；记录模式、支持、素材和实际用时。","保留新材料与题号、首答、实际支持/用时条件及反馈来源；看到模型、重播或AI改写要标辅助。","1","prompts","0","0","unknown","0","","","本类别没有已核实的timed专门内容与证据。","https://ielts.org/take-a-test/test-types/ielts-general-training-test/ielts-general-training-format-reading :: GT 三部分/60分钟 :: rule;https://info.ielts.idp.com/rs/561-EIU-022/images/IELTSFocus-AcademicReading-StudentBook.pdf :: GT 三部分/60分钟 :: rule"
"R-FORMAT-GT","reading","general-training","official-format","feedback","missing","ielts-plan.R-FORMAT-GT.feedback","","把条件/输入错误与语言理解分开；展示原证据及修正，不将自定准确率当Band。","conditions-check：原作答/原稿/录音的证据定位、具体原因、修订与新题重试；不把改稿覆盖原尝试。","1","workflows","0","0","unknown","0","","","本类别没有已核实的feedback专门内容与证据。","https://ielts.org/take-a-test/test-types/ielts-general-training-test/ielts-general-training-format-reading :: GT 三部分/60分钟 :: rule;https://info.ielts.idp.com/rs/561-EIU-022/images/IELTSFocus-AcademicReading-StudentBook.pdf :: GT 三部分/60分钟 :: rule"
"R-FORMAT-GT","reading","general-training","official-format","review","missing","ielts-plan.R-FORMAT-GT.review","","延迟后换指令/模式情境复验，未测过显示未验证；旧纸笔条件需实际市场/日期依据。","延迟后换材料/话题的第一遍无提示产出；记录原问题是否再次出现。间隔是课程选择，未验证时保持“未验证”。","1","workflows","0","0","unknown","0","","","本类别没有已核实的review专门内容与证据。","https://ielts.org/take-a-test/test-types/ielts-general-training-test/ielts-general-training-format-reading :: GT 三部分/60分钟 :: rule;https://info.ielts.idp.com/rs/561-EIU-022/images/IELTSFocus-AcademicReading-StudentBook.pdf :: GT 三部分/60分钟 :: rule"
"R-MARKING-GT","reading","general-training","official-format","explain","partial","ielts-plan.R-MARKING-GT.explain","","用短卡解释每正确答案1分，错答不倒扣；Academic/GT同一Band对应不同平均原始分参照。不能在两类间套表，也不能插值缺失半分。，作指令理解检查。","可读/可播放的真实内容及理解或产出检查；仅存在规划文字不算学过。","1","explanations","1","unknown","unknown","0","","app/data/ielts.json#facts: scoring","简短维度/换分说明，未有各维度的行为示范、评分演练或全面band导读。","https://ielts.org/take-a-test/your-results/ielts-scoring-in-detail :: GT 原始分参照 :: rule;https://takeielts.britishcouncil.org/what-is-ielts/how-it-works/test-format/reading :: GT 原始分参照 :: rule"
"R-MARKING-GT","reading","general-training","official-format","model","missing","ielts-plan.R-MARKING-GT.model","","用原创合规/违规两份作答演示明确类别、题数、卷来源与有效换分依据；解释练习信号与正式分数的边界。","可读/可播放的真实内容及理解或产出检查；仅存在规划文字不算学过。","1","models","0","0","unknown","0","","","本类别没有已核实的model专门内容与证据。","https://ielts.org/take-a-test/your-results/ielts-scoring-in-detail :: GT 原始分参照 :: rule;https://takeielts.britishcouncil.org/what-is-ielts/how-it-works/test-format/reading :: GT 原始分参照 :: rule"
"R-MARKING-GT","reading","general-training","official-format","guided","missing","ielts-plan.R-MARKING-GT.guided","","让学习者辨认并修正明确类别、题数、卷来源与有效换分依据相关的条件或输入问题。","可读/可播放的真实内容及理解或产出检查；仅存在规划文字不算学过。","1","workflows","0","0","unknown","0","","","本类别没有已核实的guided专门内容与证据。","https://ielts.org/take-a-test/your-results/ielts-scoring-in-detail :: GT 原始分参照 :: rule;https://takeielts.britishcouncil.org/what-is-ielts/how-it-works/test-format/reading :: GT 原始分参照 :: rule"
"R-MARKING-GT","reading","general-training","official-format","independent","missing","ielts-plan.R-MARKING-GT.independent","","换新的题目指令或考试条件，自主判断明确类别、题数、卷来源与有效换分依据并说明依据。","保留新材料与题号、首答、实际支持/用时条件及反馈来源；看到模型、重播或AI改写要标辅助。","1","prompts","0","0","unknown","0","","","本类别没有已核实的independent专门内容与证据。","https://ielts.org/take-a-test/your-results/ielts-scoring-in-detail :: GT 原始分参照 :: rule;https://takeielts.britishcouncil.org/what-is-ielts/how-it-works/test-format/reading :: GT 原始分参照 :: rule"
"R-MARKING-GT","reading","general-training","official-format","timed","missing","ielts-plan.R-MARKING-GT.timed","","在正确模式的完整三部分40题阅读中应用；记录模式、支持、素材和实际用时。","保留新材料与题号、首答、实际支持/用时条件及反馈来源；看到模型、重播或AI改写要标辅助。","1","prompts","0","0","unknown","0","","","本类别没有已核实的timed专门内容与证据。","https://ielts.org/take-a-test/your-results/ielts-scoring-in-detail :: GT 原始分参照 :: rule;https://takeielts.britishcouncil.org/what-is-ielts/how-it-works/test-format/reading :: GT 原始分参照 :: rule"
"R-MARKING-GT","reading","general-training","official-format","feedback","missing","ielts-plan.R-MARKING-GT.feedback","","把条件/输入错误与语言理解分开；展示原证据及修正，不将自定准确率当Band。","conditions-check：原作答/原稿/录音的证据定位、具体原因、修订与新题重试；不把改稿覆盖原尝试。","1","workflows","0","0","unknown","0","","","本类别没有已核实的feedback专门内容与证据。","https://ielts.org/take-a-test/your-results/ielts-scoring-in-detail :: GT 原始分参照 :: rule;https://takeielts.britishcouncil.org/what-is-ielts/how-it-works/test-format/reading :: GT 原始分参照 :: rule"
"R-MARKING-GT","reading","general-training","official-format","review","missing","ielts-plan.R-MARKING-GT.review","","延迟后换指令/模式情境复验，未测过显示未验证；旧纸笔条件需实际市场/日期依据。","延迟后换材料/话题的第一遍无提示产出；记录原问题是否再次出现。间隔是课程选择，未验证时保持“未验证”。","1","workflows","0","0","unknown","0","","","本类别没有已核实的review专门内容与证据。","https://ielts.org/take-a-test/your-results/ielts-scoring-in-detail :: GT 原始分参照 :: rule;https://takeielts.britishcouncil.org/what-is-ielts/how-it-works/test-format/reading :: GT 原始分参照 :: rule"
"R-RESPONSE-GT","reading","general-training","official-format","explain","missing","ielts-plan.R-RESPONSE-GT.explain","","用短卡解释抽取来源词、长度和词形按本题指令；规范英美拼写/全大写可接受。阅读并非所有题型按序：匹配、摘要与图示需自己的定位策略；选项复用按类型与指令。，作指令理解检查。","可读/可播放的真实内容及理解或产出检查；仅存在规划文字不算学过。","1","explanations","0","0","unknown","0","","","本类别没有已核实的explain专门内容与证据。","https://ielts.org/take-a-test/test-types/ielts-general-training-test/ielts-general-training-format-reading :: 原文抽取、作答限制与题序 :: rule;https://takeielts.britishcouncil.org/prepare/ielts-free-practice-mock-tests/general-training/reading?language=en :: 原文抽取、作答限制与题序 :: rule;https://takeielts.britishcouncil.org/blog/british-or-american-english-ielts :: 原文抽取、作答限制与题序 :: rule;https://takeielts.britishcouncil.org/blog/capital-letters-in-english-common-errors-and-how-to-fix-them :: 原文抽取、作答限制与题序 :: rule"
"R-RESPONSE-GT","reading","general-training","official-format","model","missing","ielts-plan.R-RESPONSE-GT.model","","用原创合规/违规两份作答演示逐题确认选择数/词数/来源措辞及对应题序规则；解释练习信号与正式分数的边界。","可读/可播放的真实内容及理解或产出检查；仅存在规划文字不算学过。","1","models","0","0","unknown","0","","","本类别没有已核实的model专门内容与证据。","https://ielts.org/take-a-test/test-types/ielts-general-training-test/ielts-general-training-format-reading :: 原文抽取、作答限制与题序 :: rule;https://takeielts.britishcouncil.org/prepare/ielts-free-practice-mock-tests/general-training/reading?language=en :: 原文抽取、作答限制与题序 :: rule;https://takeielts.britishcouncil.org/blog/british-or-american-english-ielts :: 原文抽取、作答限制与题序 :: rule;https://takeielts.britishcouncil.org/blog/capital-letters-in-english-common-errors-and-how-to-fix-them :: 原文抽取、作答限制与题序 :: rule"
"R-RESPONSE-GT","reading","general-training","official-format","guided","missing","ielts-plan.R-RESPONSE-GT.guided","","让学习者辨认并修正逐题确认选择数/词数/来源措辞及对应题序规则相关的条件或输入问题。","可读/可播放的真实内容及理解或产出检查；仅存在规划文字不算学过。","1","workflows","0","0","unknown","0","","","本类别没有已核实的guided专门内容与证据。","https://ielts.org/take-a-test/test-types/ielts-general-training-test/ielts-general-training-format-reading :: 原文抽取、作答限制与题序 :: rule;https://takeielts.britishcouncil.org/prepare/ielts-free-practice-mock-tests/general-training/reading?language=en :: 原文抽取、作答限制与题序 :: rule;https://takeielts.britishcouncil.org/blog/british-or-american-english-ielts :: 原文抽取、作答限制与题序 :: rule;https://takeielts.britishcouncil.org/blog/capital-letters-in-english-common-errors-and-how-to-fix-them :: 原文抽取、作答限制与题序 :: rule"
"R-RESPONSE-GT","reading","general-training","official-format","independent","missing","ielts-plan.R-RESPONSE-GT.independent","","换新的题目指令或考试条件，自主判断逐题确认选择数/词数/来源措辞及对应题序规则并说明依据。","保留新材料与题号、首答、实际支持/用时条件及反馈来源；看到模型、重播或AI改写要标辅助。","1","prompts","0","0","unknown","0","","","本类别没有已核实的independent专门内容与证据。","https://ielts.org/take-a-test/test-types/ielts-general-training-test/ielts-general-training-format-reading :: 原文抽取、作答限制与题序 :: rule;https://takeielts.britishcouncil.org/prepare/ielts-free-practice-mock-tests/general-training/reading?language=en :: 原文抽取、作答限制与题序 :: rule;https://takeielts.britishcouncil.org/blog/british-or-american-english-ielts :: 原文抽取、作答限制与题序 :: rule;https://takeielts.britishcouncil.org/blog/capital-letters-in-english-common-errors-and-how-to-fix-them :: 原文抽取、作答限制与题序 :: rule"
"R-RESPONSE-GT","reading","general-training","official-format","timed","missing","ielts-plan.R-RESPONSE-GT.timed","","在正确模式的完整三部分40题阅读中应用；记录模式、支持、素材和实际用时。","保留新材料与题号、首答、实际支持/用时条件及反馈来源；看到模型、重播或AI改写要标辅助。","1","prompts","0","0","unknown","0","","","本类别没有已核实的timed专门内容与证据。","https://ielts.org/take-a-test/test-types/ielts-general-training-test/ielts-general-training-format-reading :: 原文抽取、作答限制与题序 :: rule;https://takeielts.britishcouncil.org/prepare/ielts-free-practice-mock-tests/general-training/reading?language=en :: 原文抽取、作答限制与题序 :: rule;https://takeielts.britishcouncil.org/blog/british-or-american-english-ielts :: 原文抽取、作答限制与题序 :: rule;https://takeielts.britishcouncil.org/blog/capital-letters-in-english-common-errors-and-how-to-fix-them :: 原文抽取、作答限制与题序 :: rule"
"R-RESPONSE-GT","reading","general-training","official-format","feedback","missing","ielts-plan.R-RESPONSE-GT.feedback","","把条件/输入错误与语言理解分开；展示原证据及修正，不将自定准确率当Band。","conditions-check：原作答/原稿/录音的证据定位、具体原因、修订与新题重试；不把改稿覆盖原尝试。","1","workflows","0","0","unknown","0","","","本类别没有已核实的feedback专门内容与证据。","https://ielts.org/take-a-test/test-types/ielts-general-training-test/ielts-general-training-format-reading :: 原文抽取、作答限制与题序 :: rule;https://takeielts.britishcouncil.org/prepare/ielts-free-practice-mock-tests/general-training/reading?language=en :: 原文抽取、作答限制与题序 :: rule;https://takeielts.britishcouncil.org/blog/british-or-american-english-ielts :: 原文抽取、作答限制与题序 :: rule;https://takeielts.britishcouncil.org/blog/capital-letters-in-english-common-errors-and-how-to-fix-them :: 原文抽取、作答限制与题序 :: rule"
"R-RESPONSE-GT","reading","general-training","official-format","review","missing","ielts-plan.R-RESPONSE-GT.review","","延迟后换指令/模式情境复验，未测过显示未验证；旧纸笔条件需实际市场/日期依据。","延迟后换材料/话题的第一遍无提示产出；记录原问题是否再次出现。间隔是课程选择，未验证时保持“未验证”。","1","workflows","0","0","unknown","0","","","本类别没有已核实的review专门内容与证据。","https://ielts.org/take-a-test/test-types/ielts-general-training-test/ielts-general-training-format-reading :: 原文抽取、作答限制与题序 :: rule;https://takeielts.britishcouncil.org/prepare/ielts-free-practice-mock-tests/general-training/reading?language=en :: 原文抽取、作答限制与题序 :: rule;https://takeielts.britishcouncil.org/blog/british-or-american-english-ielts :: 原文抽取、作答限制与题序 :: rule;https://takeielts.britishcouncil.org/blog/capital-letters-in-english-common-errors-and-how-to-fix-them :: 原文抽取、作答限制与题序 :: rule"
"S-P1","speaking","academic","official-format","explain","partial","ielts-plan.S-P1.explain","speaking-part-one","识别问题焦点、时态与实际所求；回答后补理由或真实细节。 用理解检查和小产出检查诊断。","可读/可播放的真实内容及理解或产出检查；仅存在规划文字不算学过。","1","explanations","1","unknown","unknown","0","ielts-s1;ielts-s2","app/data/ielts.json#speaking Part 1 fallback;app/speaking-bank.tsx#SpeakingCoach / models;app/ielts-journey-content.ts#speak-detail","2原创短问、提示、录音/单题训练计时、自查；没有陌生互动或四维真实评阅。 3本站通用组织骨架及四阶段UI已编写，不是带完整评分注解的口头表现模型。历史题库单列待核，不计鲜题数量。文本反馈不评发音/语流，手动再说没有延迟迁移记录。 旧经典路线1结构示范/1跟练/3短词核对；不是自发口语或语流证据。","https://ielts.org/take-a-test/test-types/ielts-academic-test/ielts-academic-format-speaking :: Part 1 熟悉话题交流 :: format;https://ielts.org/take-a-test/preparation-resources/sample-test-questions/academic-test :: Speaking shared across Academic/GT :: format"
"S-P1","speaking","academic","official-format","model","partial","ielts-plan.S-P1.model","speaking-part-one","原创有音频的自然展开回答，对照一个无关背稿，标出直接回应和细节。","可读/可播放的真实内容及理解或产出检查；仅存在规划文字不算学过。","1","models","1","unknown","unknown","0","speaking-model-1","app/speaking-bank.tsx#SpeakingCoach / models;app/ielts-journey-content.ts#speak-detail","3本站通用组织骨架及四阶段UI已编写，不是带完整评分注解的口头表现模型。历史题库单列待核，不计鲜题数量。文本反馈不评发音/语流，手动再说没有延迟迁移记录。 旧经典路线1结构示范/1跟练/3短词核对；不是自发口语或语流证据。","https://ielts.org/take-a-test/test-types/ielts-academic-test/ielts-academic-format-speaking :: Part 1 熟悉话题交流 :: format;https://ielts.org/take-a-test/preparation-resources/sample-test-questions/academic-test :: Speaking shared across Academic/GT :: format"
"S-P1","speaking","academic","official-format","guided","partial","ielts-plan.S-P1.guided","speaking-part-one","回答/原因/例子提示卡逐步撤去，再改变题目时间指向。","可读/可播放的真实内容及理解或产出检查；仅存在规划文字不算学过。","1","workflows","1","unknown","unknown","0","","app/speaking-bank.tsx#SpeakingCoach / models;app/ielts-journey-content.ts#speak-detail","3本站通用组织骨架及四阶段UI已编写，不是带完整评分注解的口头表现模型。历史题库单列待核，不计鲜题数量。文本反馈不评发音/语流，手动再说没有延迟迁移记录。 旧经典路线1结构示范/1跟练/3短词核对；不是自发口语或语流证据。","https://ielts.org/take-a-test/test-types/ielts-academic-test/ielts-academic-format-speaking :: Part 1 熟悉话题交流 :: format;https://ielts.org/take-a-test/preparation-resources/sample-test-questions/academic-test :: Speaking shared across Academic/GT :: format"
"S-P1","speaking","academic","official-format","independent","partial","ielts-plan.S-P1.independent","speaking-part-one","陌生熟悉话题采访，保留问题、追问与原始录音；完整Part1用4–5分钟条件。 隐藏旧模型/词句提示；保留第一遍，AI改稿标辅助。","保留新材料与题号、首答、实际支持/用时条件及反馈来源；看到模型、重播或AI改写要标辅助。","1","prompts","2","unknown","unknown","0","ielts-s1;ielts-s2","app/data/ielts.json#speaking Part 1 fallback;app/speaking-bank.tsx#SpeakingCoach / models;app/ielts-journey-content.ts#speak-detail","2原创短问、提示、录音/单题训练计时、自查；没有陌生互动或四维真实评阅。 3本站通用组织骨架及四阶段UI已编写，不是带完整评分注解的口头表现模型。历史题库单列待核，不计鲜题数量。文本反馈不评发音/语流，手动再说没有延迟迁移记录。 旧经典路线1结构示范/1跟练/3短词核对；不是自发口语或语流证据。","https://ielts.org/take-a-test/test-types/ielts-academic-test/ielts-academic-format-speaking :: Part 1 熟悉话题交流 :: format;https://ielts.org/take-a-test/preparation-resources/sample-test-questions/academic-test :: Speaking shared across Academic/GT :: format"
"S-P1","speaking","academic","official-format","timed","partial","ielts-plan.S-P1.timed","speaking-part-one","以完整part/全场条件整合，保留原始录音、实际问题/追问和用时；Part1/3不按单题固定秒数锁定。 陌生熟悉话题采访，保留问题、追问与原始录音；完整Part1用4–5分钟条件。 短训练预算属于教学安排。","保留新材料与题号、首答、实际支持/用时条件及反馈来源；看到模型、重播或AI改写要标辅助。","1","prompts","2","unknown","unknown","0","ielts-s1;ielts-s2","app/data/ielts.json#speaking Part 1 fallback;app/speaking-bank.tsx#SpeakingCoach / models","2原创短问、提示、录音/单题训练计时、自查；没有陌生互动或四维真实评阅。 3本站通用组织骨架及四阶段UI已编写，不是带完整评分注解的口头表现模型。历史题库单列待核，不计鲜题数量。文本反馈不评发音/语流，手动再说没有延迟迁移记录。","https://ielts.org/take-a-test/test-types/ielts-academic-test/ielts-academic-format-speaking :: Part 1 熟悉话题交流 :: format;https://ielts.org/take-a-test/preparation-resources/sample-test-questions/academic-test :: Speaking shared across Academic/GT :: format"
"S-P1","speaking","academic","official-format","feedback","partial","ielts-plan.S-P1.feedback","speaking-part-one","定位跑题或表达断裂的一句，重答局部并保留前后音频。 每个主张关联真实音频时间范围或确认文本；未能评价的维度标不可评。","human-audio：原作答/原稿/录音的证据定位、具体原因、修订与新题重试；不把改稿覆盖原尝试。","1","workflows","1","unknown","unknown","0","ielts-s1;ielts-s2","app/data/ielts.json#speaking Part 1 fallback;app/speaking-bank.tsx#SpeakingCoach / models;app/ielts-journey-content.ts#speak-detail","2原创短问、提示、录音/单题训练计时、自查；没有陌生互动或四维真实评阅。 3本站通用组织骨架及四阶段UI已编写，不是带完整评分注解的口头表现模型。历史题库单列待核，不计鲜题数量。文本反馈不评发音/语流，手动再说没有延迟迁移记录。 旧经典路线1结构示范/1跟练/3短词核对；不是自发口语或语流证据。","https://ielts.org/take-a-test/test-types/ielts-academic-test/ielts-academic-format-speaking :: Part 1 熟悉话题交流 :: format;https://ielts.org/take-a-test/preparation-resources/sample-test-questions/academic-test :: Speaking shared across Academic/GT :: format"
"S-P1","speaking","academic","official-format","review","partial","ielts-plan.S-P1.review","speaking-part-one","课程安排延迟后换熟悉话题和时态，不能照搬同一稿。 保存新题、支持情况及与原问题关联；未测过保持未验证。","延迟后换材料/话题的第一遍无提示产出；记录原问题是否再次出现。间隔是课程选择，未验证时保持“未验证”。","1","workflows","1","unknown","unknown","0","","app/speaking-bank.tsx#SpeakingCoach / models;app/ielts-journey-content.ts#speak-detail","3本站通用组织骨架及四阶段UI已编写，不是带完整评分注解的口头表现模型。历史题库单列待核，不计鲜题数量。文本反馈不评发音/语流，手动再说没有延迟迁移记录。 旧经典路线1结构示范/1跟练/3短词核对；不是自发口语或语流证据。","https://ielts.org/take-a-test/test-types/ielts-academic-test/ielts-academic-format-speaking :: Part 1 熟悉话题交流 :: format;https://ielts.org/take-a-test/preparation-resources/sample-test-questions/academic-test :: Speaking shared across Academic/GT :: format"
"S-P1","speaking","general-training","official-format","explain","partial","ielts-plan.S-P1.explain","speaking-part-one","识别问题焦点、时态与实际所求；回答后补理由或真实细节。 用理解检查和小产出检查诊断。","可读/可播放的真实内容及理解或产出检查；仅存在规划文字不算学过。","1","explanations","1","unknown","unknown","0","ielts-s1;ielts-s2","app/data/ielts.json#speaking Part 1 fallback;app/speaking-bank.tsx#SpeakingCoach / models;app/ielts-journey-content.ts#speak-detail","2原创短问、提示、录音/单题训练计时、自查；没有陌生互动或四维真实评阅。 3本站通用组织骨架及四阶段UI已编写，不是带完整评分注解的口头表现模型。历史题库单列待核，不计鲜题数量。文本反馈不评发音/语流，手动再说没有延迟迁移记录。 旧经典路线1结构示范/1跟练/3短词核对；不是自发口语或语流证据。","https://ielts.org/take-a-test/test-types/ielts-academic-test/ielts-academic-format-speaking :: Part 1 熟悉话题交流 :: format;https://ielts.org/take-a-test/preparation-resources/sample-test-questions/academic-test :: Speaking shared across Academic/GT :: format"
"S-P1","speaking","general-training","official-format","model","partial","ielts-plan.S-P1.model","speaking-part-one","原创有音频的自然展开回答，对照一个无关背稿，标出直接回应和细节。","可读/可播放的真实内容及理解或产出检查；仅存在规划文字不算学过。","1","models","1","unknown","unknown","0","speaking-model-1","app/speaking-bank.tsx#SpeakingCoach / models;app/ielts-journey-content.ts#speak-detail","3本站通用组织骨架及四阶段UI已编写，不是带完整评分注解的口头表现模型。历史题库单列待核，不计鲜题数量。文本反馈不评发音/语流，手动再说没有延迟迁移记录。 旧经典路线1结构示范/1跟练/3短词核对；不是自发口语或语流证据。","https://ielts.org/take-a-test/test-types/ielts-academic-test/ielts-academic-format-speaking :: Part 1 熟悉话题交流 :: format;https://ielts.org/take-a-test/preparation-resources/sample-test-questions/academic-test :: Speaking shared across Academic/GT :: format"
"S-P1","speaking","general-training","official-format","guided","partial","ielts-plan.S-P1.guided","speaking-part-one","回答/原因/例子提示卡逐步撤去，再改变题目时间指向。","可读/可播放的真实内容及理解或产出检查；仅存在规划文字不算学过。","1","workflows","1","unknown","unknown","0","","app/speaking-bank.tsx#SpeakingCoach / models;app/ielts-journey-content.ts#speak-detail","3本站通用组织骨架及四阶段UI已编写，不是带完整评分注解的口头表现模型。历史题库单列待核，不计鲜题数量。文本反馈不评发音/语流，手动再说没有延迟迁移记录。 旧经典路线1结构示范/1跟练/3短词核对；不是自发口语或语流证据。","https://ielts.org/take-a-test/test-types/ielts-academic-test/ielts-academic-format-speaking :: Part 1 熟悉话题交流 :: format;https://ielts.org/take-a-test/preparation-resources/sample-test-questions/academic-test :: Speaking shared across Academic/GT :: format"
"S-P1","speaking","general-training","official-format","independent","partial","ielts-plan.S-P1.independent","speaking-part-one","陌生熟悉话题采访，保留问题、追问与原始录音；完整Part1用4–5分钟条件。 隐藏旧模型/词句提示；保留第一遍，AI改稿标辅助。","保留新材料与题号、首答、实际支持/用时条件及反馈来源；看到模型、重播或AI改写要标辅助。","1","prompts","2","unknown","unknown","0","ielts-s1;ielts-s2","app/data/ielts.json#speaking Part 1 fallback;app/speaking-bank.tsx#SpeakingCoach / models;app/ielts-journey-content.ts#speak-detail","2原创短问、提示、录音/单题训练计时、自查；没有陌生互动或四维真实评阅。 3本站通用组织骨架及四阶段UI已编写，不是带完整评分注解的口头表现模型。历史题库单列待核，不计鲜题数量。文本反馈不评发音/语流，手动再说没有延迟迁移记录。 旧经典路线1结构示范/1跟练/3短词核对；不是自发口语或语流证据。","https://ielts.org/take-a-test/test-types/ielts-academic-test/ielts-academic-format-speaking :: Part 1 熟悉话题交流 :: format;https://ielts.org/take-a-test/preparation-resources/sample-test-questions/academic-test :: Speaking shared across Academic/GT :: format"
"S-P1","speaking","general-training","official-format","timed","partial","ielts-plan.S-P1.timed","speaking-part-one","以完整part/全场条件整合，保留原始录音、实际问题/追问和用时；Part1/3不按单题固定秒数锁定。 陌生熟悉话题采访，保留问题、追问与原始录音；完整Part1用4–5分钟条件。 短训练预算属于教学安排。","保留新材料与题号、首答、实际支持/用时条件及反馈来源；看到模型、重播或AI改写要标辅助。","1","prompts","2","unknown","unknown","0","ielts-s1;ielts-s2","app/data/ielts.json#speaking Part 1 fallback;app/speaking-bank.tsx#SpeakingCoach / models","2原创短问、提示、录音/单题训练计时、自查；没有陌生互动或四维真实评阅。 3本站通用组织骨架及四阶段UI已编写，不是带完整评分注解的口头表现模型。历史题库单列待核，不计鲜题数量。文本反馈不评发音/语流，手动再说没有延迟迁移记录。","https://ielts.org/take-a-test/test-types/ielts-academic-test/ielts-academic-format-speaking :: Part 1 熟悉话题交流 :: format;https://ielts.org/take-a-test/preparation-resources/sample-test-questions/academic-test :: Speaking shared across Academic/GT :: format"
"S-P1","speaking","general-training","official-format","feedback","partial","ielts-plan.S-P1.feedback","speaking-part-one","定位跑题或表达断裂的一句，重答局部并保留前后音频。 每个主张关联真实音频时间范围或确认文本；未能评价的维度标不可评。","human-audio：原作答/原稿/录音的证据定位、具体原因、修订与新题重试；不把改稿覆盖原尝试。","1","workflows","1","unknown","unknown","0","ielts-s1;ielts-s2","app/data/ielts.json#speaking Part 1 fallback;app/speaking-bank.tsx#SpeakingCoach / models;app/ielts-journey-content.ts#speak-detail","2原创短问、提示、录音/单题训练计时、自查；没有陌生互动或四维真实评阅。 3本站通用组织骨架及四阶段UI已编写，不是带完整评分注解的口头表现模型。历史题库单列待核，不计鲜题数量。文本反馈不评发音/语流，手动再说没有延迟迁移记录。 旧经典路线1结构示范/1跟练/3短词核对；不是自发口语或语流证据。","https://ielts.org/take-a-test/test-types/ielts-academic-test/ielts-academic-format-speaking :: Part 1 熟悉话题交流 :: format;https://ielts.org/take-a-test/preparation-resources/sample-test-questions/academic-test :: Speaking shared across Academic/GT :: format"
"S-P1","speaking","general-training","official-format","review","partial","ielts-plan.S-P1.review","speaking-part-one","课程安排延迟后换熟悉话题和时态，不能照搬同一稿。 保存新题、支持情况及与原问题关联；未测过保持未验证。","延迟后换材料/话题的第一遍无提示产出；记录原问题是否再次出现。间隔是课程选择，未验证时保持“未验证”。","1","workflows","1","unknown","unknown","0","","app/speaking-bank.tsx#SpeakingCoach / models;app/ielts-journey-content.ts#speak-detail","3本站通用组织骨架及四阶段UI已编写，不是带完整评分注解的口头表现模型。历史题库单列待核，不计鲜题数量。文本反馈不评发音/语流，手动再说没有延迟迁移记录。 旧经典路线1结构示范/1跟练/3短词核对；不是自发口语或语流证据。","https://ielts.org/take-a-test/test-types/ielts-academic-test/ielts-academic-format-speaking :: Part 1 熟悉话题交流 :: format;https://ielts.org/take-a-test/preparation-resources/sample-test-questions/academic-test :: Speaking shared across Academic/GT :: format"
"S-P2","speaking","academic","official-format","explain","partial","ielts-plan.S-P2.explain","speaking-part-two","提取题卡焦点、只记关键词，组织背景/事件/细节/意义。 用理解检查和小产出检查诊断。","可读/可播放的真实内容及理解或产出检查；仅存在规划文字不算学过。","1","explanations","1","unknown","unknown","0","ielts-s3;ielts-s4","app/data/ielts.json#speaking Part 2 fallback;app/speaking-bank.tsx#SpeakingCoach / models","2原创长答题、1分钟准备/2分钟练习和录音；无完整3–4分钟part含追问、维度反馈或新题延迟复验。 3本站通用组织骨架及四阶段UI已编写，不是带完整评分注解的口头表现模型。历史题库单列待核，不计鲜题数量。文本反馈不评发音/语流，手动再说没有延迟迁移记录。","https://ielts.org/take-a-test/test-types/ielts-academic-test/ielts-academic-format-speaking :: Part 2 准备与个人长答 :: format;https://ielts.org/take-a-test/preparation-resources/sample-test-questions/academic-test :: Speaking shared across Academic/GT :: format"
"S-P2","speaking","academic","official-format","model","partial","ielts-plan.S-P2.model","speaking-part-two","展示一分钟关键词笔记和原创建模录音，解释长答的发展连接。","可读/可播放的真实内容及理解或产出检查；仅存在规划文字不算学过。","1","models","1","unknown","unknown","0","speaking-model-2","app/speaking-bank.tsx#SpeakingCoach / models","3本站通用组织骨架及四阶段UI已编写，不是带完整评分注解的口头表现模型。历史题库单列待核，不计鲜题数量。文本反馈不评发音/语流，手动再说没有延迟迁移记录。","https://ielts.org/take-a-test/test-types/ielts-academic-test/ielts-academic-format-speaking :: Part 2 准备与个人长答 :: format;https://ielts.org/take-a-test/preparation-resources/sample-test-questions/academic-test :: Speaking shared across Academic/GT :: format"
"S-P2","speaking","academic","official-format","guided","partial","ielts-plan.S-P2.guided","speaking-part-two","排序卡/半张关键词图，逐步撤去完整句架。","可读/可播放的真实内容及理解或产出检查；仅存在规划文字不算学过。","1","workflows","1","unknown","unknown","0","","app/speaking-bank.tsx#SpeakingCoach / models","3本站通用组织骨架及四阶段UI已编写，不是带完整评分注解的口头表现模型。历史题库单列待核，不计鲜题数量。文本反馈不评发音/语流，手动再说没有延迟迁移记录。","https://ielts.org/take-a-test/test-types/ielts-academic-test/ielts-academic-format-speaking :: Part 2 准备与个人长答 :: format;https://ielts.org/take-a-test/preparation-resources/sample-test-questions/academic-test :: Speaking shared across Academic/GT :: format"
"S-P2","speaking","academic","official-format","independent","partial","ielts-plan.S-P2.independent","speaking-part-two","新题卡、单独记录60秒准备和最长120秒长答，接简短追问。 隐藏旧模型/词句提示；保留第一遍，AI改稿标辅助。","保留新材料与题号、首答、实际支持/用时条件及反馈来源；看到模型、重播或AI改写要标辅助。","1","prompts","2","unknown","unknown","0","ielts-s3;ielts-s4","app/data/ielts.json#speaking Part 2 fallback;app/speaking-bank.tsx#SpeakingCoach / models","2原创长答题、1分钟准备/2分钟练习和录音；无完整3–4分钟part含追问、维度反馈或新题延迟复验。 3本站通用组织骨架及四阶段UI已编写，不是带完整评分注解的口头表现模型。历史题库单列待核，不计鲜题数量。文本反馈不评发音/语流，手动再说没有延迟迁移记录。","https://ielts.org/take-a-test/test-types/ielts-academic-test/ielts-academic-format-speaking :: Part 2 准备与个人长答 :: format;https://ielts.org/take-a-test/preparation-resources/sample-test-questions/academic-test :: Speaking shared across Academic/GT :: format"
"S-P2","speaking","academic","official-format","timed","partial","ielts-plan.S-P2.timed","speaking-part-two","以完整part/全场条件整合，保留原始录音、实际问题/追问和用时；Part1/3不按单题固定秒数锁定。 新题卡、单独记录60秒准备和最长120秒长答，接简短追问。 短训练预算属于教学安排。","保留新材料与题号、首答、实际支持/用时条件及反馈来源；看到模型、重播或AI改写要标辅助。","1","prompts","2","unknown","unknown","0","ielts-s3;ielts-s4","app/data/ielts.json#speaking Part 2 fallback;app/speaking-bank.tsx#SpeakingCoach / models","2原创长答题、1分钟准备/2分钟练习和录音；无完整3–4分钟part含追问、维度反馈或新题延迟复验。 3本站通用组织骨架及四阶段UI已编写，不是带完整评分注解的口头表现模型。历史题库单列待核，不计鲜题数量。文本反馈不评发音/语流，手动再说没有延迟迁移记录。","https://ielts.org/take-a-test/test-types/ielts-academic-test/ielts-academic-format-speaking :: Part 2 准备与个人长答 :: format;https://ielts.org/take-a-test/preparation-resources/sample-test-questions/academic-test :: Speaking shared across Academic/GT :: format"
"S-P2","speaking","academic","official-format","feedback","partial","ielts-plan.S-P2.feedback","speaking-part-two","标出缺少发展或中断处，重建关键词并再录，不能只追求讲满2分钟。 每个主张关联真实音频时间范围或确认文本；未能评价的维度标不可评。","human-audio：原作答/原稿/录音的证据定位、具体原因、修订与新题重试；不把改稿覆盖原尝试。","1","workflows","1","unknown","unknown","0","ielts-s3;ielts-s4","app/data/ielts.json#speaking Part 2 fallback;app/speaking-bank.tsx#SpeakingCoach / models","2原创长答题、1分钟准备/2分钟练习和录音；无完整3–4分钟part含追问、维度反馈或新题延迟复验。 3本站通用组织骨架及四阶段UI已编写，不是带完整评分注解的口头表现模型。历史题库单列待核，不计鲜题数量。文本反馈不评发音/语流，手动再说没有延迟迁移记录。","https://ielts.org/take-a-test/test-types/ielts-academic-test/ielts-academic-format-speaking :: Part 2 准备与个人长答 :: format;https://ielts.org/take-a-test/preparation-resources/sample-test-questions/academic-test :: Speaking shared across Academic/GT :: format"
"S-P2","speaking","academic","official-format","review","partial","ielts-plan.S-P2.review","speaking-part-two","课程安排延迟后换陌生题卡、不同描述对象与经历，不复制模型。 保存新题、支持情况及与原问题关联；未测过保持未验证。","延迟后换材料/话题的第一遍无提示产出；记录原问题是否再次出现。间隔是课程选择，未验证时保持“未验证”。","1","workflows","1","unknown","unknown","0","","app/speaking-bank.tsx#SpeakingCoach / models","3本站通用组织骨架及四阶段UI已编写，不是带完整评分注解的口头表现模型。历史题库单列待核，不计鲜题数量。文本反馈不评发音/语流，手动再说没有延迟迁移记录。","https://ielts.org/take-a-test/test-types/ielts-academic-test/ielts-academic-format-speaking :: Part 2 准备与个人长答 :: format;https://ielts.org/take-a-test/preparation-resources/sample-test-questions/academic-test :: Speaking shared across Academic/GT :: format"
"S-P2","speaking","general-training","official-format","explain","partial","ielts-plan.S-P2.explain","speaking-part-two","提取题卡焦点、只记关键词，组织背景/事件/细节/意义。 用理解检查和小产出检查诊断。","可读/可播放的真实内容及理解或产出检查；仅存在规划文字不算学过。","1","explanations","1","unknown","unknown","0","ielts-s3;ielts-s4","app/data/ielts.json#speaking Part 2 fallback;app/speaking-bank.tsx#SpeakingCoach / models","2原创长答题、1分钟准备/2分钟练习和录音；无完整3–4分钟part含追问、维度反馈或新题延迟复验。 3本站通用组织骨架及四阶段UI已编写，不是带完整评分注解的口头表现模型。历史题库单列待核，不计鲜题数量。文本反馈不评发音/语流，手动再说没有延迟迁移记录。","https://ielts.org/take-a-test/test-types/ielts-academic-test/ielts-academic-format-speaking :: Part 2 准备与个人长答 :: format;https://ielts.org/take-a-test/preparation-resources/sample-test-questions/academic-test :: Speaking shared across Academic/GT :: format"
"S-P2","speaking","general-training","official-format","model","partial","ielts-plan.S-P2.model","speaking-part-two","展示一分钟关键词笔记和原创建模录音，解释长答的发展连接。","可读/可播放的真实内容及理解或产出检查；仅存在规划文字不算学过。","1","models","1","unknown","unknown","0","speaking-model-2","app/speaking-bank.tsx#SpeakingCoach / models","3本站通用组织骨架及四阶段UI已编写，不是带完整评分注解的口头表现模型。历史题库单列待核，不计鲜题数量。文本反馈不评发音/语流，手动再说没有延迟迁移记录。","https://ielts.org/take-a-test/test-types/ielts-academic-test/ielts-academic-format-speaking :: Part 2 准备与个人长答 :: format;https://ielts.org/take-a-test/preparation-resources/sample-test-questions/academic-test :: Speaking shared across Academic/GT :: format"
"S-P2","speaking","general-training","official-format","guided","partial","ielts-plan.S-P2.guided","speaking-part-two","排序卡/半张关键词图，逐步撤去完整句架。","可读/可播放的真实内容及理解或产出检查；仅存在规划文字不算学过。","1","workflows","1","unknown","unknown","0","","app/speaking-bank.tsx#SpeakingCoach / models","3本站通用组织骨架及四阶段UI已编写，不是带完整评分注解的口头表现模型。历史题库单列待核，不计鲜题数量。文本反馈不评发音/语流，手动再说没有延迟迁移记录。","https://ielts.org/take-a-test/test-types/ielts-academic-test/ielts-academic-format-speaking :: Part 2 准备与个人长答 :: format;https://ielts.org/take-a-test/preparation-resources/sample-test-questions/academic-test :: Speaking shared across Academic/GT :: format"
"S-P2","speaking","general-training","official-format","independent","partial","ielts-plan.S-P2.independent","speaking-part-two","新题卡、单独记录60秒准备和最长120秒长答，接简短追问。 隐藏旧模型/词句提示；保留第一遍，AI改稿标辅助。","保留新材料与题号、首答、实际支持/用时条件及反馈来源；看到模型、重播或AI改写要标辅助。","1","prompts","2","unknown","unknown","0","ielts-s3;ielts-s4","app/data/ielts.json#speaking Part 2 fallback;app/speaking-bank.tsx#SpeakingCoach / models","2原创长答题、1分钟准备/2分钟练习和录音；无完整3–4分钟part含追问、维度反馈或新题延迟复验。 3本站通用组织骨架及四阶段UI已编写，不是带完整评分注解的口头表现模型。历史题库单列待核，不计鲜题数量。文本反馈不评发音/语流，手动再说没有延迟迁移记录。","https://ielts.org/take-a-test/test-types/ielts-academic-test/ielts-academic-format-speaking :: Part 2 准备与个人长答 :: format;https://ielts.org/take-a-test/preparation-resources/sample-test-questions/academic-test :: Speaking shared across Academic/GT :: format"
"S-P2","speaking","general-training","official-format","timed","partial","ielts-plan.S-P2.timed","speaking-part-two","以完整part/全场条件整合，保留原始录音、实际问题/追问和用时；Part1/3不按单题固定秒数锁定。 新题卡、单独记录60秒准备和最长120秒长答，接简短追问。 短训练预算属于教学安排。","保留新材料与题号、首答、实际支持/用时条件及反馈来源；看到模型、重播或AI改写要标辅助。","1","prompts","2","unknown","unknown","0","ielts-s3;ielts-s4","app/data/ielts.json#speaking Part 2 fallback;app/speaking-bank.tsx#SpeakingCoach / models","2原创长答题、1分钟准备/2分钟练习和录音；无完整3–4分钟part含追问、维度反馈或新题延迟复验。 3本站通用组织骨架及四阶段UI已编写，不是带完整评分注解的口头表现模型。历史题库单列待核，不计鲜题数量。文本反馈不评发音/语流，手动再说没有延迟迁移记录。","https://ielts.org/take-a-test/test-types/ielts-academic-test/ielts-academic-format-speaking :: Part 2 准备与个人长答 :: format;https://ielts.org/take-a-test/preparation-resources/sample-test-questions/academic-test :: Speaking shared across Academic/GT :: format"
"S-P2","speaking","general-training","official-format","feedback","partial","ielts-plan.S-P2.feedback","speaking-part-two","标出缺少发展或中断处，重建关键词并再录，不能只追求讲满2分钟。 每个主张关联真实音频时间范围或确认文本；未能评价的维度标不可评。","human-audio：原作答/原稿/录音的证据定位、具体原因、修订与新题重试；不把改稿覆盖原尝试。","1","workflows","1","unknown","unknown","0","ielts-s3;ielts-s4","app/data/ielts.json#speaking Part 2 fallback;app/speaking-bank.tsx#SpeakingCoach / models","2原创长答题、1分钟准备/2分钟练习和录音；无完整3–4分钟part含追问、维度反馈或新题延迟复验。 3本站通用组织骨架及四阶段UI已编写，不是带完整评分注解的口头表现模型。历史题库单列待核，不计鲜题数量。文本反馈不评发音/语流，手动再说没有延迟迁移记录。","https://ielts.org/take-a-test/test-types/ielts-academic-test/ielts-academic-format-speaking :: Part 2 准备与个人长答 :: format;https://ielts.org/take-a-test/preparation-resources/sample-test-questions/academic-test :: Speaking shared across Academic/GT :: format"
"S-P2","speaking","general-training","official-format","review","partial","ielts-plan.S-P2.review","speaking-part-two","课程安排延迟后换陌生题卡、不同描述对象与经历，不复制模型。 保存新题、支持情况及与原问题关联；未测过保持未验证。","延迟后换材料/话题的第一遍无提示产出；记录原问题是否再次出现。间隔是课程选择，未验证时保持“未验证”。","1","workflows","1","unknown","unknown","0","","app/speaking-bank.tsx#SpeakingCoach / models","3本站通用组织骨架及四阶段UI已编写，不是带完整评分注解的口头表现模型。历史题库单列待核，不计鲜题数量。文本反馈不评发音/语流，手动再说没有延迟迁移记录。","https://ielts.org/take-a-test/test-types/ielts-academic-test/ielts-academic-format-speaking :: Part 2 准备与个人长答 :: format;https://ielts.org/take-a-test/preparation-resources/sample-test-questions/academic-test :: Speaking shared across Academic/GT :: format"
"S-P3","speaking","academic","official-format","explain","partial","ielts-plan.S-P3.explain","speaking-part-three","从个人走向一般，讲清因果，适当限定并评价另一种情况。 用理解检查和小产出检查诊断。","可读/可播放的真实内容及理解或产出检查；仅存在规划文字不算学过。","1","explanations","1","unknown","unknown","0","ielts-s5;ielts-s6","app/data/ielts.json#speaking Part 3 fallback;app/speaking-bank.tsx#SpeakingCoach / models","2原创讨论问；单题75秒是教学建议，不是Part3完整互动；缺意外追问。 3本站通用组织骨架及四阶段UI已编写，不是带完整评分注解的口头表现模型。历史题库单列待核，不计鲜题数量。文本反馈不评发音/语流，手动再说没有延迟迁移记录。","https://ielts.org/take-a-test/test-types/ielts-academic-test/ielts-academic-format-speaking :: Part 3 一般与抽象讨论 :: format;https://ielts.org/take-a-test/preparation-resources/sample-test-questions/academic-test :: Speaking shared across Academic/GT :: format"
"S-P3","speaking","academic","official-format","model","partial","ielts-plan.S-P3.model","speaking-part-three","原创音频对话中展示观点→原因→例子→限制，标出每次追问如何改变回答。","可读/可播放的真实内容及理解或产出检查；仅存在规划文字不算学过。","1","models","1","unknown","unknown","0","speaking-model-3","app/speaking-bank.tsx#SpeakingCoach / models","3本站通用组织骨架及四阶段UI已编写，不是带完整评分注解的口头表现模型。历史题库单列待核，不计鲜题数量。文本反馈不评发音/语流，手动再说没有延迟迁移记录。","https://ielts.org/take-a-test/test-types/ielts-academic-test/ielts-academic-format-speaking :: Part 3 一般与抽象讨论 :: format;https://ielts.org/take-a-test/preparation-resources/sample-test-questions/academic-test :: Speaking shared across Academic/GT :: format"
"S-P3","speaking","academic","official-format","guided","partial","ielts-plan.S-P3.guided","speaking-part-three","分支追问和推理图，撤提示后回答不可预先背好的追问。","可读/可播放的真实内容及理解或产出检查；仅存在规划文字不算学过。","1","workflows","1","unknown","unknown","0","","app/speaking-bank.tsx#SpeakingCoach / models","3本站通用组织骨架及四阶段UI已编写，不是带完整评分注解的口头表现模型。历史题库单列待核，不计鲜题数量。文本反馈不评发音/语流，手动再说没有延迟迁移记录。","https://ielts.org/take-a-test/test-types/ielts-academic-test/ielts-academic-format-speaking :: Part 3 一般与抽象讨论 :: format;https://ielts.org/take-a-test/preparation-resources/sample-test-questions/academic-test :: Speaking shared across Academic/GT :: format"
"S-P3","speaking","academic","official-format","independent","partial","ielts-plan.S-P3.independent","speaking-part-three","新领域的相关抽象讨论与意外追问，保留对话者问题/完整音频。 隐藏旧模型/词句提示；保留第一遍，AI改稿标辅助。","保留新材料与题号、首答、实际支持/用时条件及反馈来源；看到模型、重播或AI改写要标辅助。","1","prompts","2","unknown","unknown","0","ielts-s5;ielts-s6","app/data/ielts.json#speaking Part 3 fallback;app/speaking-bank.tsx#SpeakingCoach / models","2原创讨论问；单题75秒是教学建议，不是Part3完整互动；缺意外追问。 3本站通用组织骨架及四阶段UI已编写，不是带完整评分注解的口头表现模型。历史题库单列待核，不计鲜题数量。文本反馈不评发音/语流，手动再说没有延迟迁移记录。","https://ielts.org/take-a-test/test-types/ielts-academic-test/ielts-academic-format-speaking :: Part 3 一般与抽象讨论 :: format;https://ielts.org/take-a-test/preparation-resources/sample-test-questions/academic-test :: Speaking shared across Academic/GT :: format"
"S-P3","speaking","academic","official-format","timed","partial","ielts-plan.S-P3.timed","speaking-part-three","以完整part/全场条件整合，保留原始录音、实际问题/追问和用时；Part1/3不按单题固定秒数锁定。 新领域的相关抽象讨论与意外追问，保留对话者问题/完整音频。 短训练预算属于教学安排。","保留新材料与题号、首答、实际支持/用时条件及反馈来源；看到模型、重播或AI改写要标辅助。","1","prompts","2","unknown","unknown","0","ielts-s5;ielts-s6","app/data/ielts.json#speaking Part 3 fallback;app/speaking-bank.tsx#SpeakingCoach / models","2原创讨论问；单题75秒是教学建议，不是Part3完整互动；缺意外追问。 3本站通用组织骨架及四阶段UI已编写，不是带完整评分注解的口头表现模型。历史题库单列待核，不计鲜题数量。文本反馈不评发音/语流，手动再说没有延迟迁移记录。","https://ielts.org/take-a-test/test-types/ielts-academic-test/ielts-academic-format-speaking :: Part 3 一般与抽象讨论 :: format;https://ielts.org/take-a-test/preparation-resources/sample-test-questions/academic-test :: Speaking shared across Academic/GT :: format"
"S-P3","speaking","academic","official-format","feedback","partial","ielts-plan.S-P3.feedback","speaking-part-three","指出无支持的主张，补因果机制并回答新的追问。 每个主张关联真实音频时间范围或确认文本；未能评价的维度标不可评。","human-audio：原作答/原稿/录音的证据定位、具体原因、修订与新题重试；不把改稿覆盖原尝试。","1","workflows","1","unknown","unknown","0","ielts-s5;ielts-s6","app/data/ielts.json#speaking Part 3 fallback;app/speaking-bank.tsx#SpeakingCoach / models","2原创讨论问；单题75秒是教学建议，不是Part3完整互动；缺意外追问。 3本站通用组织骨架及四阶段UI已编写，不是带完整评分注解的口头表现模型。历史题库单列待核，不计鲜题数量。文本反馈不评发音/语流，手动再说没有延迟迁移记录。","https://ielts.org/take-a-test/test-types/ielts-academic-test/ielts-academic-format-speaking :: Part 3 一般与抽象讨论 :: format;https://ielts.org/take-a-test/preparation-resources/sample-test-questions/academic-test :: Speaking shared across Academic/GT :: format"
"S-P3","speaking","academic","official-format","review","partial","ielts-plan.S-P3.review","speaking-part-three","课程安排延迟后换领域和追问方向，测能否保持真实互动。 保存新题、支持情况及与原问题关联；未测过保持未验证。","延迟后换材料/话题的第一遍无提示产出；记录原问题是否再次出现。间隔是课程选择，未验证时保持“未验证”。","1","workflows","1","unknown","unknown","0","","app/speaking-bank.tsx#SpeakingCoach / models","3本站通用组织骨架及四阶段UI已编写，不是带完整评分注解的口头表现模型。历史题库单列待核，不计鲜题数量。文本反馈不评发音/语流，手动再说没有延迟迁移记录。","https://ielts.org/take-a-test/test-types/ielts-academic-test/ielts-academic-format-speaking :: Part 3 一般与抽象讨论 :: format;https://ielts.org/take-a-test/preparation-resources/sample-test-questions/academic-test :: Speaking shared across Academic/GT :: format"
"S-P3","speaking","general-training","official-format","explain","partial","ielts-plan.S-P3.explain","speaking-part-three","从个人走向一般，讲清因果，适当限定并评价另一种情况。 用理解检查和小产出检查诊断。","可读/可播放的真实内容及理解或产出检查；仅存在规划文字不算学过。","1","explanations","1","unknown","unknown","0","ielts-s5;ielts-s6","app/data/ielts.json#speaking Part 3 fallback;app/speaking-bank.tsx#SpeakingCoach / models","2原创讨论问；单题75秒是教学建议，不是Part3完整互动；缺意外追问。 3本站通用组织骨架及四阶段UI已编写，不是带完整评分注解的口头表现模型。历史题库单列待核，不计鲜题数量。文本反馈不评发音/语流，手动再说没有延迟迁移记录。","https://ielts.org/take-a-test/test-types/ielts-academic-test/ielts-academic-format-speaking :: Part 3 一般与抽象讨论 :: format;https://ielts.org/take-a-test/preparation-resources/sample-test-questions/academic-test :: Speaking shared across Academic/GT :: format"
"S-P3","speaking","general-training","official-format","model","partial","ielts-plan.S-P3.model","speaking-part-three","原创音频对话中展示观点→原因→例子→限制，标出每次追问如何改变回答。","可读/可播放的真实内容及理解或产出检查；仅存在规划文字不算学过。","1","models","1","unknown","unknown","0","speaking-model-3","app/speaking-bank.tsx#SpeakingCoach / models","3本站通用组织骨架及四阶段UI已编写，不是带完整评分注解的口头表现模型。历史题库单列待核，不计鲜题数量。文本反馈不评发音/语流，手动再说没有延迟迁移记录。","https://ielts.org/take-a-test/test-types/ielts-academic-test/ielts-academic-format-speaking :: Part 3 一般与抽象讨论 :: format;https://ielts.org/take-a-test/preparation-resources/sample-test-questions/academic-test :: Speaking shared across Academic/GT :: format"
"S-P3","speaking","general-training","official-format","guided","partial","ielts-plan.S-P3.guided","speaking-part-three","分支追问和推理图，撤提示后回答不可预先背好的追问。","可读/可播放的真实内容及理解或产出检查；仅存在规划文字不算学过。","1","workflows","1","unknown","unknown","0","","app/speaking-bank.tsx#SpeakingCoach / models","3本站通用组织骨架及四阶段UI已编写，不是带完整评分注解的口头表现模型。历史题库单列待核，不计鲜题数量。文本反馈不评发音/语流，手动再说没有延迟迁移记录。","https://ielts.org/take-a-test/test-types/ielts-academic-test/ielts-academic-format-speaking :: Part 3 一般与抽象讨论 :: format;https://ielts.org/take-a-test/preparation-resources/sample-test-questions/academic-test :: Speaking shared across Academic/GT :: format"
"S-P3","speaking","general-training","official-format","independent","partial","ielts-plan.S-P3.independent","speaking-part-three","新领域的相关抽象讨论与意外追问，保留对话者问题/完整音频。 隐藏旧模型/词句提示；保留第一遍，AI改稿标辅助。","保留新材料与题号、首答、实际支持/用时条件及反馈来源；看到模型、重播或AI改写要标辅助。","1","prompts","2","unknown","unknown","0","ielts-s5;ielts-s6","app/data/ielts.json#speaking Part 3 fallback;app/speaking-bank.tsx#SpeakingCoach / models","2原创讨论问；单题75秒是教学建议，不是Part3完整互动；缺意外追问。 3本站通用组织骨架及四阶段UI已编写，不是带完整评分注解的口头表现模型。历史题库单列待核，不计鲜题数量。文本反馈不评发音/语流，手动再说没有延迟迁移记录。","https://ielts.org/take-a-test/test-types/ielts-academic-test/ielts-academic-format-speaking :: Part 3 一般与抽象讨论 :: format;https://ielts.org/take-a-test/preparation-resources/sample-test-questions/academic-test :: Speaking shared across Academic/GT :: format"
"S-P3","speaking","general-training","official-format","timed","partial","ielts-plan.S-P3.timed","speaking-part-three","以完整part/全场条件整合，保留原始录音、实际问题/追问和用时；Part1/3不按单题固定秒数锁定。 新领域的相关抽象讨论与意外追问，保留对话者问题/完整音频。 短训练预算属于教学安排。","保留新材料与题号、首答、实际支持/用时条件及反馈来源；看到模型、重播或AI改写要标辅助。","1","prompts","2","unknown","unknown","0","ielts-s5;ielts-s6","app/data/ielts.json#speaking Part 3 fallback;app/speaking-bank.tsx#SpeakingCoach / models","2原创讨论问；单题75秒是教学建议，不是Part3完整互动；缺意外追问。 3本站通用组织骨架及四阶段UI已编写，不是带完整评分注解的口头表现模型。历史题库单列待核，不计鲜题数量。文本反馈不评发音/语流，手动再说没有延迟迁移记录。","https://ielts.org/take-a-test/test-types/ielts-academic-test/ielts-academic-format-speaking :: Part 3 一般与抽象讨论 :: format;https://ielts.org/take-a-test/preparation-resources/sample-test-questions/academic-test :: Speaking shared across Academic/GT :: format"
"S-P3","speaking","general-training","official-format","feedback","partial","ielts-plan.S-P3.feedback","speaking-part-three","指出无支持的主张，补因果机制并回答新的追问。 每个主张关联真实音频时间范围或确认文本；未能评价的维度标不可评。","human-audio：原作答/原稿/录音的证据定位、具体原因、修订与新题重试；不把改稿覆盖原尝试。","1","workflows","1","unknown","unknown","0","ielts-s5;ielts-s6","app/data/ielts.json#speaking Part 3 fallback;app/speaking-bank.tsx#SpeakingCoach / models","2原创讨论问；单题75秒是教学建议，不是Part3完整互动；缺意外追问。 3本站通用组织骨架及四阶段UI已编写，不是带完整评分注解的口头表现模型。历史题库单列待核，不计鲜题数量。文本反馈不评发音/语流，手动再说没有延迟迁移记录。","https://ielts.org/take-a-test/test-types/ielts-academic-test/ielts-academic-format-speaking :: Part 3 一般与抽象讨论 :: format;https://ielts.org/take-a-test/preparation-resources/sample-test-questions/academic-test :: Speaking shared across Academic/GT :: format"
"S-P3","speaking","general-training","official-format","review","partial","ielts-plan.S-P3.review","speaking-part-three","课程安排延迟后换领域和追问方向，测能否保持真实互动。 保存新题、支持情况及与原问题关联；未测过保持未验证。","延迟后换材料/话题的第一遍无提示产出；记录原问题是否再次出现。间隔是课程选择，未验证时保持“未验证”。","1","workflows","1","unknown","unknown","0","","app/speaking-bank.tsx#SpeakingCoach / models","3本站通用组织骨架及四阶段UI已编写，不是带完整评分注解的口头表现模型。历史题库单列待核，不计鲜题数量。文本反馈不评发音/语流，手动再说没有延迟迁移记录。","https://ielts.org/take-a-test/test-types/ielts-academic-test/ielts-academic-format-speaking :: Part 3 一般与抽象讨论 :: format;https://ielts.org/take-a-test/preparation-resources/sample-test-questions/academic-test :: Speaking shared across Academic/GT :: format"
"S-FC","speaking","academic","official-criterion","explain","partial","ielts-plan.S-FC.explain","speaking-part-one;speaking-part-two;speaking-part-three","意思块、顺序与连贯，区分有用修正和破坏理解的停顿。 用理解检查和小产出检查诊断。","可读/可播放的真实内容及理解或产出检查；仅存在规划文字不算学过。","1","explanations","1","unknown","unknown","0","ielts-s1;ielts-s2;ielts-s3;ielts-s4;ielts-s5;ielts-s6","app/data/ielts.json#speaking Part 1 fallback;app/data/ielts.json#speaking Part 2 fallback;app/data/ielts.json#speaking Part 3 fallback;app/speaking-bank.tsx#SpeakingCoach / models;app/ielts-journey-content.ts#speak-detail;app/data/ielts.json#facts: scoring","2原创短问、提示、录音/单题训练计时、自查；没有陌生互动或四维真实评阅。 2原创长答题、1分钟准备/2分钟练习和录音；无完整3–4分钟part含追问、维度反馈或新题延迟复验。 2原创讨论问；单题75秒是教学建议，不是Part3完整互动；缺意外追问。 3本站通用组织骨架及四阶段UI已编写，不是带完整评分注解的口头表现模型。历史题库单列待核，不计鲜题数量。文本反馈不评发音/语流，手动再说没有延迟迁移记录。 旧经典路线1结构示范/1跟练/3短词核对；不是自发口语或语流证据。 简短维度/换分说明，未有各维度的行为示范、评分演练或全面band导读。","https://ielts.org/cdn/ielts-guides/ielts-speaking-key-assessment-criteria.pdf :: Fluency and Coherence · 流利与连贯 :: criterion;https://ielts.org/cdn/ielts-guides/ielts-speaking-band-descriptors.pdf :: 完整等级描述；4–8短释只是导读 :: criterion;https://ielts.org/organisations/ielts-for-organisations/understanding-ielts-scoring :: 四维等权25% :: rule"
"S-FC","speaking","academic","official-criterion","model","partial","ielts-plan.S-FC.model","speaking-part-one;speaking-part-two;speaking-part-three","两个表达相同内容的原创录音，标为什么某次停顿有助或阻碍理解。","可读/可播放的真实内容及理解或产出检查；仅存在规划文字不算学过。","1","models","3","unknown","unknown","0","speaking-model-1;speaking-model-2;speaking-model-3","app/speaking-bank.tsx#SpeakingCoach / models;app/ielts-journey-content.ts#speak-detail","3本站通用组织骨架及四阶段UI已编写，不是带完整评分注解的口头表现模型。历史题库单列待核，不计鲜题数量。文本反馈不评发音/语流，手动再说没有延迟迁移记录。 旧经典路线1结构示范/1跟练/3短词核对；不是自发口语或语流证据。","https://ielts.org/cdn/ielts-guides/ielts-speaking-key-assessment-criteria.pdf :: Fluency and Coherence · 流利与连贯 :: criterion;https://ielts.org/cdn/ielts-guides/ielts-speaking-band-descriptors.pdf :: 完整等级描述；4–8短释只是导读 :: criterion;https://ielts.org/organisations/ielts-for-organisations/understanding-ielts-scoring :: 四维等权25% :: rule"
"S-FC","speaking","academic","official-criterion","guided","partial","ielts-plan.S-FC.guided","speaking-part-one;speaking-part-two;speaking-part-three","重排意思卡，随后只看关键词说，逐步撤提示。","可读/可播放的真实内容及理解或产出检查；仅存在规划文字不算学过。","1","workflows","1","unknown","unknown","0","","app/speaking-bank.tsx#SpeakingCoach / models;app/ielts-journey-content.ts#speak-detail","3本站通用组织骨架及四阶段UI已编写，不是带完整评分注解的口头表现模型。历史题库单列待核，不计鲜题数量。文本反馈不评发音/语流，手动再说没有延迟迁移记录。 旧经典路线1结构示范/1跟练/3短词核对；不是自发口语或语流证据。","https://ielts.org/cdn/ielts-guides/ielts-speaking-key-assessment-criteria.pdf :: Fluency and Coherence · 流利与连贯 :: criterion;https://ielts.org/cdn/ielts-guides/ielts-speaking-band-descriptors.pdf :: 完整等级描述；4–8短释只是导读 :: criterion;https://ielts.org/organisations/ielts-for-organisations/understanding-ielts-scoring :: 四维等权25% :: rule"
"S-FC","speaking","academic","official-criterion","independent","partial","ielts-plan.S-FC.independent","speaking-part-one;speaking-part-two;speaking-part-three","新题的说明，再嵌入Part2/3；用音频观察断裂位置及实际理解影响。 隐藏旧模型/词句提示；保留第一遍，AI改稿标辅助。","保留新材料与题号、首答、实际支持/用时条件及反馈来源；看到模型、重播或AI改写要标辅助。","1","prompts","6","unknown","unknown","0","ielts-s1;ielts-s2;ielts-s3;ielts-s4;ielts-s5;ielts-s6","app/data/ielts.json#speaking Part 1 fallback;app/data/ielts.json#speaking Part 2 fallback;app/data/ielts.json#speaking Part 3 fallback;app/speaking-bank.tsx#SpeakingCoach / models;app/ielts-journey-content.ts#speak-detail;map/learning.tsx#EvidenceForm","2原创短问、提示、录音/单题训练计时、自查；没有陌生互动或四维真实评阅。 2原创长答题、1分钟准备/2分钟练习和录音；无完整3–4分钟part含追问、维度反馈或新题延迟复验。 2原创讨论问；单题75秒是教学建议，不是Part3完整互动；缺意外追问。 3本站通用组织骨架及四阶段UI已编写，不是带完整评分注解的口头表现模型。历史题库单列待核，不计鲜题数量。文本反馈不评发音/语流，手动再说没有延迟迁移记录。 旧经典路线1结构示范/1跟练/3短词核对；不是自发口语或语流证据。 外部作答/评阅/复验自录表单，无法核验实际素材或评价；不是站内内容或真实学习效果。当前模考限定Academic。","https://ielts.org/cdn/ielts-guides/ielts-speaking-key-assessment-criteria.pdf :: Fluency and Coherence · 流利与连贯 :: criterion;https://ielts.org/cdn/ielts-guides/ielts-speaking-band-descriptors.pdf :: 完整等级描述；4–8短释只是导读 :: criterion;https://ielts.org/organisations/ielts-for-organisations/understanding-ielts-scoring :: 四维等权25% :: rule"
"S-FC","speaking","academic","official-criterion","timed","partial","ielts-plan.S-FC.timed","speaking-part-one;speaking-part-two;speaking-part-three","以完整part/全场条件整合，保留原始录音、实际问题/追问和用时；Part1/3不按单题固定秒数锁定。 新题的说明，再嵌入Part2/3；用音频观察断裂位置及实际理解影响。 短训练预算属于教学安排。","保留新材料与题号、首答、实际支持/用时条件及反馈来源；看到模型、重播或AI改写要标辅助。","1","prompts","6","unknown","unknown","0","ielts-s1;ielts-s2;ielts-s3;ielts-s4;ielts-s5;ielts-s6","app/data/ielts.json#speaking Part 1 fallback;app/data/ielts.json#speaking Part 2 fallback;app/data/ielts.json#speaking Part 3 fallback;app/speaking-bank.tsx#SpeakingCoach / models;map/learning.tsx#EvidenceForm","2原创短问、提示、录音/单题训练计时、自查；没有陌生互动或四维真实评阅。 2原创长答题、1分钟准备/2分钟练习和录音；无完整3–4分钟part含追问、维度反馈或新题延迟复验。 2原创讨论问；单题75秒是教学建议，不是Part3完整互动；缺意外追问。 3本站通用组织骨架及四阶段UI已编写，不是带完整评分注解的口头表现模型。历史题库单列待核，不计鲜题数量。文本反馈不评发音/语流，手动再说没有延迟迁移记录。 外部作答/评阅/复验自录表单，无法核验实际素材或评价；不是站内内容或真实学习效果。当前模考限定Academic。","https://ielts.org/cdn/ielts-guides/ielts-speaking-key-assessment-criteria.pdf :: Fluency and Coherence · 流利与连贯 :: criterion;https://ielts.org/cdn/ielts-guides/ielts-speaking-band-descriptors.pdf :: 完整等级描述；4–8短释只是导读 :: criterion;https://ielts.org/organisations/ielts-for-organisations/understanding-ielts-scoring :: 四维等权25% :: rule"
"S-FC","speaking","academic","official-criterion","feedback","partial","ielts-plan.S-FC.feedback","speaking-part-one;speaking-part-two;speaking-part-three","回放一处时间戳，分块重练并新录，不把停顿数量直接换Band。 每个主张关联真实音频时间范围或确认文本；未能评价的维度标不可评。","human-audio：原作答/原稿/录音的证据定位、具体原因、修订与新题重试；不把改稿覆盖原尝试。","1","workflows","1","unknown","unknown","0","ielts-s1;ielts-s2;ielts-s3;ielts-s4;ielts-s5;ielts-s6","app/data/ielts.json#speaking Part 1 fallback;app/data/ielts.json#speaking Part 2 fallback;app/data/ielts.json#speaking Part 3 fallback;app/speaking-bank.tsx#SpeakingCoach / models;app/ielts-journey-content.ts#speak-detail;map/learning.tsx#EvidenceForm","2原创短问、提示、录音/单题训练计时、自查；没有陌生互动或四维真实评阅。 2原创长答题、1分钟准备/2分钟练习和录音；无完整3–4分钟part含追问、维度反馈或新题延迟复验。 2原创讨论问；单题75秒是教学建议，不是Part3完整互动；缺意外追问。 3本站通用组织骨架及四阶段UI已编写，不是带完整评分注解的口头表现模型。历史题库单列待核，不计鲜题数量。文本反馈不评发音/语流，手动再说没有延迟迁移记录。 旧经典路线1结构示范/1跟练/3短词核对；不是自发口语或语流证据。 外部作答/评阅/复验自录表单，无法核验实际素材或评价；不是站内内容或真实学习效果。当前模考限定Academic。","https://ielts.org/cdn/ielts-guides/ielts-speaking-key-assessment-criteria.pdf :: Fluency and Coherence · 流利与连贯 :: criterion;https://ielts.org/cdn/ielts-guides/ielts-speaking-band-descriptors.pdf :: 完整等级描述；4–8短释只是导读 :: criterion;https://ielts.org/organisations/ielts-for-organisations/understanding-ielts-scoring :: 四维等权25% :: rule"
"S-FC","speaking","academic","official-criterion","review","partial","ielts-plan.S-FC.review","speaking-part-one;speaking-part-two;speaking-part-three","课程安排延迟后新话题使用同一篇章功能，检验撤提示后的发展。 保存新题、支持情况及与原问题关联；未测过保持未验证。","延迟后换材料/话题的第一遍无提示产出；记录原问题是否再次出现。间隔是课程选择，未验证时保持“未验证”。","1","workflows","1","unknown","unknown","0","","app/speaking-bank.tsx#SpeakingCoach / models;app/ielts-journey-content.ts#speak-detail;map/learning.tsx#EvidenceForm","3本站通用组织骨架及四阶段UI已编写，不是带完整评分注解的口头表现模型。历史题库单列待核，不计鲜题数量。文本反馈不评发音/语流，手动再说没有延迟迁移记录。 旧经典路线1结构示范/1跟练/3短词核对；不是自发口语或语流证据。 外部作答/评阅/复验自录表单，无法核验实际素材或评价；不是站内内容或真实学习效果。当前模考限定Academic。","https://ielts.org/cdn/ielts-guides/ielts-speaking-key-assessment-criteria.pdf :: Fluency and Coherence · 流利与连贯 :: criterion;https://ielts.org/cdn/ielts-guides/ielts-speaking-band-descriptors.pdf :: 完整等级描述；4–8短释只是导读 :: criterion;https://ielts.org/organisations/ielts-for-organisations/understanding-ielts-scoring :: 四维等权25% :: rule"
"S-FC","speaking","general-training","official-criterion","explain","partial","ielts-plan.S-FC.explain","speaking-part-one;speaking-part-two;speaking-part-three","意思块、顺序与连贯，区分有用修正和破坏理解的停顿。 用理解检查和小产出检查诊断。","可读/可播放的真实内容及理解或产出检查；仅存在规划文字不算学过。","1","explanations","1","unknown","unknown","0","ielts-s1;ielts-s2;ielts-s3;ielts-s4;ielts-s5;ielts-s6","app/data/ielts.json#speaking Part 1 fallback;app/data/ielts.json#speaking Part 2 fallback;app/data/ielts.json#speaking Part 3 fallback;app/speaking-bank.tsx#SpeakingCoach / models;app/ielts-journey-content.ts#speak-detail;app/data/ielts.json#facts: scoring","2原创短问、提示、录音/单题训练计时、自查；没有陌生互动或四维真实评阅。 2原创长答题、1分钟准备/2分钟练习和录音；无完整3–4分钟part含追问、维度反馈或新题延迟复验。 2原创讨论问；单题75秒是教学建议，不是Part3完整互动；缺意外追问。 3本站通用组织骨架及四阶段UI已编写，不是带完整评分注解的口头表现模型。历史题库单列待核，不计鲜题数量。文本反馈不评发音/语流，手动再说没有延迟迁移记录。 旧经典路线1结构示范/1跟练/3短词核对；不是自发口语或语流证据。 简短维度/换分说明，未有各维度的行为示范、评分演练或全面band导读。","https://ielts.org/cdn/ielts-guides/ielts-speaking-key-assessment-criteria.pdf :: Fluency and Coherence · 流利与连贯 :: criterion;https://ielts.org/cdn/ielts-guides/ielts-speaking-band-descriptors.pdf :: 完整等级描述；4–8短释只是导读 :: criterion;https://ielts.org/organisations/ielts-for-organisations/understanding-ielts-scoring :: 四维等权25% :: rule"
"S-FC","speaking","general-training","official-criterion","model","partial","ielts-plan.S-FC.model","speaking-part-one;speaking-part-two;speaking-part-three","两个表达相同内容的原创录音，标为什么某次停顿有助或阻碍理解。","可读/可播放的真实内容及理解或产出检查；仅存在规划文字不算学过。","1","models","3","unknown","unknown","0","speaking-model-1;speaking-model-2;speaking-model-3","app/speaking-bank.tsx#SpeakingCoach / models;app/ielts-journey-content.ts#speak-detail","3本站通用组织骨架及四阶段UI已编写，不是带完整评分注解的口头表现模型。历史题库单列待核，不计鲜题数量。文本反馈不评发音/语流，手动再说没有延迟迁移记录。 旧经典路线1结构示范/1跟练/3短词核对；不是自发口语或语流证据。","https://ielts.org/cdn/ielts-guides/ielts-speaking-key-assessment-criteria.pdf :: Fluency and Coherence · 流利与连贯 :: criterion;https://ielts.org/cdn/ielts-guides/ielts-speaking-band-descriptors.pdf :: 完整等级描述；4–8短释只是导读 :: criterion;https://ielts.org/organisations/ielts-for-organisations/understanding-ielts-scoring :: 四维等权25% :: rule"
"S-FC","speaking","general-training","official-criterion","guided","partial","ielts-plan.S-FC.guided","speaking-part-one;speaking-part-two;speaking-part-three","重排意思卡，随后只看关键词说，逐步撤提示。","可读/可播放的真实内容及理解或产出检查；仅存在规划文字不算学过。","1","workflows","1","unknown","unknown","0","","app/speaking-bank.tsx#SpeakingCoach / models;app/ielts-journey-content.ts#speak-detail","3本站通用组织骨架及四阶段UI已编写，不是带完整评分注解的口头表现模型。历史题库单列待核，不计鲜题数量。文本反馈不评发音/语流，手动再说没有延迟迁移记录。 旧经典路线1结构示范/1跟练/3短词核对；不是自发口语或语流证据。","https://ielts.org/cdn/ielts-guides/ielts-speaking-key-assessment-criteria.pdf :: Fluency and Coherence · 流利与连贯 :: criterion;https://ielts.org/cdn/ielts-guides/ielts-speaking-band-descriptors.pdf :: 完整等级描述；4–8短释只是导读 :: criterion;https://ielts.org/organisations/ielts-for-organisations/understanding-ielts-scoring :: 四维等权25% :: rule"
"S-FC","speaking","general-training","official-criterion","independent","partial","ielts-plan.S-FC.independent","speaking-part-one;speaking-part-two;speaking-part-three","新题的说明，再嵌入Part2/3；用音频观察断裂位置及实际理解影响。 隐藏旧模型/词句提示；保留第一遍，AI改稿标辅助。","保留新材料与题号、首答、实际支持/用时条件及反馈来源；看到模型、重播或AI改写要标辅助。","1","prompts","6","unknown","unknown","0","ielts-s1;ielts-s2;ielts-s3;ielts-s4;ielts-s5;ielts-s6","app/data/ielts.json#speaking Part 1 fallback;app/data/ielts.json#speaking Part 2 fallback;app/data/ielts.json#speaking Part 3 fallback;app/speaking-bank.tsx#SpeakingCoach / models;app/ielts-journey-content.ts#speak-detail","2原创短问、提示、录音/单题训练计时、自查；没有陌生互动或四维真实评阅。 2原创长答题、1分钟准备/2分钟练习和录音；无完整3–4分钟part含追问、维度反馈或新题延迟复验。 2原创讨论问；单题75秒是教学建议，不是Part3完整互动；缺意外追问。 3本站通用组织骨架及四阶段UI已编写，不是带完整评分注解的口头表现模型。历史题库单列待核，不计鲜题数量。文本反馈不评发音/语流，手动再说没有延迟迁移记录。 旧经典路线1结构示范/1跟练/3短词核对；不是自发口语或语流证据。","https://ielts.org/cdn/ielts-guides/ielts-speaking-key-assessment-criteria.pdf :: Fluency and Coherence · 流利与连贯 :: criterion;https://ielts.org/cdn/ielts-guides/ielts-speaking-band-descriptors.pdf :: 完整等级描述；4–8短释只是导读 :: criterion;https://ielts.org/organisations/ielts-for-organisations/understanding-ielts-scoring :: 四维等权25% :: rule"
"S-FC","speaking","general-training","official-criterion","timed","partial","ielts-plan.S-FC.timed","speaking-part-one;speaking-part-two;speaking-part-three","以完整part/全场条件整合，保留原始录音、实际问题/追问和用时；Part1/3不按单题固定秒数锁定。 新题的说明，再嵌入Part2/3；用音频观察断裂位置及实际理解影响。 短训练预算属于教学安排。","保留新材料与题号、首答、实际支持/用时条件及反馈来源；看到模型、重播或AI改写要标辅助。","1","prompts","6","unknown","unknown","0","ielts-s1;ielts-s2;ielts-s3;ielts-s4;ielts-s5;ielts-s6","app/data/ielts.json#speaking Part 1 fallback;app/data/ielts.json#speaking Part 2 fallback;app/data/ielts.json#speaking Part 3 fallback;app/speaking-bank.tsx#SpeakingCoach / models","2原创短问、提示、录音/单题训练计时、自查；没有陌生互动或四维真实评阅。 2原创长答题、1分钟准备/2分钟练习和录音；无完整3–4分钟part含追问、维度反馈或新题延迟复验。 2原创讨论问；单题75秒是教学建议，不是Part3完整互动；缺意外追问。 3本站通用组织骨架及四阶段UI已编写，不是带完整评分注解的口头表现模型。历史题库单列待核，不计鲜题数量。文本反馈不评发音/语流，手动再说没有延迟迁移记录。","https://ielts.org/cdn/ielts-guides/ielts-speaking-key-assessment-criteria.pdf :: Fluency and Coherence · 流利与连贯 :: criterion;https://ielts.org/cdn/ielts-guides/ielts-speaking-band-descriptors.pdf :: 完整等级描述；4–8短释只是导读 :: criterion;https://ielts.org/organisations/ielts-for-organisations/understanding-ielts-scoring :: 四维等权25% :: rule"
"S-FC","speaking","general-training","official-criterion","feedback","partial","ielts-plan.S-FC.feedback","speaking-part-one;speaking-part-two;speaking-part-three","回放一处时间戳，分块重练并新录，不把停顿数量直接换Band。 每个主张关联真实音频时间范围或确认文本；未能评价的维度标不可评。","human-audio：原作答/原稿/录音的证据定位、具体原因、修订与新题重试；不把改稿覆盖原尝试。","1","workflows","1","unknown","unknown","0","ielts-s1;ielts-s2;ielts-s3;ielts-s4;ielts-s5;ielts-s6","app/data/ielts.json#speaking Part 1 fallback;app/data/ielts.json#speaking Part 2 fallback;app/data/ielts.json#speaking Part 3 fallback;app/speaking-bank.tsx#SpeakingCoach / models;app/ielts-journey-content.ts#speak-detail","2原创短问、提示、录音/单题训练计时、自查；没有陌生互动或四维真实评阅。 2原创长答题、1分钟准备/2分钟练习和录音；无完整3–4分钟part含追问、维度反馈或新题延迟复验。 2原创讨论问；单题75秒是教学建议，不是Part3完整互动；缺意外追问。 3本站通用组织骨架及四阶段UI已编写，不是带完整评分注解的口头表现模型。历史题库单列待核，不计鲜题数量。文本反馈不评发音/语流，手动再说没有延迟迁移记录。 旧经典路线1结构示范/1跟练/3短词核对；不是自发口语或语流证据。","https://ielts.org/cdn/ielts-guides/ielts-speaking-key-assessment-criteria.pdf :: Fluency and Coherence · 流利与连贯 :: criterion;https://ielts.org/cdn/ielts-guides/ielts-speaking-band-descriptors.pdf :: 完整等级描述；4–8短释只是导读 :: criterion;https://ielts.org/organisations/ielts-for-organisations/understanding-ielts-scoring :: 四维等权25% :: rule"
"S-FC","speaking","general-training","official-criterion","review","partial","ielts-plan.S-FC.review","speaking-part-one;speaking-part-two;speaking-part-three","课程安排延迟后新话题使用同一篇章功能，检验撤提示后的发展。 保存新题、支持情况及与原问题关联；未测过保持未验证。","延迟后换材料/话题的第一遍无提示产出；记录原问题是否再次出现。间隔是课程选择，未验证时保持“未验证”。","1","workflows","1","unknown","unknown","0","","app/speaking-bank.tsx#SpeakingCoach / models;app/ielts-journey-content.ts#speak-detail","3本站通用组织骨架及四阶段UI已编写，不是带完整评分注解的口头表现模型。历史题库单列待核，不计鲜题数量。文本反馈不评发音/语流，手动再说没有延迟迁移记录。 旧经典路线1结构示范/1跟练/3短词核对；不是自发口语或语流证据。","https://ielts.org/cdn/ielts-guides/ielts-speaking-key-assessment-criteria.pdf :: Fluency and Coherence · 流利与连贯 :: criterion;https://ielts.org/cdn/ielts-guides/ielts-speaking-band-descriptors.pdf :: 完整等级描述；4–8短释只是导读 :: criterion;https://ielts.org/organisations/ielts-for-organisations/understanding-ielts-scoring :: 四维等权25% :: rule"
"S-LR","speaking","academic","official-criterion","explain","partial","ielts-plan.S-LR.explain","speaking-part-one;speaking-part-two;speaking-part-three","先保意思，再换表达；用解释绕过暂时不知道的词。 用理解检查和小产出检查诊断。","可读/可播放的真实内容及理解或产出检查；仅存在规划文字不算学过。","1","explanations","1","unknown","unknown","0","ielts-s1;ielts-s2;ielts-s3;ielts-s4;ielts-s5;ielts-s6","app/data/ielts.json#speaking Part 1 fallback;app/data/ielts.json#speaking Part 2 fallback;app/data/ielts.json#speaking Part 3 fallback;app/speaking-bank.tsx#SpeakingCoach / models;app/data/ielts.json#facts: scoring","2原创短问、提示、录音/单题训练计时、自查；没有陌生互动或四维真实评阅。 2原创长答题、1分钟准备/2分钟练习和录音；无完整3–4分钟part含追问、维度反馈或新题延迟复验。 2原创讨论问；单题75秒是教学建议，不是Part3完整互动；缺意外追问。 3本站通用组织骨架及四阶段UI已编写，不是带完整评分注解的口头表现模型。历史题库单列待核，不计鲜题数量。文本反馈不评发音/语流，手动再说没有延迟迁移记录。 简短维度/换分说明，未有各维度的行为示范、评分演练或全面band导读。","https://ielts.org/cdn/ielts-guides/ielts-speaking-key-assessment-criteria.pdf :: Lexical Resource · 词汇 :: criterion;https://ielts.org/cdn/ielts-guides/ielts-speaking-band-descriptors.pdf :: 完整等级描述；4–8短释只是导读 :: criterion;https://ielts.org/organisations/ielts-for-organisations/understanding-ielts-scoring :: 四维等权25% :: rule"
"S-LR","speaking","academic","official-criterion","model","partial","ielts-plan.S-LR.model","speaking-part-one;speaking-part-two;speaking-part-three","原创口头解释一个未知词，展示意思保留与错误同义替换的区别。","可读/可播放的真实内容及理解或产出检查；仅存在规划文字不算学过。","1","models","3","unknown","unknown","0","speaking-model-1;speaking-model-2;speaking-model-3","app/speaking-bank.tsx#SpeakingCoach / models","3本站通用组织骨架及四阶段UI已编写，不是带完整评分注解的口头表现模型。历史题库单列待核，不计鲜题数量。文本反馈不评发音/语流，手动再说没有延迟迁移记录。","https://ielts.org/cdn/ielts-guides/ielts-speaking-key-assessment-criteria.pdf :: Lexical Resource · 词汇 :: criterion;https://ielts.org/cdn/ielts-guides/ielts-speaking-band-descriptors.pdf :: 完整等级描述；4–8短释只是导读 :: criterion;https://ielts.org/organisations/ielts-for-organisations/understanding-ielts-scoring :: 四维等权25% :: rule"
"S-LR","speaking","academic","official-criterion","guided","partial","ielts-plan.S-LR.guided","speaking-part-one;speaking-part-two;speaking-part-three","禁用目标词描述、搭配选择，然后在新情境口头产出。","可读/可播放的真实内容及理解或产出检查；仅存在规划文字不算学过。","1","workflows","1","unknown","unknown","0","","app/speaking-bank.tsx#SpeakingCoach / models","3本站通用组织骨架及四阶段UI已编写，不是带完整评分注解的口头表现模型。历史题库单列待核，不计鲜题数量。文本反馈不评发音/语流，手动再说没有延迟迁移记录。","https://ielts.org/cdn/ielts-guides/ielts-speaking-key-assessment-criteria.pdf :: Lexical Resource · 词汇 :: criterion;https://ielts.org/cdn/ielts-guides/ielts-speaking-band-descriptors.pdf :: 完整等级描述；4–8短释只是导读 :: criterion;https://ielts.org/organisations/ielts-for-organisations/understanding-ielts-scoring :: 四维等权25% :: rule"
"S-LR","speaking","academic","official-criterion","independent","partial","ielts-plan.S-LR.independent","speaking-part-one;speaking-part-two;speaking-part-three","新描述/观点，不提供词库；之后嵌入完整parts。 隐藏旧模型/词句提示；保留第一遍，AI改稿标辅助。","保留新材料与题号、首答、实际支持/用时条件及反馈来源；看到模型、重播或AI改写要标辅助。","1","prompts","6","unknown","unknown","0","ielts-s1;ielts-s2;ielts-s3;ielts-s4;ielts-s5;ielts-s6","app/data/ielts.json#speaking Part 1 fallback;app/data/ielts.json#speaking Part 2 fallback;app/data/ielts.json#speaking Part 3 fallback;app/speaking-bank.tsx#SpeakingCoach / models;map/learning.tsx#EvidenceForm","2原创短问、提示、录音/单题训练计时、自查；没有陌生互动或四维真实评阅。 2原创长答题、1分钟准备/2分钟练习和录音；无完整3–4分钟part含追问、维度反馈或新题延迟复验。 2原创讨论问；单题75秒是教学建议，不是Part3完整互动；缺意外追问。 3本站通用组织骨架及四阶段UI已编写，不是带完整评分注解的口头表现模型。历史题库单列待核，不计鲜题数量。文本反馈不评发音/语流，手动再说没有延迟迁移记录。 外部作答/评阅/复验自录表单，无法核验实际素材或评价；不是站内内容或真实学习效果。当前模考限定Academic。","https://ielts.org/cdn/ielts-guides/ielts-speaking-key-assessment-criteria.pdf :: Lexical Resource · 词汇 :: criterion;https://ielts.org/cdn/ielts-guides/ielts-speaking-band-descriptors.pdf :: 完整等级描述；4–8短释只是导读 :: criterion;https://ielts.org/organisations/ielts-for-organisations/understanding-ielts-scoring :: 四维等权25% :: rule"
"S-LR","speaking","academic","official-criterion","timed","partial","ielts-plan.S-LR.timed","speaking-part-one;speaking-part-two;speaking-part-three","以完整part/全场条件整合，保留原始录音、实际问题/追问和用时；Part1/3不按单题固定秒数锁定。 新描述/观点，不提供词库；之后嵌入完整parts。 短训练预算属于教学安排。","保留新材料与题号、首答、实际支持/用时条件及反馈来源；看到模型、重播或AI改写要标辅助。","1","prompts","6","unknown","unknown","0","ielts-s1;ielts-s2;ielts-s3;ielts-s4;ielts-s5;ielts-s6","app/data/ielts.json#speaking Part 1 fallback;app/data/ielts.json#speaking Part 2 fallback;app/data/ielts.json#speaking Part 3 fallback;app/speaking-bank.tsx#SpeakingCoach / models;map/learning.tsx#EvidenceForm","2原创短问、提示、录音/单题训练计时、自查；没有陌生互动或四维真实评阅。 2原创长答题、1分钟准备/2分钟练习和录音；无完整3–4分钟part含追问、维度反馈或新题延迟复验。 2原创讨论问；单题75秒是教学建议，不是Part3完整互动；缺意外追问。 3本站通用组织骨架及四阶段UI已编写，不是带完整评分注解的口头表现模型。历史题库单列待核，不计鲜题数量。文本反馈不评发音/语流，手动再说没有延迟迁移记录。 外部作答/评阅/复验自录表单，无法核验实际素材或评价；不是站内内容或真实学习效果。当前模考限定Academic。","https://ielts.org/cdn/ielts-guides/ielts-speaking-key-assessment-criteria.pdf :: Lexical Resource · 词汇 :: criterion;https://ielts.org/cdn/ielts-guides/ielts-speaking-band-descriptors.pdf :: 完整等级描述；4–8短释只是导读 :: criterion;https://ielts.org/organisations/ielts-for-organisations/understanding-ielts-scoring :: 四维等权25% :: rule"
"S-LR","speaking","academic","official-criterion","feedback","partial","ielts-plan.S-LR.feedback","speaking-part-one;speaking-part-two;speaking-part-three","定位不准短语，解释替代的含义并重新使用。 每个主张关联真实音频时间范围或确认文本；未能评价的维度标不可评。","human-audio：原作答/原稿/录音的证据定位、具体原因、修订与新题重试；不把改稿覆盖原尝试。","1","workflows","1","unknown","unknown","0","ielts-s1;ielts-s2;ielts-s3;ielts-s4;ielts-s5;ielts-s6","app/data/ielts.json#speaking Part 1 fallback;app/data/ielts.json#speaking Part 2 fallback;app/data/ielts.json#speaking Part 3 fallback;app/speaking-bank.tsx#SpeakingCoach / models;map/learning.tsx#EvidenceForm","2原创短问、提示、录音/单题训练计时、自查；没有陌生互动或四维真实评阅。 2原创长答题、1分钟准备/2分钟练习和录音；无完整3–4分钟part含追问、维度反馈或新题延迟复验。 2原创讨论问；单题75秒是教学建议，不是Part3完整互动；缺意外追问。 3本站通用组织骨架及四阶段UI已编写，不是带完整评分注解的口头表现模型。历史题库单列待核，不计鲜题数量。文本反馈不评发音/语流，手动再说没有延迟迁移记录。 外部作答/评阅/复验自录表单，无法核验实际素材或评价；不是站内内容或真实学习效果。当前模考限定Academic。","https://ielts.org/cdn/ielts-guides/ielts-speaking-key-assessment-criteria.pdf :: Lexical Resource · 词汇 :: criterion;https://ielts.org/cdn/ielts-guides/ielts-speaking-band-descriptors.pdf :: 完整等级描述；4–8短释只是导读 :: criterion;https://ielts.org/organisations/ielts-for-organisations/understanding-ielts-scoring :: 四维等权25% :: rule"
"S-LR","speaking","academic","official-criterion","review","partial","ielts-plan.S-LR.review","speaking-part-one;speaking-part-two;speaking-part-three","课程安排延迟后新对象/语境中改写，不能背同一例句。 保存新题、支持情况及与原问题关联；未测过保持未验证。","延迟后换材料/话题的第一遍无提示产出；记录原问题是否再次出现。间隔是课程选择，未验证时保持“未验证”。","1","workflows","1","unknown","unknown","0","","app/speaking-bank.tsx#SpeakingCoach / models;map/learning.tsx#EvidenceForm","3本站通用组织骨架及四阶段UI已编写，不是带完整评分注解的口头表现模型。历史题库单列待核，不计鲜题数量。文本反馈不评发音/语流，手动再说没有延迟迁移记录。 外部作答/评阅/复验自录表单，无法核验实际素材或评价；不是站内内容或真实学习效果。当前模考限定Academic。","https://ielts.org/cdn/ielts-guides/ielts-speaking-key-assessment-criteria.pdf :: Lexical Resource · 词汇 :: criterion;https://ielts.org/cdn/ielts-guides/ielts-speaking-band-descriptors.pdf :: 完整等级描述；4–8短释只是导读 :: criterion;https://ielts.org/organisations/ielts-for-organisations/understanding-ielts-scoring :: 四维等权25% :: rule"
"S-LR","speaking","general-training","official-criterion","explain","partial","ielts-plan.S-LR.explain","speaking-part-one;speaking-part-two;speaking-part-three","先保意思，再换表达；用解释绕过暂时不知道的词。 用理解检查和小产出检查诊断。","可读/可播放的真实内容及理解或产出检查；仅存在规划文字不算学过。","1","explanations","1","unknown","unknown","0","ielts-s1;ielts-s2;ielts-s3;ielts-s4;ielts-s5;ielts-s6","app/data/ielts.json#speaking Part 1 fallback;app/data/ielts.json#speaking Part 2 fallback;app/data/ielts.json#speaking Part 3 fallback;app/speaking-bank.tsx#SpeakingCoach / models;app/data/ielts.json#facts: scoring","2原创短问、提示、录音/单题训练计时、自查；没有陌生互动或四维真实评阅。 2原创长答题、1分钟准备/2分钟练习和录音；无完整3–4分钟part含追问、维度反馈或新题延迟复验。 2原创讨论问；单题75秒是教学建议，不是Part3完整互动；缺意外追问。 3本站通用组织骨架及四阶段UI已编写，不是带完整评分注解的口头表现模型。历史题库单列待核，不计鲜题数量。文本反馈不评发音/语流，手动再说没有延迟迁移记录。 简短维度/换分说明，未有各维度的行为示范、评分演练或全面band导读。","https://ielts.org/cdn/ielts-guides/ielts-speaking-key-assessment-criteria.pdf :: Lexical Resource · 词汇 :: criterion;https://ielts.org/cdn/ielts-guides/ielts-speaking-band-descriptors.pdf :: 完整等级描述；4–8短释只是导读 :: criterion;https://ielts.org/organisations/ielts-for-organisations/understanding-ielts-scoring :: 四维等权25% :: rule"
"S-LR","speaking","general-training","official-criterion","model","partial","ielts-plan.S-LR.model","speaking-part-one;speaking-part-two;speaking-part-three","原创口头解释一个未知词，展示意思保留与错误同义替换的区别。","可读/可播放的真实内容及理解或产出检查；仅存在规划文字不算学过。","1","models","3","unknown","unknown","0","speaking-model-1;speaking-model-2;speaking-model-3","app/speaking-bank.tsx#SpeakingCoach / models","3本站通用组织骨架及四阶段UI已编写，不是带完整评分注解的口头表现模型。历史题库单列待核，不计鲜题数量。文本反馈不评发音/语流，手动再说没有延迟迁移记录。","https://ielts.org/cdn/ielts-guides/ielts-speaking-key-assessment-criteria.pdf :: Lexical Resource · 词汇 :: criterion;https://ielts.org/cdn/ielts-guides/ielts-speaking-band-descriptors.pdf :: 完整等级描述；4–8短释只是导读 :: criterion;https://ielts.org/organisations/ielts-for-organisations/understanding-ielts-scoring :: 四维等权25% :: rule"
"S-LR","speaking","general-training","official-criterion","guided","partial","ielts-plan.S-LR.guided","speaking-part-one;speaking-part-two;speaking-part-three","禁用目标词描述、搭配选择，然后在新情境口头产出。","可读/可播放的真实内容及理解或产出检查；仅存在规划文字不算学过。","1","workflows","1","unknown","unknown","0","","app/speaking-bank.tsx#SpeakingCoach / models","3本站通用组织骨架及四阶段UI已编写，不是带完整评分注解的口头表现模型。历史题库单列待核，不计鲜题数量。文本反馈不评发音/语流，手动再说没有延迟迁移记录。","https://ielts.org/cdn/ielts-guides/ielts-speaking-key-assessment-criteria.pdf :: Lexical Resource · 词汇 :: criterion;https://ielts.org/cdn/ielts-guides/ielts-speaking-band-descriptors.pdf :: 完整等级描述；4–8短释只是导读 :: criterion;https://ielts.org/organisations/ielts-for-organisations/understanding-ielts-scoring :: 四维等权25% :: rule"
"S-LR","speaking","general-training","official-criterion","independent","partial","ielts-plan.S-LR.independent","speaking-part-one;speaking-part-two;speaking-part-three","新描述/观点，不提供词库；之后嵌入完整parts。 隐藏旧模型/词句提示；保留第一遍，AI改稿标辅助。","保留新材料与题号、首答、实际支持/用时条件及反馈来源；看到模型、重播或AI改写要标辅助。","1","prompts","6","unknown","unknown","0","ielts-s1;ielts-s2;ielts-s3;ielts-s4;ielts-s5;ielts-s6","app/data/ielts.json#speaking Part 1 fallback;app/data/ielts.json#speaking Part 2 fallback;app/data/ielts.json#speaking Part 3 fallback;app/speaking-bank.tsx#SpeakingCoach / models","2原创短问、提示、录音/单题训练计时、自查；没有陌生互动或四维真实评阅。 2原创长答题、1分钟准备/2分钟练习和录音；无完整3–4分钟part含追问、维度反馈或新题延迟复验。 2原创讨论问；单题75秒是教学建议，不是Part3完整互动；缺意外追问。 3本站通用组织骨架及四阶段UI已编写，不是带完整评分注解的口头表现模型。历史题库单列待核，不计鲜题数量。文本反馈不评发音/语流，手动再说没有延迟迁移记录。","https://ielts.org/cdn/ielts-guides/ielts-speaking-key-assessment-criteria.pdf :: Lexical Resource · 词汇 :: criterion;https://ielts.org/cdn/ielts-guides/ielts-speaking-band-descriptors.pdf :: 完整等级描述；4–8短释只是导读 :: criterion;https://ielts.org/organisations/ielts-for-organisations/understanding-ielts-scoring :: 四维等权25% :: rule"
"S-LR","speaking","general-training","official-criterion","timed","partial","ielts-plan.S-LR.timed","speaking-part-one;speaking-part-two;speaking-part-three","以完整part/全场条件整合，保留原始录音、实际问题/追问和用时；Part1/3不按单题固定秒数锁定。 新描述/观点，不提供词库；之后嵌入完整parts。 短训练预算属于教学安排。","保留新材料与题号、首答、实际支持/用时条件及反馈来源；看到模型、重播或AI改写要标辅助。","1","prompts","6","unknown","unknown","0","ielts-s1;ielts-s2;ielts-s3;ielts-s4;ielts-s5;ielts-s6","app/data/ielts.json#speaking Part 1 fallback;app/data/ielts.json#speaking Part 2 fallback;app/data/ielts.json#speaking Part 3 fallback;app/speaking-bank.tsx#SpeakingCoach / models","2原创短问、提示、录音/单题训练计时、自查；没有陌生互动或四维真实评阅。 2原创长答题、1分钟准备/2分钟练习和录音；无完整3–4分钟part含追问、维度反馈或新题延迟复验。 2原创讨论问；单题75秒是教学建议，不是Part3完整互动；缺意外追问。 3本站通用组织骨架及四阶段UI已编写，不是带完整评分注解的口头表现模型。历史题库单列待核，不计鲜题数量。文本反馈不评发音/语流，手动再说没有延迟迁移记录。","https://ielts.org/cdn/ielts-guides/ielts-speaking-key-assessment-criteria.pdf :: Lexical Resource · 词汇 :: criterion;https://ielts.org/cdn/ielts-guides/ielts-speaking-band-descriptors.pdf :: 完整等级描述；4–8短释只是导读 :: criterion;https://ielts.org/organisations/ielts-for-organisations/understanding-ielts-scoring :: 四维等权25% :: rule"
"S-LR","speaking","general-training","official-criterion","feedback","partial","ielts-plan.S-LR.feedback","speaking-part-one;speaking-part-two;speaking-part-three","定位不准短语，解释替代的含义并重新使用。 每个主张关联真实音频时间范围或确认文本；未能评价的维度标不可评。","human-audio：原作答/原稿/录音的证据定位、具体原因、修订与新题重试；不把改稿覆盖原尝试。","1","workflows","1","unknown","unknown","0","ielts-s1;ielts-s2;ielts-s3;ielts-s4;ielts-s5;ielts-s6","app/data/ielts.json#speaking Part 1 fallback;app/data/ielts.json#speaking Part 2 fallback;app/data/ielts.json#speaking Part 3 fallback;app/speaking-bank.tsx#SpeakingCoach / models","2原创短问、提示、录音/单题训练计时、自查；没有陌生互动或四维真实评阅。 2原创长答题、1分钟准备/2分钟练习和录音；无完整3–4分钟part含追问、维度反馈或新题延迟复验。 2原创讨论问；单题75秒是教学建议，不是Part3完整互动；缺意外追问。 3本站通用组织骨架及四阶段UI已编写，不是带完整评分注解的口头表现模型。历史题库单列待核，不计鲜题数量。文本反馈不评发音/语流，手动再说没有延迟迁移记录。","https://ielts.org/cdn/ielts-guides/ielts-speaking-key-assessment-criteria.pdf :: Lexical Resource · 词汇 :: criterion;https://ielts.org/cdn/ielts-guides/ielts-speaking-band-descriptors.pdf :: 完整等级描述；4–8短释只是导读 :: criterion;https://ielts.org/organisations/ielts-for-organisations/understanding-ielts-scoring :: 四维等权25% :: rule"
"S-LR","speaking","general-training","official-criterion","review","partial","ielts-plan.S-LR.review","speaking-part-one;speaking-part-two;speaking-part-three","课程安排延迟后新对象/语境中改写，不能背同一例句。 保存新题、支持情况及与原问题关联；未测过保持未验证。","延迟后换材料/话题的第一遍无提示产出；记录原问题是否再次出现。间隔是课程选择，未验证时保持“未验证”。","1","workflows","1","unknown","unknown","0","","app/speaking-bank.tsx#SpeakingCoach / models","3本站通用组织骨架及四阶段UI已编写，不是带完整评分注解的口头表现模型。历史题库单列待核，不计鲜题数量。文本反馈不评发音/语流，手动再说没有延迟迁移记录。","https://ielts.org/cdn/ielts-guides/ielts-speaking-key-assessment-criteria.pdf :: Lexical Resource · 词汇 :: criterion;https://ielts.org/cdn/ielts-guides/ielts-speaking-band-descriptors.pdf :: 完整等级描述；4–8短释只是导读 :: criterion;https://ielts.org/organisations/ielts-for-organisations/understanding-ielts-scoring :: 四维等权25% :: rule"
"S-GRA","speaking","academic","official-criterion","explain","partial","ielts-plan.S-GRA.explain","speaking-part-one;speaking-part-two;speaking-part-three","可靠句子主干、时间关系、比较、原因、条件和从句按需要使用。 用理解检查和小产出检查诊断。","可读/可播放的真实内容及理解或产出检查；仅存在规划文字不算学过。","1","explanations","1","unknown","unknown","0","ielts-s1;ielts-s2;ielts-s3;ielts-s4;ielts-s5;ielts-s6","app/data/ielts.json#speaking Part 1 fallback;app/data/ielts.json#speaking Part 2 fallback;app/data/ielts.json#speaking Part 3 fallback;app/speaking-bank.tsx#SpeakingCoach / models;app/data/ielts.json#facts: scoring","2原创短问、提示、录音/单题训练计时、自查；没有陌生互动或四维真实评阅。 2原创长答题、1分钟准备/2分钟练习和录音；无完整3–4分钟part含追问、维度反馈或新题延迟复验。 2原创讨论问；单题75秒是教学建议，不是Part3完整互动；缺意外追问。 3本站通用组织骨架及四阶段UI已编写，不是带完整评分注解的口头表现模型。历史题库单列待核，不计鲜题数量。文本反馈不评发音/语流，手动再说没有延迟迁移记录。 简短维度/换分说明，未有各维度的行为示范、评分演练或全面band导读。","https://ielts.org/cdn/ielts-guides/ielts-speaking-key-assessment-criteria.pdf :: Grammatical Range and Accuracy · 语法 :: criterion;https://ielts.org/cdn/ielts-guides/ielts-speaking-band-descriptors.pdf :: 完整等级描述；4–8短释只是导读 :: criterion;https://ielts.org/organisations/ielts-for-organisations/understanding-ielts-scoring :: 四维等权25% :: rule"
"S-GRA","speaking","academic","official-criterion","model","partial","ielts-plan.S-GRA.model","speaking-part-one;speaking-part-two;speaking-part-three","原创语音对比有意义的组合与强凑复杂句，标出影响理解的错误。","可读/可播放的真实内容及理解或产出检查；仅存在规划文字不算学过。","1","models","3","unknown","unknown","0","speaking-model-1;speaking-model-2;speaking-model-3","app/speaking-bank.tsx#SpeakingCoach / models","3本站通用组织骨架及四阶段UI已编写，不是带完整评分注解的口头表现模型。历史题库单列待核，不计鲜题数量。文本反馈不评发音/语流，手动再说没有延迟迁移记录。","https://ielts.org/cdn/ielts-guides/ielts-speaking-key-assessment-criteria.pdf :: Grammatical Range and Accuracy · 语法 :: criterion;https://ielts.org/cdn/ielts-guides/ielts-speaking-band-descriptors.pdf :: 完整等级描述；4–8短释只是导读 :: criterion;https://ielts.org/organisations/ielts-for-organisations/understanding-ielts-scoring :: 四维等权25% :: rule"
"S-GRA","speaking","academic","official-criterion","guided","partial","ielts-plan.S-GRA.guided","speaking-part-one;speaking-part-two;speaking-part-three","先合句再撤句架，变时间/假设后自发解释。","可读/可播放的真实内容及理解或产出检查；仅存在规划文字不算学过。","1","workflows","1","unknown","unknown","0","","app/speaking-bank.tsx#SpeakingCoach / models","3本站通用组织骨架及四阶段UI已编写，不是带完整评分注解的口头表现模型。历史题库单列待核，不计鲜题数量。文本反馈不评发音/语流，手动再说没有延迟迁移记录。","https://ielts.org/cdn/ielts-guides/ielts-speaking-key-assessment-criteria.pdf :: Grammatical Range and Accuracy · 语法 :: criterion;https://ielts.org/cdn/ielts-guides/ielts-speaking-band-descriptors.pdf :: 完整等级描述；4–8短释只是导读 :: criterion;https://ielts.org/organisations/ielts-for-organisations/understanding-ielts-scoring :: 四维等权25% :: rule"
"S-GRA","speaking","academic","official-criterion","independent","partial","ielts-plan.S-GRA.independent","speaking-part-one;speaking-part-two;speaking-part-three","新过去经历及假设讨论，保存真实音频与经确认的逐字稿。 隐藏旧模型/词句提示；保留第一遍，AI改稿标辅助。","保留新材料与题号、首答、实际支持/用时条件及反馈来源；看到模型、重播或AI改写要标辅助。","1","prompts","6","unknown","unknown","0","ielts-s1;ielts-s2;ielts-s3;ielts-s4;ielts-s5;ielts-s6","app/data/ielts.json#speaking Part 1 fallback;app/data/ielts.json#speaking Part 2 fallback;app/data/ielts.json#speaking Part 3 fallback;app/speaking-bank.tsx#SpeakingCoach / models;map/learning.tsx#EvidenceForm","2原创短问、提示、录音/单题训练计时、自查；没有陌生互动或四维真实评阅。 2原创长答题、1分钟准备/2分钟练习和录音；无完整3–4分钟part含追问、维度反馈或新题延迟复验。 2原创讨论问；单题75秒是教学建议，不是Part3完整互动；缺意外追问。 3本站通用组织骨架及四阶段UI已编写，不是带完整评分注解的口头表现模型。历史题库单列待核，不计鲜题数量。文本反馈不评发音/语流，手动再说没有延迟迁移记录。 外部作答/评阅/复验自录表单，无法核验实际素材或评价；不是站内内容或真实学习效果。当前模考限定Academic。","https://ielts.org/cdn/ielts-guides/ielts-speaking-key-assessment-criteria.pdf :: Grammatical Range and Accuracy · 语法 :: criterion;https://ielts.org/cdn/ielts-guides/ielts-speaking-band-descriptors.pdf :: 完整等级描述；4–8短释只是导读 :: criterion;https://ielts.org/organisations/ielts-for-organisations/understanding-ielts-scoring :: 四维等权25% :: rule"
"S-GRA","speaking","academic","official-criterion","timed","partial","ielts-plan.S-GRA.timed","speaking-part-one;speaking-part-two;speaking-part-three","以完整part/全场条件整合，保留原始录音、实际问题/追问和用时；Part1/3不按单题固定秒数锁定。 新过去经历及假设讨论，保存真实音频与经确认的逐字稿。 短训练预算属于教学安排。","保留新材料与题号、首答、实际支持/用时条件及反馈来源；看到模型、重播或AI改写要标辅助。","1","prompts","6","unknown","unknown","0","ielts-s1;ielts-s2;ielts-s3;ielts-s4;ielts-s5;ielts-s6","app/data/ielts.json#speaking Part 1 fallback;app/data/ielts.json#speaking Part 2 fallback;app/data/ielts.json#speaking Part 3 fallback;app/speaking-bank.tsx#SpeakingCoach / models;map/learning.tsx#EvidenceForm","2原创短问、提示、录音/单题训练计时、自查；没有陌生互动或四维真实评阅。 2原创长答题、1分钟准备/2分钟练习和录音；无完整3–4分钟part含追问、维度反馈或新题延迟复验。 2原创讨论问；单题75秒是教学建议，不是Part3完整互动；缺意外追问。 3本站通用组织骨架及四阶段UI已编写，不是带完整评分注解的口头表现模型。历史题库单列待核，不计鲜题数量。文本反馈不评发音/语流，手动再说没有延迟迁移记录。 外部作答/评阅/复验自录表单，无法核验实际素材或评价；不是站内内容或真实学习效果。当前模考限定Academic。","https://ielts.org/cdn/ielts-guides/ielts-speaking-key-assessment-criteria.pdf :: Grammatical Range and Accuracy · 语法 :: criterion;https://ielts.org/cdn/ielts-guides/ielts-speaking-band-descriptors.pdf :: 完整等级描述；4–8短释只是导读 :: criterion;https://ielts.org/organisations/ielts-for-organisations/understanding-ielts-scoring :: 四维等权25% :: rule"
"S-GRA","speaking","academic","official-criterion","feedback","partial","ielts-plan.S-GRA.feedback","speaking-part-one;speaking-part-two;speaking-part-three","针对反复且影响意思的错误，先改说，再新一轮回答。 每个主张关联真实音频时间范围或确认文本；未能评价的维度标不可评。","human-audio：原作答/原稿/录音的证据定位、具体原因、修订与新题重试；不把改稿覆盖原尝试。","1","workflows","1","unknown","unknown","0","ielts-s1;ielts-s2;ielts-s3;ielts-s4;ielts-s5;ielts-s6","app/data/ielts.json#speaking Part 1 fallback;app/data/ielts.json#speaking Part 2 fallback;app/data/ielts.json#speaking Part 3 fallback;app/speaking-bank.tsx#SpeakingCoach / models;map/learning.tsx#EvidenceForm","2原创短问、提示、录音/单题训练计时、自查；没有陌生互动或四维真实评阅。 2原创长答题、1分钟准备/2分钟练习和录音；无完整3–4分钟part含追问、维度反馈或新题延迟复验。 2原创讨论问；单题75秒是教学建议，不是Part3完整互动；缺意外追问。 3本站通用组织骨架及四阶段UI已编写，不是带完整评分注解的口头表现模型。历史题库单列待核，不计鲜题数量。文本反馈不评发音/语流，手动再说没有延迟迁移记录。 外部作答/评阅/复验自录表单，无法核验实际素材或评价；不是站内内容或真实学习效果。当前模考限定Academic。","https://ielts.org/cdn/ielts-guides/ielts-speaking-key-assessment-criteria.pdf :: Grammatical Range and Accuracy · 语法 :: criterion;https://ielts.org/cdn/ielts-guides/ielts-speaking-band-descriptors.pdf :: 完整等级描述；4–8短释只是导读 :: criterion;https://ielts.org/organisations/ielts-for-organisations/understanding-ielts-scoring :: 四维等权25% :: rule"
"S-GRA","speaking","academic","official-criterion","review","partial","ielts-plan.S-GRA.review","speaking-part-one;speaking-part-two;speaking-part-three","课程安排延迟后变话题和时间框架，不奖励复杂句数量。 保存新题、支持情况及与原问题关联；未测过保持未验证。","延迟后换材料/话题的第一遍无提示产出；记录原问题是否再次出现。间隔是课程选择，未验证时保持“未验证”。","1","workflows","1","unknown","unknown","0","","app/speaking-bank.tsx#SpeakingCoach / models;map/learning.tsx#EvidenceForm","3本站通用组织骨架及四阶段UI已编写，不是带完整评分注解的口头表现模型。历史题库单列待核，不计鲜题数量。文本反馈不评发音/语流，手动再说没有延迟迁移记录。 外部作答/评阅/复验自录表单，无法核验实际素材或评价；不是站内内容或真实学习效果。当前模考限定Academic。","https://ielts.org/cdn/ielts-guides/ielts-speaking-key-assessment-criteria.pdf :: Grammatical Range and Accuracy · 语法 :: criterion;https://ielts.org/cdn/ielts-guides/ielts-speaking-band-descriptors.pdf :: 完整等级描述；4–8短释只是导读 :: criterion;https://ielts.org/organisations/ielts-for-organisations/understanding-ielts-scoring :: 四维等权25% :: rule"
"S-GRA","speaking","general-training","official-criterion","explain","partial","ielts-plan.S-GRA.explain","speaking-part-one;speaking-part-two;speaking-part-three","可靠句子主干、时间关系、比较、原因、条件和从句按需要使用。 用理解检查和小产出检查诊断。","可读/可播放的真实内容及理解或产出检查；仅存在规划文字不算学过。","1","explanations","1","unknown","unknown","0","ielts-s1;ielts-s2;ielts-s3;ielts-s4;ielts-s5;ielts-s6","app/data/ielts.json#speaking Part 1 fallback;app/data/ielts.json#speaking Part 2 fallback;app/data/ielts.json#speaking Part 3 fallback;app/speaking-bank.tsx#SpeakingCoach / models;app/data/ielts.json#facts: scoring","2原创短问、提示、录音/单题训练计时、自查；没有陌生互动或四维真实评阅。 2原创长答题、1分钟准备/2分钟练习和录音；无完整3–4分钟part含追问、维度反馈或新题延迟复验。 2原创讨论问；单题75秒是教学建议，不是Part3完整互动；缺意外追问。 3本站通用组织骨架及四阶段UI已编写，不是带完整评分注解的口头表现模型。历史题库单列待核，不计鲜题数量。文本反馈不评发音/语流，手动再说没有延迟迁移记录。 简短维度/换分说明，未有各维度的行为示范、评分演练或全面band导读。","https://ielts.org/cdn/ielts-guides/ielts-speaking-key-assessment-criteria.pdf :: Grammatical Range and Accuracy · 语法 :: criterion;https://ielts.org/cdn/ielts-guides/ielts-speaking-band-descriptors.pdf :: 完整等级描述；4–8短释只是导读 :: criterion;https://ielts.org/organisations/ielts-for-organisations/understanding-ielts-scoring :: 四维等权25% :: rule"
"S-GRA","speaking","general-training","official-criterion","model","partial","ielts-plan.S-GRA.model","speaking-part-one;speaking-part-two;speaking-part-three","原创语音对比有意义的组合与强凑复杂句，标出影响理解的错误。","可读/可播放的真实内容及理解或产出检查；仅存在规划文字不算学过。","1","models","3","unknown","unknown","0","speaking-model-1;speaking-model-2;speaking-model-3","app/speaking-bank.tsx#SpeakingCoach / models","3本站通用组织骨架及四阶段UI已编写，不是带完整评分注解的口头表现模型。历史题库单列待核，不计鲜题数量。文本反馈不评发音/语流，手动再说没有延迟迁移记录。","https://ielts.org/cdn/ielts-guides/ielts-speaking-key-assessment-criteria.pdf :: Grammatical Range and Accuracy · 语法 :: criterion;https://ielts.org/cdn/ielts-guides/ielts-speaking-band-descriptors.pdf :: 完整等级描述；4–8短释只是导读 :: criterion;https://ielts.org/organisations/ielts-for-organisations/understanding-ielts-scoring :: 四维等权25% :: rule"
"S-GRA","speaking","general-training","official-criterion","guided","partial","ielts-plan.S-GRA.guided","speaking-part-one;speaking-part-two;speaking-part-three","先合句再撤句架，变时间/假设后自发解释。","可读/可播放的真实内容及理解或产出检查；仅存在规划文字不算学过。","1","workflows","1","unknown","unknown","0","","app/speaking-bank.tsx#SpeakingCoach / models","3本站通用组织骨架及四阶段UI已编写，不是带完整评分注解的口头表现模型。历史题库单列待核，不计鲜题数量。文本反馈不评发音/语流，手动再说没有延迟迁移记录。","https://ielts.org/cdn/ielts-guides/ielts-speaking-key-assessment-criteria.pdf :: Grammatical Range and Accuracy · 语法 :: criterion;https://ielts.org/cdn/ielts-guides/ielts-speaking-band-descriptors.pdf :: 完整等级描述；4–8短释只是导读 :: criterion;https://ielts.org/organisations/ielts-for-organisations/understanding-ielts-scoring :: 四维等权25% :: rule"
"S-GRA","speaking","general-training","official-criterion","independent","partial","ielts-plan.S-GRA.independent","speaking-part-one;speaking-part-two;speaking-part-three","新过去经历及假设讨论，保存真实音频与经确认的逐字稿。 隐藏旧模型/词句提示；保留第一遍，AI改稿标辅助。","保留新材料与题号、首答、实际支持/用时条件及反馈来源；看到模型、重播或AI改写要标辅助。","1","prompts","6","unknown","unknown","0","ielts-s1;ielts-s2;ielts-s3;ielts-s4;ielts-s5;ielts-s6","app/data/ielts.json#speaking Part 1 fallback;app/data/ielts.json#speaking Part 2 fallback;app/data/ielts.json#speaking Part 3 fallback;app/speaking-bank.tsx#SpeakingCoach / models","2原创短问、提示、录音/单题训练计时、自查；没有陌生互动或四维真实评阅。 2原创长答题、1分钟准备/2分钟练习和录音；无完整3–4分钟part含追问、维度反馈或新题延迟复验。 2原创讨论问；单题75秒是教学建议，不是Part3完整互动；缺意外追问。 3本站通用组织骨架及四阶段UI已编写，不是带完整评分注解的口头表现模型。历史题库单列待核，不计鲜题数量。文本反馈不评发音/语流，手动再说没有延迟迁移记录。","https://ielts.org/cdn/ielts-guides/ielts-speaking-key-assessment-criteria.pdf :: Grammatical Range and Accuracy · 语法 :: criterion;https://ielts.org/cdn/ielts-guides/ielts-speaking-band-descriptors.pdf :: 完整等级描述；4–8短释只是导读 :: criterion;https://ielts.org/organisations/ielts-for-organisations/understanding-ielts-scoring :: 四维等权25% :: rule"
"S-GRA","speaking","general-training","official-criterion","timed","partial","ielts-plan.S-GRA.timed","speaking-part-one;speaking-part-two;speaking-part-three","以完整part/全场条件整合，保留原始录音、实际问题/追问和用时；Part1/3不按单题固定秒数锁定。 新过去经历及假设讨论，保存真实音频与经确认的逐字稿。 短训练预算属于教学安排。","保留新材料与题号、首答、实际支持/用时条件及反馈来源；看到模型、重播或AI改写要标辅助。","1","prompts","6","unknown","unknown","0","ielts-s1;ielts-s2;ielts-s3;ielts-s4;ielts-s5;ielts-s6","app/data/ielts.json#speaking Part 1 fallback;app/data/ielts.json#speaking Part 2 fallback;app/data/ielts.json#speaking Part 3 fallback;app/speaking-bank.tsx#SpeakingCoach / models","2原创短问、提示、录音/单题训练计时、自查；没有陌生互动或四维真实评阅。 2原创长答题、1分钟准备/2分钟练习和录音；无完整3–4分钟part含追问、维度反馈或新题延迟复验。 2原创讨论问；单题75秒是教学建议，不是Part3完整互动；缺意外追问。 3本站通用组织骨架及四阶段UI已编写，不是带完整评分注解的口头表现模型。历史题库单列待核，不计鲜题数量。文本反馈不评发音/语流，手动再说没有延迟迁移记录。","https://ielts.org/cdn/ielts-guides/ielts-speaking-key-assessment-criteria.pdf :: Grammatical Range and Accuracy · 语法 :: criterion;https://ielts.org/cdn/ielts-guides/ielts-speaking-band-descriptors.pdf :: 完整等级描述；4–8短释只是导读 :: criterion;https://ielts.org/organisations/ielts-for-organisations/understanding-ielts-scoring :: 四维等权25% :: rule"
"S-GRA","speaking","general-training","official-criterion","feedback","partial","ielts-plan.S-GRA.feedback","speaking-part-one;speaking-part-two;speaking-part-three","针对反复且影响意思的错误，先改说，再新一轮回答。 每个主张关联真实音频时间范围或确认文本；未能评价的维度标不可评。","human-audio：原作答/原稿/录音的证据定位、具体原因、修订与新题重试；不把改稿覆盖原尝试。","1","workflows","1","unknown","unknown","0","ielts-s1;ielts-s2;ielts-s3;ielts-s4;ielts-s5;ielts-s6","app/data/ielts.json#speaking Part 1 fallback;app/data/ielts.json#speaking Part 2 fallback;app/data/ielts.json#speaking Part 3 fallback;app/speaking-bank.tsx#SpeakingCoach / models","2原创短问、提示、录音/单题训练计时、自查；没有陌生互动或四维真实评阅。 2原创长答题、1分钟准备/2分钟练习和录音；无完整3–4分钟part含追问、维度反馈或新题延迟复验。 2原创讨论问；单题75秒是教学建议，不是Part3完整互动；缺意外追问。 3本站通用组织骨架及四阶段UI已编写，不是带完整评分注解的口头表现模型。历史题库单列待核，不计鲜题数量。文本反馈不评发音/语流，手动再说没有延迟迁移记录。","https://ielts.org/cdn/ielts-guides/ielts-speaking-key-assessment-criteria.pdf :: Grammatical Range and Accuracy · 语法 :: criterion;https://ielts.org/cdn/ielts-guides/ielts-speaking-band-descriptors.pdf :: 完整等级描述；4–8短释只是导读 :: criterion;https://ielts.org/organisations/ielts-for-organisations/understanding-ielts-scoring :: 四维等权25% :: rule"
"S-GRA","speaking","general-training","official-criterion","review","partial","ielts-plan.S-GRA.review","speaking-part-one;speaking-part-two;speaking-part-three","课程安排延迟后变话题和时间框架，不奖励复杂句数量。 保存新题、支持情况及与原问题关联；未测过保持未验证。","延迟后换材料/话题的第一遍无提示产出；记录原问题是否再次出现。间隔是课程选择，未验证时保持“未验证”。","1","workflows","1","unknown","unknown","0","","app/speaking-bank.tsx#SpeakingCoach / models","3本站通用组织骨架及四阶段UI已编写，不是带完整评分注解的口头表现模型。历史题库单列待核，不计鲜题数量。文本反馈不评发音/语流，手动再说没有延迟迁移记录。","https://ielts.org/cdn/ielts-guides/ielts-speaking-key-assessment-criteria.pdf :: Grammatical Range and Accuracy · 语法 :: criterion;https://ielts.org/cdn/ielts-guides/ielts-speaking-band-descriptors.pdf :: 完整等级描述；4–8短释只是导读 :: criterion;https://ielts.org/organisations/ielts-for-organisations/understanding-ielts-scoring :: 四维等权25% :: rule"
"S-P","speaking","academic","official-criterion","explain","partial","ielts-plan.S-P.explain","speaking-part-one;speaking-part-two;speaking-part-three","听辨/产生意义对立、词重音、句子重点、分块与语调。 用理解检查和小产出检查诊断。","可读/可播放的真实内容及理解或产出检查；仅存在规划文字不算学过。","1","explanations","1","unknown","unknown","0","ielts-s1;ielts-s2;ielts-s3;ielts-s4;ielts-s5;ielts-s6","app/data/ielts.json#speaking Part 1 fallback;app/data/ielts.json#speaking Part 2 fallback;app/data/ielts.json#speaking Part 3 fallback;app/data/ielts.json#facts: scoring","2原创短问、提示、录音/单题训练计时、自查；没有陌生互动或四维真实评阅。 2原创长答题、1分钟准备/2分钟练习和录音；无完整3–4分钟part含追问、维度反馈或新题延迟复验。 2原创讨论问；单题75秒是教学建议，不是Part3完整互动；缺意外追问。 简短维度/换分说明，未有各维度的行为示范、评分演练或全面band导读。","https://ielts.org/cdn/ielts-guides/ielts-speaking-key-assessment-criteria.pdf :: Pronunciation · 发音 :: criterion;https://ielts.org/cdn/ielts-guides/ielts-speaking-band-descriptors.pdf :: 完整等级描述；4–8短释只是导读 :: criterion;https://ielts.org/organisations/ielts-for-organisations/understanding-ielts-scoring :: 四维等权25% :: rule"
"S-P","speaking","academic","official-criterion","model","missing","ielts-plan.S-P.model","speaking-part-one;speaking-part-two;speaking-part-three","真实可播放的原创录音对照重点/分块，展示意思如何变化；文字加粗不是音频模型。","可读/可播放的真实内容及理解或产出检查；仅存在规划文字不算学过。","1","models","0","0","unknown","0","","","本类别没有已核实的model专门内容与证据。","https://ielts.org/cdn/ielts-guides/ielts-speaking-key-assessment-criteria.pdf :: Pronunciation · 发音 :: criterion;https://ielts.org/cdn/ielts-guides/ielts-speaking-band-descriptors.pdf :: 完整等级描述；4–8短释只是导读 :: criterion;https://ielts.org/organisations/ielts-for-organisations/understanding-ielts-scoring :: 四维等权25% :: rule"
"S-P","speaking","academic","official-criterion","guided","missing","ielts-plan.S-P.guided","speaking-part-one;speaking-part-two;speaking-part-three","听辨→标重音→模仿→换内容；语流评价仍需音频。","可读/可播放的真实内容及理解或产出检查；仅存在规划文字不算学过。","1","workflows","0","0","unknown","0","","","本类别没有已核实的guided专门内容与证据。","https://ielts.org/cdn/ielts-guides/ielts-speaking-key-assessment-criteria.pdf :: Pronunciation · 发音 :: criterion;https://ielts.org/cdn/ielts-guides/ielts-speaking-band-descriptors.pdf :: 完整等级描述；4–8短释只是导读 :: criterion;https://ielts.org/organisations/ielts-for-organisations/understanding-ielts-scoring :: 四维等权25% :: rule"
"S-P","speaking","academic","official-criterion","independent","partial","ielts-plan.S-P.independent","speaking-part-one;speaking-part-two;speaking-part-three","新的自发回答而非只朗读背稿，嵌入Part1–3并核验音频可用。 隐藏旧模型/词句提示；保留第一遍，AI改稿标辅助。","保留新材料与题号、首答、实际支持/用时条件及反馈来源；看到模型、重播或AI改写要标辅助。","1","prompts","6","unknown","unknown","0","ielts-s1;ielts-s2;ielts-s3;ielts-s4;ielts-s5;ielts-s6","app/data/ielts.json#speaking Part 1 fallback;app/data/ielts.json#speaking Part 2 fallback;app/data/ielts.json#speaking Part 3 fallback;map/learning.tsx#EvidenceForm","2原创短问、提示、录音/单题训练计时、自查；没有陌生互动或四维真实评阅。 2原创长答题、1分钟准备/2分钟练习和录音；无完整3–4分钟part含追问、维度反馈或新题延迟复验。 2原创讨论问；单题75秒是教学建议，不是Part3完整互动；缺意外追问。 外部作答/评阅/复验自录表单，无法核验实际素材或评价；不是站内内容或真实学习效果。当前模考限定Academic。","https://ielts.org/cdn/ielts-guides/ielts-speaking-key-assessment-criteria.pdf :: Pronunciation · 发音 :: criterion;https://ielts.org/cdn/ielts-guides/ielts-speaking-band-descriptors.pdf :: 完整等级描述；4–8短释只是导读 :: criterion;https://ielts.org/organisations/ielts-for-organisations/understanding-ielts-scoring :: 四维等权25% :: rule"
"S-P","speaking","academic","official-criterion","timed","partial","ielts-plan.S-P.timed","speaking-part-one;speaking-part-two;speaking-part-three","以完整part/全场条件整合，保留原始录音、实际问题/追问和用时；Part1/3不按单题固定秒数锁定。 新的自发回答而非只朗读背稿，嵌入Part1–3并核验音频可用。 短训练预算属于教学安排。","保留新材料与题号、首答、实际支持/用时条件及反馈来源；看到模型、重播或AI改写要标辅助。","1","prompts","6","unknown","unknown","0","ielts-s1;ielts-s2;ielts-s3;ielts-s4;ielts-s5;ielts-s6","app/data/ielts.json#speaking Part 1 fallback;app/data/ielts.json#speaking Part 2 fallback;app/data/ielts.json#speaking Part 3 fallback;map/learning.tsx#EvidenceForm","2原创短问、提示、录音/单题训练计时、自查；没有陌生互动或四维真实评阅。 2原创长答题、1分钟准备/2分钟练习和录音；无完整3–4分钟part含追问、维度反馈或新题延迟复验。 2原创讨论问；单题75秒是教学建议，不是Part3完整互动；缺意外追问。 外部作答/评阅/复验自录表单，无法核验实际素材或评价；不是站内内容或真实学习效果。当前模考限定Academic。","https://ielts.org/cdn/ielts-guides/ielts-speaking-key-assessment-criteria.pdf :: Pronunciation · 发音 :: criterion;https://ielts.org/cdn/ielts-guides/ielts-speaking-band-descriptors.pdf :: 完整等级描述；4–8短释只是导读 :: criterion;https://ielts.org/organisations/ielts-for-organisations/understanding-ielts-scoring :: 四维等权25% :: rule"
"S-P","speaking","academic","official-criterion","feedback","partial","ielts-plan.S-P.feedback","speaking-part-one;speaking-part-two;speaking-part-three","真人回听时间片段、示范局部发音/韵律修正、重录；ASR不确定转人工。 每个主张关联真实音频时间范围或确认文本；未能评价的维度标不可评。","human-audio：原作答/原稿/录音的证据定位、具体原因、修订与新题重试；不把改稿覆盖原尝试。","1","workflows","1","unknown","unknown","0","ielts-s1;ielts-s2;ielts-s3;ielts-s4;ielts-s5;ielts-s6","app/data/ielts.json#speaking Part 1 fallback;app/data/ielts.json#speaking Part 2 fallback;app/data/ielts.json#speaking Part 3 fallback;map/learning.tsx#EvidenceForm","2原创短问、提示、录音/单题训练计时、自查；没有陌生互动或四维真实评阅。 2原创长答题、1分钟准备/2分钟练习和录音；无完整3–4分钟part含追问、维度反馈或新题延迟复验。 2原创讨论问；单题75秒是教学建议，不是Part3完整互动；缺意外追问。 外部作答/评阅/复验自录表单，无法核验实际素材或评价；不是站内内容或真实学习效果。当前模考限定Academic。","https://ielts.org/cdn/ielts-guides/ielts-speaking-key-assessment-criteria.pdf :: Pronunciation · 发音 :: criterion;https://ielts.org/cdn/ielts-guides/ielts-speaking-band-descriptors.pdf :: 完整等级描述；4–8短释只是导读 :: criterion;https://ielts.org/organisations/ielts-for-organisations/understanding-ielts-scoring :: 四维等权25% :: rule"
"S-P","speaking","academic","official-criterion","review","partial","ielts-plan.S-P.review","speaking-part-one;speaking-part-two;speaking-part-three","课程安排延迟后新语句使用同一语音特征，检查听者实际理解和努力。 保存新题、支持情况及与原问题关联；未测过保持未验证。","延迟后换材料/话题的第一遍无提示产出；记录原问题是否再次出现。间隔是课程选择，未验证时保持“未验证”。","1","workflows","0","0","unknown","0","","map/learning.tsx#EvidenceForm","外部作答/评阅/复验自录表单，无法核验实际素材或评价；不是站内内容或真实学习效果。当前模考限定Academic。","https://ielts.org/cdn/ielts-guides/ielts-speaking-key-assessment-criteria.pdf :: Pronunciation · 发音 :: criterion;https://ielts.org/cdn/ielts-guides/ielts-speaking-band-descriptors.pdf :: 完整等级描述；4–8短释只是导读 :: criterion;https://ielts.org/organisations/ielts-for-organisations/understanding-ielts-scoring :: 四维等权25% :: rule"
"S-P","speaking","general-training","official-criterion","explain","partial","ielts-plan.S-P.explain","speaking-part-one;speaking-part-two;speaking-part-three","听辨/产生意义对立、词重音、句子重点、分块与语调。 用理解检查和小产出检查诊断。","可读/可播放的真实内容及理解或产出检查；仅存在规划文字不算学过。","1","explanations","1","unknown","unknown","0","ielts-s1;ielts-s2;ielts-s3;ielts-s4;ielts-s5;ielts-s6","app/data/ielts.json#speaking Part 1 fallback;app/data/ielts.json#speaking Part 2 fallback;app/data/ielts.json#speaking Part 3 fallback;app/data/ielts.json#facts: scoring","2原创短问、提示、录音/单题训练计时、自查；没有陌生互动或四维真实评阅。 2原创长答题、1分钟准备/2分钟练习和录音；无完整3–4分钟part含追问、维度反馈或新题延迟复验。 2原创讨论问；单题75秒是教学建议，不是Part3完整互动；缺意外追问。 简短维度/换分说明，未有各维度的行为示范、评分演练或全面band导读。","https://ielts.org/cdn/ielts-guides/ielts-speaking-key-assessment-criteria.pdf :: Pronunciation · 发音 :: criterion;https://ielts.org/cdn/ielts-guides/ielts-speaking-band-descriptors.pdf :: 完整等级描述；4–8短释只是导读 :: criterion;https://ielts.org/organisations/ielts-for-organisations/understanding-ielts-scoring :: 四维等权25% :: rule"
"S-P","speaking","general-training","official-criterion","model","missing","ielts-plan.S-P.model","speaking-part-one;speaking-part-two;speaking-part-three","真实可播放的原创录音对照重点/分块，展示意思如何变化；文字加粗不是音频模型。","可读/可播放的真实内容及理解或产出检查；仅存在规划文字不算学过。","1","models","0","0","unknown","0","","","本类别没有已核实的model专门内容与证据。","https://ielts.org/cdn/ielts-guides/ielts-speaking-key-assessment-criteria.pdf :: Pronunciation · 发音 :: criterion;https://ielts.org/cdn/ielts-guides/ielts-speaking-band-descriptors.pdf :: 完整等级描述；4–8短释只是导读 :: criterion;https://ielts.org/organisations/ielts-for-organisations/understanding-ielts-scoring :: 四维等权25% :: rule"
"S-P","speaking","general-training","official-criterion","guided","missing","ielts-plan.S-P.guided","speaking-part-one;speaking-part-two;speaking-part-three","听辨→标重音→模仿→换内容；语流评价仍需音频。","可读/可播放的真实内容及理解或产出检查；仅存在规划文字不算学过。","1","workflows","0","0","unknown","0","","","本类别没有已核实的guided专门内容与证据。","https://ielts.org/cdn/ielts-guides/ielts-speaking-key-assessment-criteria.pdf :: Pronunciation · 发音 :: criterion;https://ielts.org/cdn/ielts-guides/ielts-speaking-band-descriptors.pdf :: 完整等级描述；4–8短释只是导读 :: criterion;https://ielts.org/organisations/ielts-for-organisations/understanding-ielts-scoring :: 四维等权25% :: rule"
"S-P","speaking","general-training","official-criterion","independent","partial","ielts-plan.S-P.independent","speaking-part-one;speaking-part-two;speaking-part-three","新的自发回答而非只朗读背稿，嵌入Part1–3并核验音频可用。 隐藏旧模型/词句提示；保留第一遍，AI改稿标辅助。","保留新材料与题号、首答、实际支持/用时条件及反馈来源；看到模型、重播或AI改写要标辅助。","1","prompts","6","unknown","unknown","0","ielts-s1;ielts-s2;ielts-s3;ielts-s4;ielts-s5;ielts-s6","app/data/ielts.json#speaking Part 1 fallback;app/data/ielts.json#speaking Part 2 fallback;app/data/ielts.json#speaking Part 3 fallback","2原创短问、提示、录音/单题训练计时、自查；没有陌生互动或四维真实评阅。 2原创长答题、1分钟准备/2分钟练习和录音；无完整3–4分钟part含追问、维度反馈或新题延迟复验。 2原创讨论问；单题75秒是教学建议，不是Part3完整互动；缺意外追问。","https://ielts.org/cdn/ielts-guides/ielts-speaking-key-assessment-criteria.pdf :: Pronunciation · 发音 :: criterion;https://ielts.org/cdn/ielts-guides/ielts-speaking-band-descriptors.pdf :: 完整等级描述；4–8短释只是导读 :: criterion;https://ielts.org/organisations/ielts-for-organisations/understanding-ielts-scoring :: 四维等权25% :: rule"
"S-P","speaking","general-training","official-criterion","timed","partial","ielts-plan.S-P.timed","speaking-part-one;speaking-part-two;speaking-part-three","以完整part/全场条件整合，保留原始录音、实际问题/追问和用时；Part1/3不按单题固定秒数锁定。 新的自发回答而非只朗读背稿，嵌入Part1–3并核验音频可用。 短训练预算属于教学安排。","保留新材料与题号、首答、实际支持/用时条件及反馈来源；看到模型、重播或AI改写要标辅助。","1","prompts","6","unknown","unknown","0","ielts-s1;ielts-s2;ielts-s3;ielts-s4;ielts-s5;ielts-s6","app/data/ielts.json#speaking Part 1 fallback;app/data/ielts.json#speaking Part 2 fallback;app/data/ielts.json#speaking Part 3 fallback","2原创短问、提示、录音/单题训练计时、自查；没有陌生互动或四维真实评阅。 2原创长答题、1分钟准备/2分钟练习和录音；无完整3–4分钟part含追问、维度反馈或新题延迟复验。 2原创讨论问；单题75秒是教学建议，不是Part3完整互动；缺意外追问。","https://ielts.org/cdn/ielts-guides/ielts-speaking-key-assessment-criteria.pdf :: Pronunciation · 发音 :: criterion;https://ielts.org/cdn/ielts-guides/ielts-speaking-band-descriptors.pdf :: 完整等级描述；4–8短释只是导读 :: criterion;https://ielts.org/organisations/ielts-for-organisations/understanding-ielts-scoring :: 四维等权25% :: rule"
"S-P","speaking","general-training","official-criterion","feedback","partial","ielts-plan.S-P.feedback","speaking-part-one;speaking-part-two;speaking-part-three","真人回听时间片段、示范局部发音/韵律修正、重录；ASR不确定转人工。 每个主张关联真实音频时间范围或确认文本；未能评价的维度标不可评。","human-audio：原作答/原稿/录音的证据定位、具体原因、修订与新题重试；不把改稿覆盖原尝试。","1","workflows","1","unknown","unknown","0","ielts-s1;ielts-s2;ielts-s3;ielts-s4;ielts-s5;ielts-s6","app/data/ielts.json#speaking Part 1 fallback;app/data/ielts.json#speaking Part 2 fallback;app/data/ielts.json#speaking Part 3 fallback","2原创短问、提示、录音/单题训练计时、自查；没有陌生互动或四维真实评阅。 2原创长答题、1分钟准备/2分钟练习和录音；无完整3–4分钟part含追问、维度反馈或新题延迟复验。 2原创讨论问；单题75秒是教学建议，不是Part3完整互动；缺意外追问。","https://ielts.org/cdn/ielts-guides/ielts-speaking-key-assessment-criteria.pdf :: Pronunciation · 发音 :: criterion;https://ielts.org/cdn/ielts-guides/ielts-speaking-band-descriptors.pdf :: 完整等级描述；4–8短释只是导读 :: criterion;https://ielts.org/organisations/ielts-for-organisations/understanding-ielts-scoring :: 四维等权25% :: rule"
"S-P","speaking","general-training","official-criterion","review","missing","ielts-plan.S-P.review","speaking-part-one;speaking-part-two;speaking-part-three","课程安排延迟后新语句使用同一语音特征，检查听者实际理解和努力。 保存新题、支持情况及与原问题关联；未测过保持未验证。","延迟后换材料/话题的第一遍无提示产出；记录原问题是否再次出现。间隔是课程选择，未验证时保持“未验证”。","1","workflows","0","0","unknown","0","","","本类别没有已核实的review专门内容与证据。","https://ielts.org/cdn/ielts-guides/ielts-speaking-key-assessment-criteria.pdf :: Pronunciation · 发音 :: criterion;https://ielts.org/cdn/ielts-guides/ielts-speaking-band-descriptors.pdf :: 完整等级描述；4–8短释只是导读 :: criterion;https://ielts.org/organisations/ielts-for-organisations/understanding-ielts-scoring :: 四维等权25% :: rule"
"S-FULL","speaking","academic","official-format","explain","partial","ielts-plan.S-FULL.explain","speaking-part-three","三部分合计11–14分钟，整场按四维评价，每维25%；没有三part分数等权公式。","可读/可播放的真实内容及理解或产出检查；仅存在规划文字不算学过。","1","explanations","1","unknown","unknown","0","","app/data/ielts.json#facts: overview / skill formats","概览文字存在，默认地图仍为Academic；没有验证用户目标、完整练习条件或新模式交付教学。","https://ielts.org/take-a-test/test-types/ielts-academic-test/ielts-academic-format-speaking :: 完整条件 :: rule;https://ielts.org/organisations/ielts-for-organisations/understanding-ielts-scoring :: 维度与任务权重 :: rule"
"S-FULL","speaking","academic","official-format","model","missing","ielts-plan.S-FULL.model","speaking-part-three","用合法或原创完整表现示范各维度的证据位置；官方样例只链接，不复制题库或宣称自造考官分。","可读/可播放的真实内容及理解或产出检查；仅存在规划文字不算学过。","1","models","0","0","unknown","0","","","本类别没有已核实的model专门内容与证据。","https://ielts.org/take-a-test/test-types/ielts-academic-test/ielts-academic-format-speaking :: 完整条件 :: rule;https://ielts.org/organisations/ielts-for-organisations/understanding-ielts-scoring :: 维度与任务权重 :: rule"
"S-FULL","speaking","academic","official-format","guided","missing","ielts-plan.S-FULL.guided","speaking-part-three","先做一次有支持的整合练习，明确哪些支持使用过、哪些条件需要补。","可读/可播放的真实内容及理解或产出检查；仅存在规划文字不算学过。","1","workflows","0","0","unknown","0","","","本类别没有已核实的guided专门内容与证据。","https://ielts.org/take-a-test/test-types/ielts-academic-test/ielts-academic-format-speaking :: 完整条件 :: rule;https://ielts.org/organisations/ielts-for-organisations/understanding-ielts-scoring :: 维度与任务权重 :: rule"
"S-FULL","speaking","academic","official-format","independent","partial","ielts-plan.S-FULL.independent","speaking-part-three","新的完整题目/两任务或三部分；保留首稿/原音频及相应输入。","保留新材料与题号、首答、实际支持/用时条件及反馈来源；看到模型、重播或AI改写要标辅助。","1","prompts","0","0","unknown","0","","map/learning.tsx#EvidenceForm","外部作答/评阅/复验自录表单，无法核验实际素材或评价；不是站内内容或真实学习效果。当前模考限定Academic。","https://ielts.org/take-a-test/test-types/ielts-academic-test/ielts-academic-format-speaking :: 完整条件 :: rule;https://ielts.org/organisations/ielts-for-organisations/understanding-ielts-scoring :: 维度与任务权重 :: rule"
"S-FULL","speaking","academic","official-format","timed","partial","ielts-plan.S-FULL.timed","speaking-part-three","新完整三部分11–14分钟模拟，录下所有问题/追问；不显示旧模型。","保留新材料与题号、首答、实际支持/用时条件及反馈来源；看到模型、重播或AI改写要标辅助。","1","prompts","0","0","unknown","0","","map/learning.tsx#EvidenceForm","外部作答/评阅/复验自录表单，无法核验实际素材或评价；不是站内内容或真实学习效果。当前模考限定Academic。","https://ielts.org/take-a-test/test-types/ielts-academic-test/ielts-academic-format-speaking :: 完整条件 :: rule;https://ielts.org/organisations/ielts-for-organisations/understanding-ielts-scoring :: 维度与任务权重 :: rule"
"S-FULL","speaking","academic","official-format","feedback","partial","ielts-plan.S-FULL.feedback","speaking-part-three","熟悉标准的人工评阅，逐维定位证据与局部修复；不可评项保留不可评，不补造合成分。","human-audio：原作答/原稿/录音的证据定位、具体原因、修订与新题重试；不把改稿覆盖原尝试。","1","workflows","0","0","unknown","0","","map/learning.tsx#EvidenceForm","外部作答/评阅/复验自录表单，无法核验实际素材或评价；不是站内内容或真实学习效果。当前模考限定Academic。","https://ielts.org/take-a-test/test-types/ielts-academic-test/ielts-academic-format-speaking :: 完整条件 :: rule;https://ielts.org/organisations/ielts-for-organisations/understanding-ielts-scoring :: 维度与任务权重 :: rule"
"S-FULL","speaking","academic","official-format","review","partial","ielts-plan.S-FULL.review","speaking-part-three","针对修复之后，另一次新完整表现及延迟迁移；不是同卷重做，也不保证正式Band。","延迟后换材料/话题的第一遍无提示产出；记录原问题是否再次出现。间隔是课程选择，未验证时保持“未验证”。","1","workflows","0","0","unknown","0","","map/learning.tsx#EvidenceForm","外部作答/评阅/复验自录表单，无法核验实际素材或评价；不是站内内容或真实学习效果。当前模考限定Academic。","https://ielts.org/take-a-test/test-types/ielts-academic-test/ielts-academic-format-speaking :: 完整条件 :: rule;https://ielts.org/organisations/ielts-for-organisations/understanding-ielts-scoring :: 维度与任务权重 :: rule"
"S-FULL","speaking","general-training","official-format","explain","partial","ielts-plan.S-FULL.explain","speaking-part-three","三部分合计11–14分钟，整场按四维评价，每维25%；没有三part分数等权公式。","可读/可播放的真实内容及理解或产出检查；仅存在规划文字不算学过。","1","explanations","1","unknown","unknown","0","","app/data/ielts.json#facts: overview / skill formats","概览文字存在，默认地图仍为Academic；没有验证用户目标、完整练习条件或新模式交付教学。","https://ielts.org/take-a-test/test-types/ielts-academic-test/ielts-academic-format-speaking :: 完整条件 :: rule;https://ielts.org/organisations/ielts-for-organisations/understanding-ielts-scoring :: 维度与任务权重 :: rule"
"S-FULL","speaking","general-training","official-format","model","missing","ielts-plan.S-FULL.model","speaking-part-three","用合法或原创完整表现示范各维度的证据位置；官方样例只链接，不复制题库或宣称自造考官分。","可读/可播放的真实内容及理解或产出检查；仅存在规划文字不算学过。","1","models","0","0","unknown","0","","","本类别没有已核实的model专门内容与证据。","https://ielts.org/take-a-test/test-types/ielts-academic-test/ielts-academic-format-speaking :: 完整条件 :: rule;https://ielts.org/organisations/ielts-for-organisations/understanding-ielts-scoring :: 维度与任务权重 :: rule"
"S-FULL","speaking","general-training","official-format","guided","missing","ielts-plan.S-FULL.guided","speaking-part-three","先做一次有支持的整合练习，明确哪些支持使用过、哪些条件需要补。","可读/可播放的真实内容及理解或产出检查；仅存在规划文字不算学过。","1","workflows","0","0","unknown","0","","","本类别没有已核实的guided专门内容与证据。","https://ielts.org/take-a-test/test-types/ielts-academic-test/ielts-academic-format-speaking :: 完整条件 :: rule;https://ielts.org/organisations/ielts-for-organisations/understanding-ielts-scoring :: 维度与任务权重 :: rule"
"S-FULL","speaking","general-training","official-format","independent","missing","ielts-plan.S-FULL.independent","speaking-part-three","新的完整题目/两任务或三部分；保留首稿/原音频及相应输入。","保留新材料与题号、首答、实际支持/用时条件及反馈来源；看到模型、重播或AI改写要标辅助。","1","prompts","0","0","unknown","0","","","本类别没有已核实的independent专门内容与证据。","https://ielts.org/take-a-test/test-types/ielts-academic-test/ielts-academic-format-speaking :: 完整条件 :: rule;https://ielts.org/organisations/ielts-for-organisations/understanding-ielts-scoring :: 维度与任务权重 :: rule"
"S-FULL","speaking","general-training","official-format","timed","missing","ielts-plan.S-FULL.timed","speaking-part-three","新完整三部分11–14分钟模拟，录下所有问题/追问；不显示旧模型。","保留新材料与题号、首答、实际支持/用时条件及反馈来源；看到模型、重播或AI改写要标辅助。","1","prompts","0","0","unknown","0","","","本类别没有已核实的timed专门内容与证据。","https://ielts.org/take-a-test/test-types/ielts-academic-test/ielts-academic-format-speaking :: 完整条件 :: rule;https://ielts.org/organisations/ielts-for-organisations/understanding-ielts-scoring :: 维度与任务权重 :: rule"
"S-FULL","speaking","general-training","official-format","feedback","missing","ielts-plan.S-FULL.feedback","speaking-part-three","熟悉标准的人工评阅，逐维定位证据与局部修复；不可评项保留不可评，不补造合成分。","human-audio：原作答/原稿/录音的证据定位、具体原因、修订与新题重试；不把改稿覆盖原尝试。","1","workflows","0","0","unknown","0","","","本类别没有已核实的feedback专门内容与证据。","https://ielts.org/take-a-test/test-types/ielts-academic-test/ielts-academic-format-speaking :: 完整条件 :: rule;https://ielts.org/organisations/ielts-for-organisations/understanding-ielts-scoring :: 维度与任务权重 :: rule"
"S-FULL","speaking","general-training","official-format","review","missing","ielts-plan.S-FULL.review","speaking-part-three","针对修复之后，另一次新完整表现及延迟迁移；不是同卷重做，也不保证正式Band。","延迟后换材料/话题的第一遍无提示产出；记录原问题是否再次出现。间隔是课程选择，未验证时保持“未验证”。","1","workflows","0","0","unknown","0","","","本类别没有已核实的review专门内容与证据。","https://ielts.org/take-a-test/test-types/ielts-academic-test/ielts-academic-format-speaking :: 完整条件 :: rule;https://ielts.org/organisations/ielts-for-organisations/understanding-ielts-scoring :: 维度与任务权重 :: rule"
"W-TA-A","writing","academic","official-criterion","explain","partial","ielts-plan.W-TA-A.explain","writing-task-one","读标题/轴/单位/时间，区别主要特征与细节，分组并写概括。 用理解检查和小产出检查诊断。","可读/可播放的真实内容及理解或产出检查；仅存在规划文字不算学过。","1","explanations","1","unknown","unknown","0","ielts-w1","app/data/ielts.json#writing.ielts-w1;app/ielts-journey-content.ts#write-overview;app/data/ielts.json#facts: scoring","1静态表格/1原创未评分参考/草稿/自查；无带注解示范、逐步产出、真人评分或新题复验。计时可暂停重置。 1示范/1选择跟练/3词语核对；只有文字数据，无真实线图/表格视觉，不能作为这些题型的专门素材。 简短维度/换分说明，未有各维度的行为示范、评分演练或全面band导读。","https://ielts.org/cdn/ielts-guides/ielts-writing-key-assessment-criteria.pdf :: Academic Task Achievement · 任务完成 :: criterion;https://ielts.org/cdn/ielts-guides/ielts-writing-band-descriptors.pdf :: 完整描述；4–8短释仅导读 :: criterion;https://ielts.org/organisations/ielts-for-organisations/understanding-ielts-scoring :: 各task内四维等权；Task2两倍 :: rule"
"W-TA-A","writing","academic","official-criterion","model","partial","ielts-plan.W-TA-A.model","writing-task-one","原创图示附特征选择注解，排除臆测原因；对照一个逐格报数的弱版本。","可读/可播放的真实内容及理解或产出检查；仅存在规划文字不算学过。","1","models","1","unknown","unknown","0","ielts-w1.sample","app/data/ielts.json#writing.ielts-w1;app/ielts-journey-content.ts#write-overview","1静态表格/1原创未评分参考/草稿/自查；无带注解示范、逐步产出、真人评分或新题复验。计时可暂停重置。 1示范/1选择跟练/3词语核对；只有文字数据，无真实线图/表格视觉，不能作为这些题型的专门素材。","https://ielts.org/cdn/ielts-guides/ielts-writing-key-assessment-criteria.pdf :: Academic Task Achievement · 任务完成 :: criterion;https://ielts.org/cdn/ielts-guides/ielts-writing-band-descriptors.pdf :: 完整描述；4–8短释仅导读 :: criterion;https://ielts.org/organisations/ielts-for-organisations/understanding-ielts-scoring :: 各task内四维等权；Task2两倍 :: rule"
"W-TA-A","writing","academic","official-criterion","guided","partial","ielts-plan.W-TA-A.guided","writing-task-one","选择证据、排除错误计算、组成自己的概括。","可读/可播放的真实内容及理解或产出检查；仅存在规划文字不算学过。","1","workflows","0","0","unknown","0","","app/ielts-journey-content.ts#write-overview","1示范/1选择跟练/3词语核对；只有文字数据，无真实线图/表格视觉，不能作为这些题型的专门素材。","https://ielts.org/cdn/ielts-guides/ielts-writing-key-assessment-criteria.pdf :: Academic Task Achievement · 任务完成 :: criterion;https://ielts.org/cdn/ielts-guides/ielts-writing-band-descriptors.pdf :: 完整描述；4–8短释仅导读 :: criterion;https://ielts.org/organisations/ielts-for-organisations/understanding-ielts-scoring :: 各task内四维等权；Task2两倍 :: rule"
"W-TA-A","writing","academic","official-criterion","independent","partial","ielts-plan.W-TA-A.independent","writing-task-one","新视觉输入的完整Task1，不提供答案句。 隐藏旧模型/词句提示；保留第一遍，AI改稿标辅助。","保留新材料与题号、首答、实际支持/用时条件及反馈来源；看到模型、重播或AI改写要标辅助。","1","prompts","1","unknown","unknown","0","ielts-w1","app/data/ielts.json#writing.ielts-w1;app/ielts-journey-content.ts#write-overview;map/learning.tsx#EvidenceForm","1静态表格/1原创未评分参考/草稿/自查；无带注解示范、逐步产出、真人评分或新题复验。计时可暂停重置。 1示范/1选择跟练/3词语核对；只有文字数据，无真实线图/表格视觉，不能作为这些题型的专门素材。 外部作答/评阅/复验自录表单，无法核验实际素材或评价；不是站内内容或真实学习效果。当前模考限定Academic。","https://ielts.org/cdn/ielts-guides/ielts-writing-key-assessment-criteria.pdf :: Academic Task Achievement · 任务完成 :: criterion;https://ielts.org/cdn/ielts-guides/ielts-writing-band-descriptors.pdf :: 完整描述；4–8短释仅导读 :: criterion;https://ielts.org/organisations/ielts-for-organisations/understanding-ielts-scoring :: 各task内四维等权；Task2两倍 :: rule"
"W-TA-A","writing","academic","official-criterion","timed","partial","ielts-plan.W-TA-A.timed","writing-task-one","在Academic图示+essay的60分钟完整两任务中应用；20/40分钟只作分配建议，不是独立强制锁定。 新视觉输入的完整Task1，不提供答案句。 短训练预算属于教学安排。","保留新材料与题号、首答、实际支持/用时条件及反馈来源；看到模型、重播或AI改写要标辅助。","1","prompts","1","unknown","unknown","0","ielts-w1","app/data/ielts.json#writing.ielts-w1;map/learning.tsx#EvidenceForm","1静态表格/1原创未评分参考/草稿/自查；无带注解示范、逐步产出、真人评分或新题复验。计时可暂停重置。 外部作答/评阅/复验自录表单，无法核验实际素材或评价；不是站内内容或真实学习效果。当前模考限定Academic。","https://ielts.org/cdn/ielts-guides/ielts-writing-key-assessment-criteria.pdf :: Academic Task Achievement · 任务完成 :: criterion;https://ielts.org/cdn/ielts-guides/ielts-writing-band-descriptors.pdf :: 完整描述；4–8短释仅导读 :: criterion;https://ielts.org/organisations/ielts-for-organisations/understanding-ielts-scoring :: 各task内四维等权；Task2两倍 :: rule"
"W-TA-A","writing","academic","official-criterion","feedback","partial","ielts-plan.W-TA-A.feedback","writing-task-one","错误断言对应到数据，修概括和关键支持信息。 每个主张关联原稿文字及原题/图示；缺图不评价数据准确性。","human-text：原作答/原稿/录音的证据定位、具体原因、修订与新题重试；不把改稿覆盖原尝试。","1","workflows","1","unknown","unknown","0","ielts-w1","app/data/ielts.json#writing.ielts-w1;app/ielts-journey-content.ts#write-overview;map/learning.tsx#EvidenceForm","1静态表格/1原创未评分参考/草稿/自查；无带注解示范、逐步产出、真人评分或新题复验。计时可暂停重置。 1示范/1选择跟练/3词语核对；只有文字数据，无真实线图/表格视觉，不能作为这些题型的专门素材。 外部作答/评阅/复验自录表单，无法核验实际素材或评价；不是站内内容或真实学习效果。当前模考限定Academic。","https://ielts.org/cdn/ielts-guides/ielts-writing-key-assessment-criteria.pdf :: Academic Task Achievement · 任务完成 :: criterion;https://ielts.org/cdn/ielts-guides/ielts-writing-band-descriptors.pdf :: 完整描述；4–8短释仅导读 :: criterion;https://ielts.org/organisations/ielts-for-organisations/understanding-ielts-scoring :: 各task内四维等权；Task2两倍 :: rule"
"W-TA-A","writing","academic","official-criterion","review","partial","ielts-plan.W-TA-A.review","writing-task-one","课程安排延迟后新数据与不同视觉形态但同一分析需求。 保存新题、支持情况及与原问题关联；未测过保持未验证。","延迟后换材料/话题的第一遍无提示产出；记录原问题是否再次出现。间隔是课程选择，未验证时保持“未验证”。","1","workflows","0","0","unknown","0","","app/ielts-journey-content.ts#write-overview;map/learning.tsx#EvidenceForm","1示范/1选择跟练/3词语核对；只有文字数据，无真实线图/表格视觉，不能作为这些题型的专门素材。 外部作答/评阅/复验自录表单，无法核验实际素材或评价；不是站内内容或真实学习效果。当前模考限定Academic。","https://ielts.org/cdn/ielts-guides/ielts-writing-key-assessment-criteria.pdf :: Academic Task Achievement · 任务完成 :: criterion;https://ielts.org/cdn/ielts-guides/ielts-writing-band-descriptors.pdf :: 完整描述；4–8短释仅导读 :: criterion;https://ielts.org/organisations/ielts-for-organisations/understanding-ielts-scoring :: 各task内四维等权；Task2两倍 :: rule"
"W-TA-GT","writing","general-training","official-criterion","explain","partial","ielts-plan.W-TA-GT.explain","","对象/关系、目的、三项义务、相关细节与一致语气。 用理解检查和小产出检查诊断。","可读/可播放的真实内容及理解或产出检查；仅存在规划文字不算学过。","1","explanations","1","unknown","unknown","0","ielts-w2","app/data/ielts.json#writing.ielts-w2;app/data/ielts.json#facts: scoring","1正式情境请求信/1原创未评分参考；地图未接，缺半正式/个人场景、完整书信练习链及延迟鲜题。 简短维度/换分说明，未有各维度的行为示范、评分演练或全面band导读。","https://ielts.org/cdn/ielts-guides/ielts-writing-key-assessment-criteria.pdf :: GT Task Achievement · 书信任务完成 :: criterion;https://ielts.org/cdn/ielts-guides/ielts-writing-band-descriptors.pdf :: 完整描述；4–8短释仅导读 :: criterion;https://ielts.org/organisations/ielts-for-organisations/understanding-ielts-scoring :: 各task内四维等权；Task2两倍 :: rule"
"W-TA-GT","writing","general-training","official-criterion","model","partial","ielts-plan.W-TA-GT.model","","原创书信的目的/要点映射及语气对照。","可读/可播放的真实内容及理解或产出检查；仅存在规划文字不算学过。","1","models","1","unknown","unknown","0","ielts-w2.sample","app/data/ielts.json#writing.ielts-w2","1正式情境请求信/1原创未评分参考；地图未接，缺半正式/个人场景、完整书信练习链及延迟鲜题。","https://ielts.org/cdn/ielts-guides/ielts-writing-key-assessment-criteria.pdf :: GT Task Achievement · 书信任务完成 :: criterion;https://ielts.org/cdn/ielts-guides/ielts-writing-band-descriptors.pdf :: 完整描述；4–8短释仅导读 :: criterion;https://ielts.org/organisations/ielts-for-organisations/understanding-ielts-scoring :: 各task内四维等权；Task2两倍 :: rule"
"W-TA-GT","writing","general-training","official-criterion","guided","missing","ielts-plan.W-TA-GT.guided","","半张书信计划逐步撤提示，改对象后重选措辞。","可读/可播放的真实内容及理解或产出检查；仅存在规划文字不算学过。","1","workflows","0","0","unknown","0","","","本类别没有已核实的guided专门内容与证据。","https://ielts.org/cdn/ielts-guides/ielts-writing-key-assessment-criteria.pdf :: GT Task Achievement · 书信任务完成 :: criterion;https://ielts.org/cdn/ielts-guides/ielts-writing-band-descriptors.pdf :: 完整描述；4–8短释仅导读 :: criterion;https://ielts.org/organisations/ielts-for-organisations/understanding-ielts-scoring :: 各task内四维等权；Task2两倍 :: rule"
"W-TA-GT","writing","general-training","official-criterion","independent","partial","ielts-plan.W-TA-GT.independent","","新情境完整信件，无句架。 隐藏旧模型/词句提示；保留第一遍，AI改稿标辅助。","保留新材料与题号、首答、实际支持/用时条件及反馈来源；看到模型、重播或AI改写要标辅助。","1","prompts","1","unknown","unknown","0","ielts-w2","app/data/ielts.json#writing.ielts-w2","1正式情境请求信/1原创未评分参考；地图未接，缺半正式/个人场景、完整书信练习链及延迟鲜题。","https://ielts.org/cdn/ielts-guides/ielts-writing-key-assessment-criteria.pdf :: GT Task Achievement · 书信任务完成 :: criterion;https://ielts.org/cdn/ielts-guides/ielts-writing-band-descriptors.pdf :: 完整描述；4–8短释仅导读 :: criterion;https://ielts.org/organisations/ielts-for-organisations/understanding-ielts-scoring :: 各task内四维等权；Task2两倍 :: rule"
"W-TA-GT","writing","general-training","official-criterion","timed","partial","ielts-plan.W-TA-GT.timed","","在GT书信+essay的60分钟完整两任务中应用；20/40分钟只作分配建议，不是独立强制锁定。 新情境完整信件，无句架。 短训练预算属于教学安排。","保留新材料与题号、首答、实际支持/用时条件及反馈来源；看到模型、重播或AI改写要标辅助。","1","prompts","1","unknown","unknown","0","ielts-w2","app/data/ielts.json#writing.ielts-w2","1正式情境请求信/1原创未评分参考；地图未接，缺半正式/个人场景、完整书信练习链及延迟鲜题。","https://ielts.org/cdn/ielts-guides/ielts-writing-key-assessment-criteria.pdf :: GT Task Achievement · 书信任务完成 :: criterion;https://ielts.org/cdn/ielts-guides/ielts-writing-band-descriptors.pdf :: 完整描述；4–8短释仅导读 :: criterion;https://ielts.org/organisations/ielts-for-organisations/understanding-ielts-scoring :: 各task内四维等权；Task2两倍 :: rule"
"W-TA-GT","writing","general-training","official-criterion","feedback","partial","ielts-plan.W-TA-GT.feedback","","定位未覆盖要求或语气漂移，修对应段。 每个主张关联原稿文字及原题/图示；缺图不评价数据准确性。","human-text：原作答/原稿/录音的证据定位、具体原因、修订与新题重试；不把改稿覆盖原尝试。","1","workflows","1","unknown","unknown","0","ielts-w2","app/data/ielts.json#writing.ielts-w2","1正式情境请求信/1原创未评分参考；地图未接，缺半正式/个人场景、完整书信练习链及延迟鲜题。","https://ielts.org/cdn/ielts-guides/ielts-writing-key-assessment-criteria.pdf :: GT Task Achievement · 书信任务完成 :: criterion;https://ielts.org/cdn/ielts-guides/ielts-writing-band-descriptors.pdf :: 完整描述；4–8短释仅导读 :: criterion;https://ielts.org/organisations/ielts-for-organisations/understanding-ielts-scoring :: 各task内四维等权；Task2两倍 :: rule"
"W-TA-GT","writing","general-training","official-criterion","review","missing","ielts-plan.W-TA-GT.review","","课程安排延迟后同功能改收信人/关系。 保存新题、支持情况及与原问题关联；未测过保持未验证。","延迟后换材料/话题的第一遍无提示产出；记录原问题是否再次出现。间隔是课程选择，未验证时保持“未验证”。","1","workflows","0","0","unknown","0","","","本类别没有已核实的review专门内容与证据。","https://ielts.org/cdn/ielts-guides/ielts-writing-key-assessment-criteria.pdf :: GT Task Achievement · 书信任务完成 :: criterion;https://ielts.org/cdn/ielts-guides/ielts-writing-band-descriptors.pdf :: 完整描述；4–8短释仅导读 :: criterion;https://ielts.org/organisations/ielts-for-organisations/understanding-ielts-scoring :: 各task内四维等权；Task2两倍 :: rule"
"W-TR-A","writing","academic","official-criterion","explain","partial","ielts-plan.W-TR-A.explain","writing-task-two","主题/范围/对象/每个问题，观点→原因→说明或例子。 用理解检查和小产出检查诊断。","可读/可播放的真实内容及理解或产出检查；仅存在规划文字不算学过。","1","explanations","1","unknown","unknown","0","ielts-w3","app/data/ielts.json#writing.ielts-w3;app/ielts-journey-content.ts#write-reason;app/data/ielts.json#facts: scoring","1双边讨论+个人观点题/1原创未评分参考；适用两种essay准备，但不能覆盖所有题目命令、语体或混合题。 原因/例子桥接，1示范/1引导/3填词；不能作为议论文展开或独立写作成功。 简短维度/换分说明，未有各维度的行为示范、评分演练或全面band导读。","https://ielts.org/cdn/ielts-guides/ielts-writing-key-assessment-criteria.pdf :: Task Response · Task 2 回应 :: criterion;https://ielts.org/cdn/ielts-guides/ielts-writing-band-descriptors.pdf :: 完整描述；4–8短释仅导读 :: criterion;https://ielts.org/organisations/ielts-for-organisations/understanding-ielts-scoring :: 各task内四维等权；Task2两倍 :: rule"
"W-TR-A","writing","academic","official-criterion","model","partial","ielts-plan.W-TR-A.model","writing-task-two","原创审题计划与段落注解，显示每段回应哪条义务，不编研究数字。","可读/可播放的真实内容及理解或产出检查；仅存在规划文字不算学过。","1","models","1","unknown","unknown","0","ielts-w3.sample","app/data/ielts.json#writing.ielts-w3;app/ielts-journey-content.ts#write-reason","1双边讨论+个人观点题/1原创未评分参考；适用两种essay准备，但不能覆盖所有题目命令、语体或混合题。 原因/例子桥接，1示范/1引导/3填词；不能作为议论文展开或独立写作成功。","https://ielts.org/cdn/ielts-guides/ielts-writing-key-assessment-criteria.pdf :: Task Response · Task 2 回应 :: criterion;https://ielts.org/cdn/ielts-guides/ielts-writing-band-descriptors.pdf :: 完整描述；4–8短释仅导读 :: criterion;https://ielts.org/organisations/ielts-for-organisations/understanding-ielts-scoring :: 各task内四维等权；Task2两倍 :: rule"
"W-TR-A","writing","academic","official-criterion","guided","partial","ielts-plan.W-TR-A.guided","writing-task-two","义务图和半条推理链，逐步让学习者自己发展。","可读/可播放的真实内容及理解或产出检查；仅存在规划文字不算学过。","1","workflows","0","0","unknown","0","","app/ielts-journey-content.ts#write-reason","原因/例子桥接，1示范/1引导/3填词；不能作为议论文展开或独立写作成功。","https://ielts.org/cdn/ielts-guides/ielts-writing-key-assessment-criteria.pdf :: Task Response · Task 2 回应 :: criterion;https://ielts.org/cdn/ielts-guides/ielts-writing-band-descriptors.pdf :: 完整描述；4–8短释仅导读 :: criterion;https://ielts.org/organisations/ielts-for-organisations/understanding-ielts-scoring :: 各task内四维等权；Task2两倍 :: rule"
"W-TR-A","writing","academic","official-criterion","independent","partial","ielts-plan.W-TR-A.independent","writing-task-two","陌生题目的完整essay，回应全部所求。 隐藏旧模型/词句提示；保留第一遍，AI改稿标辅助。","保留新材料与题号、首答、实际支持/用时条件及反馈来源；看到模型、重播或AI改写要标辅助。","1","prompts","1","unknown","unknown","0","ielts-w3","app/data/ielts.json#writing.ielts-w3;app/ielts-journey-content.ts#write-reason;map/learning.tsx#EvidenceForm","1双边讨论+个人观点题/1原创未评分参考；适用两种essay准备，但不能覆盖所有题目命令、语体或混合题。 原因/例子桥接，1示范/1引导/3填词；不能作为议论文展开或独立写作成功。 外部作答/评阅/复验自录表单，无法核验实际素材或评价；不是站内内容或真实学习效果。当前模考限定Academic。","https://ielts.org/cdn/ielts-guides/ielts-writing-key-assessment-criteria.pdf :: Task Response · Task 2 回应 :: criterion;https://ielts.org/cdn/ielts-guides/ielts-writing-band-descriptors.pdf :: 完整描述；4–8短释仅导读 :: criterion;https://ielts.org/organisations/ielts-for-organisations/understanding-ielts-scoring :: 各task内四维等权；Task2两倍 :: rule"
"W-TR-A","writing","academic","official-criterion","timed","partial","ielts-plan.W-TR-A.timed","writing-task-two","在Academic图示+essay的60分钟完整两任务中应用；20/40分钟只作分配建议，不是独立强制锁定。 陌生题目的完整essay，回应全部所求。 短训练预算属于教学安排。","保留新材料与题号、首答、实际支持/用时条件及反馈来源；看到模型、重播或AI改写要标辅助。","1","prompts","1","unknown","unknown","0","ielts-w3","app/data/ielts.json#writing.ielts-w3;map/learning.tsx#EvidenceForm","1双边讨论+个人观点题/1原创未评分参考；适用两种essay准备，但不能覆盖所有题目命令、语体或混合题。 外部作答/评阅/复验自录表单，无法核验实际素材或评价；不是站内内容或真实学习效果。当前模考限定Academic。","https://ielts.org/cdn/ielts-guides/ielts-writing-key-assessment-criteria.pdf :: Task Response · Task 2 回应 :: criterion;https://ielts.org/cdn/ielts-guides/ielts-writing-band-descriptors.pdf :: 完整描述；4–8短释仅导读 :: criterion;https://ielts.org/organisations/ielts-for-organisations/understanding-ielts-scoring :: 各task内四维等权；Task2两倍 :: rule"
"W-TR-A","writing","academic","official-criterion","feedback","partial","ielts-plan.W-TR-A.feedback","writing-task-two","段落映射回题目，修不相关或无支持的主张。 每个主张关联原稿文字及原题/图示；缺图不评价数据准确性。","human-text：原作答/原稿/录音的证据定位、具体原因、修订与新题重试；不把改稿覆盖原尝试。","1","workflows","1","unknown","unknown","0","ielts-w3","app/data/ielts.json#writing.ielts-w3;app/ielts-journey-content.ts#write-reason;map/learning.tsx#EvidenceForm","1双边讨论+个人观点题/1原创未评分参考；适用两种essay准备，但不能覆盖所有题目命令、语体或混合题。 原因/例子桥接，1示范/1引导/3填词；不能作为议论文展开或独立写作成功。 外部作答/评阅/复验自录表单，无法核验实际素材或评价；不是站内内容或真实学习效果。当前模考限定Academic。","https://ielts.org/cdn/ielts-guides/ielts-writing-key-assessment-criteria.pdf :: Task Response · Task 2 回应 :: criterion;https://ielts.org/cdn/ielts-guides/ielts-writing-band-descriptors.pdf :: 完整描述；4–8短释仅导读 :: criterion;https://ielts.org/organisations/ielts-for-organisations/understanding-ielts-scoring :: 各task内四维等权；Task2两倍 :: rule"
"W-TR-A","writing","academic","official-criterion","review","partial","ielts-plan.W-TR-A.review","writing-task-two","课程安排延迟后混合问法、陌生主题或不同影响对象。 保存新题、支持情况及与原问题关联；未测过保持未验证。","延迟后换材料/话题的第一遍无提示产出；记录原问题是否再次出现。间隔是课程选择，未验证时保持“未验证”。","1","workflows","0","0","unknown","0","","app/ielts-journey-content.ts#write-reason;map/learning.tsx#EvidenceForm","原因/例子桥接，1示范/1引导/3填词；不能作为议论文展开或独立写作成功。 外部作答/评阅/复验自录表单，无法核验实际素材或评价；不是站内内容或真实学习效果。当前模考限定Academic。","https://ielts.org/cdn/ielts-guides/ielts-writing-key-assessment-criteria.pdf :: Task Response · Task 2 回应 :: criterion;https://ielts.org/cdn/ielts-guides/ielts-writing-band-descriptors.pdf :: 完整描述；4–8短释仅导读 :: criterion;https://ielts.org/organisations/ielts-for-organisations/understanding-ielts-scoring :: 各task内四维等权；Task2两倍 :: rule"
"W-TR-GT","writing","general-training","official-criterion","explain","partial","ielts-plan.W-TR-GT.explain","","主题/范围/对象/每个问题，观点→原因→说明或例子。 用理解检查和小产出检查诊断。","可读/可播放的真实内容及理解或产出检查；仅存在规划文字不算学过。","1","explanations","1","unknown","unknown","0","ielts-w3","app/data/ielts.json#writing.ielts-w3;app/ielts-journey-content.ts#write-reason;app/data/ielts.json#facts: scoring","1双边讨论+个人观点题/1原创未评分参考；适用两种essay准备，但不能覆盖所有题目命令、语体或混合题。 原因/例子桥接，1示范/1引导/3填词；不能作为议论文展开或独立写作成功。 简短维度/换分说明，未有各维度的行为示范、评分演练或全面band导读。","https://ielts.org/cdn/ielts-guides/ielts-writing-key-assessment-criteria.pdf :: Task Response · Task 2 回应 :: criterion;https://ielts.org/cdn/ielts-guides/ielts-writing-band-descriptors.pdf :: 完整描述；4–8短释仅导读 :: criterion;https://ielts.org/organisations/ielts-for-organisations/understanding-ielts-scoring :: 各task内四维等权；Task2两倍 :: rule"
"W-TR-GT","writing","general-training","official-criterion","model","partial","ielts-plan.W-TR-GT.model","","原创审题计划与段落注解，显示每段回应哪条义务，不编研究数字。","可读/可播放的真实内容及理解或产出检查；仅存在规划文字不算学过。","1","models","1","unknown","unknown","0","ielts-w3.sample","app/data/ielts.json#writing.ielts-w3;app/ielts-journey-content.ts#write-reason","1双边讨论+个人观点题/1原创未评分参考；适用两种essay准备，但不能覆盖所有题目命令、语体或混合题。 原因/例子桥接，1示范/1引导/3填词；不能作为议论文展开或独立写作成功。","https://ielts.org/cdn/ielts-guides/ielts-writing-key-assessment-criteria.pdf :: Task Response · Task 2 回应 :: criterion;https://ielts.org/cdn/ielts-guides/ielts-writing-band-descriptors.pdf :: 完整描述；4–8短释仅导读 :: criterion;https://ielts.org/organisations/ielts-for-organisations/understanding-ielts-scoring :: 各task内四维等权；Task2两倍 :: rule"
"W-TR-GT","writing","general-training","official-criterion","guided","partial","ielts-plan.W-TR-GT.guided","","义务图和半条推理链，逐步让学习者自己发展。","可读/可播放的真实内容及理解或产出检查；仅存在规划文字不算学过。","1","workflows","0","0","unknown","0","","app/ielts-journey-content.ts#write-reason","原因/例子桥接，1示范/1引导/3填词；不能作为议论文展开或独立写作成功。","https://ielts.org/cdn/ielts-guides/ielts-writing-key-assessment-criteria.pdf :: Task Response · Task 2 回应 :: criterion;https://ielts.org/cdn/ielts-guides/ielts-writing-band-descriptors.pdf :: 完整描述；4–8短释仅导读 :: criterion;https://ielts.org/organisations/ielts-for-organisations/understanding-ielts-scoring :: 各task内四维等权；Task2两倍 :: rule"
"W-TR-GT","writing","general-training","official-criterion","independent","partial","ielts-plan.W-TR-GT.independent","","陌生题目的完整essay，回应全部所求。 隐藏旧模型/词句提示；保留第一遍，AI改稿标辅助。","保留新材料与题号、首答、实际支持/用时条件及反馈来源；看到模型、重播或AI改写要标辅助。","1","prompts","1","unknown","unknown","0","ielts-w3","app/data/ielts.json#writing.ielts-w3;app/ielts-journey-content.ts#write-reason","1双边讨论+个人观点题/1原创未评分参考；适用两种essay准备，但不能覆盖所有题目命令、语体或混合题。 原因/例子桥接，1示范/1引导/3填词；不能作为议论文展开或独立写作成功。","https://ielts.org/cdn/ielts-guides/ielts-writing-key-assessment-criteria.pdf :: Task Response · Task 2 回应 :: criterion;https://ielts.org/cdn/ielts-guides/ielts-writing-band-descriptors.pdf :: 完整描述；4–8短释仅导读 :: criterion;https://ielts.org/organisations/ielts-for-organisations/understanding-ielts-scoring :: 各task内四维等权；Task2两倍 :: rule"
"W-TR-GT","writing","general-training","official-criterion","timed","partial","ielts-plan.W-TR-GT.timed","","在GT书信+essay的60分钟完整两任务中应用；20/40分钟只作分配建议，不是独立强制锁定。 陌生题目的完整essay，回应全部所求。 短训练预算属于教学安排。","保留新材料与题号、首答、实际支持/用时条件及反馈来源；看到模型、重播或AI改写要标辅助。","1","prompts","1","unknown","unknown","0","ielts-w3","app/data/ielts.json#writing.ielts-w3","1双边讨论+个人观点题/1原创未评分参考；适用两种essay准备，但不能覆盖所有题目命令、语体或混合题。","https://ielts.org/cdn/ielts-guides/ielts-writing-key-assessment-criteria.pdf :: Task Response · Task 2 回应 :: criterion;https://ielts.org/cdn/ielts-guides/ielts-writing-band-descriptors.pdf :: 完整描述；4–8短释仅导读 :: criterion;https://ielts.org/organisations/ielts-for-organisations/understanding-ielts-scoring :: 各task内四维等权；Task2两倍 :: rule"
"W-TR-GT","writing","general-training","official-criterion","feedback","partial","ielts-plan.W-TR-GT.feedback","","段落映射回题目，修不相关或无支持的主张。 每个主张关联原稿文字及原题/图示；缺图不评价数据准确性。","human-text：原作答/原稿/录音的证据定位、具体原因、修订与新题重试；不把改稿覆盖原尝试。","1","workflows","1","unknown","unknown","0","ielts-w3","app/data/ielts.json#writing.ielts-w3;app/ielts-journey-content.ts#write-reason","1双边讨论+个人观点题/1原创未评分参考；适用两种essay准备，但不能覆盖所有题目命令、语体或混合题。 原因/例子桥接，1示范/1引导/3填词；不能作为议论文展开或独立写作成功。","https://ielts.org/cdn/ielts-guides/ielts-writing-key-assessment-criteria.pdf :: Task Response · Task 2 回应 :: criterion;https://ielts.org/cdn/ielts-guides/ielts-writing-band-descriptors.pdf :: 完整描述；4–8短释仅导读 :: criterion;https://ielts.org/organisations/ielts-for-organisations/understanding-ielts-scoring :: 各task内四维等权；Task2两倍 :: rule"
"W-TR-GT","writing","general-training","official-criterion","review","partial","ielts-plan.W-TR-GT.review","","课程安排延迟后混合问法、陌生主题或不同影响对象。 保存新题、支持情况及与原问题关联；未测过保持未验证。","延迟后换材料/话题的第一遍无提示产出；记录原问题是否再次出现。间隔是课程选择，未验证时保持“未验证”。","1","workflows","0","0","unknown","0","","app/ielts-journey-content.ts#write-reason","原因/例子桥接，1示范/1引导/3填词；不能作为议论文展开或独立写作成功。","https://ielts.org/cdn/ielts-guides/ielts-writing-key-assessment-criteria.pdf :: Task Response · Task 2 回应 :: criterion;https://ielts.org/cdn/ielts-guides/ielts-writing-band-descriptors.pdf :: 完整描述；4–8短释仅导读 :: criterion;https://ielts.org/organisations/ielts-for-organisations/understanding-ielts-scoring :: 各task内四维等权；Task2两倍 :: rule"
"W-CC-A","writing","academic","official-criterion","explain","partial","ielts-plan.W-CC-A.explain","writing-task-one;writing-task-two;writing-feedback","段落目的、顺序、指代、转折与因果的真实关系。 用理解检查和小产出检查诊断。","可读/可播放的真实内容及理解或产出检查；仅存在规划文字不算学过。","1","explanations","1","unknown","unknown","0","ielts-w1;ielts-w3","app/data/ielts.json#writing.ielts-w1;app/data/ielts.json#writing.ielts-w3;app/data/ielts.json#facts: scoring","1静态表格/1原创未评分参考/草稿/自查；无带注解示范、逐步产出、真人评分或新题复验。计时可暂停重置。 1双边讨论+个人观点题/1原创未评分参考；适用两种essay准备，但不能覆盖所有题目命令、语体或混合题。 简短维度/换分说明，未有各维度的行为示范、评分演练或全面band导读。","https://ielts.org/cdn/ielts-guides/ielts-writing-key-assessment-criteria.pdf :: Coherence and Cohesion · 组织与衔接 :: criterion;https://ielts.org/cdn/ielts-guides/ielts-writing-band-descriptors.pdf :: 完整描述；4–8短释仅导读 :: criterion;https://ielts.org/organisations/ielts-for-organisations/understanding-ielts-scoring :: 各task内四维等权；Task2两倍 :: rule"
"W-CC-A","writing","academic","official-criterion","model","partial","ielts-plan.W-CC-A.model","writing-task-one;writing-task-two;writing-feedback","原创连贯段与连接词堆砌段对照，标读者如何追踪意思。","可读/可播放的真实内容及理解或产出检查；仅存在规划文字不算学过。","1","models","2","unknown","unknown","0","ielts-w1.sample;ielts-w3.sample","app/data/ielts.json#writing.ielts-w1;app/data/ielts.json#writing.ielts-w3","1静态表格/1原创未评分参考/草稿/自查；无带注解示范、逐步产出、真人评分或新题复验。计时可暂停重置。 1双边讨论+个人观点题/1原创未评分参考；适用两种essay准备，但不能覆盖所有题目命令、语体或混合题。","https://ielts.org/cdn/ielts-guides/ielts-writing-key-assessment-criteria.pdf :: Coherence and Cohesion · 组织与衔接 :: criterion;https://ielts.org/cdn/ielts-guides/ielts-writing-band-descriptors.pdf :: 完整描述；4–8短释仅导读 :: criterion;https://ielts.org/organisations/ielts-for-organisations/understanding-ielts-scoring :: 各task内四维等权；Task2两倍 :: rule"
"W-CC-A","writing","academic","official-criterion","guided","missing","ielts-plan.W-CC-A.guided","writing-task-one;writing-task-two;writing-feedback","排句、修指代，再自己写段落。","可读/可播放的真实内容及理解或产出检查；仅存在规划文字不算学过。","1","workflows","0","0","unknown","0","","","本类别没有已核实的guided专门内容与证据。","https://ielts.org/cdn/ielts-guides/ielts-writing-key-assessment-criteria.pdf :: Coherence and Cohesion · 组织与衔接 :: criterion;https://ielts.org/cdn/ielts-guides/ielts-writing-band-descriptors.pdf :: 完整描述；4–8短释仅导读 :: criterion;https://ielts.org/organisations/ielts-for-organisations/understanding-ielts-scoring :: 各task内四维等权；Task2两倍 :: rule"
"W-CC-A","writing","academic","official-criterion","independent","partial","ielts-plan.W-CC-A.independent","writing-task-one;writing-task-two;writing-feedback","新任务自行组织的整篇回答。 隐藏旧模型/词句提示；保留第一遍，AI改稿标辅助。","保留新材料与题号、首答、实际支持/用时条件及反馈来源；看到模型、重播或AI改写要标辅助。","1","prompts","2","unknown","unknown","0","ielts-w1;ielts-w3","app/data/ielts.json#writing.ielts-w1;app/data/ielts.json#writing.ielts-w3;map/learning.tsx#EvidenceForm","1静态表格/1原创未评分参考/草稿/自查；无带注解示范、逐步产出、真人评分或新题复验。计时可暂停重置。 1双边讨论+个人观点题/1原创未评分参考；适用两种essay准备，但不能覆盖所有题目命令、语体或混合题。 外部作答/评阅/复验自录表单，无法核验实际素材或评价；不是站内内容或真实学习效果。当前模考限定Academic。","https://ielts.org/cdn/ielts-guides/ielts-writing-key-assessment-criteria.pdf :: Coherence and Cohesion · 组织与衔接 :: criterion;https://ielts.org/cdn/ielts-guides/ielts-writing-band-descriptors.pdf :: 完整描述；4–8短释仅导读 :: criterion;https://ielts.org/organisations/ielts-for-organisations/understanding-ielts-scoring :: 各task内四维等权；Task2两倍 :: rule"
"W-CC-A","writing","academic","official-criterion","timed","partial","ielts-plan.W-CC-A.timed","writing-task-one;writing-task-two;writing-feedback","在Academic图示+essay的60分钟完整两任务中应用；20/40分钟只作分配建议，不是独立强制锁定。 新任务自行组织的整篇回答。 短训练预算属于教学安排。","保留新材料与题号、首答、实际支持/用时条件及反馈来源；看到模型、重播或AI改写要标辅助。","1","prompts","2","unknown","unknown","0","ielts-w1;ielts-w3","app/data/ielts.json#writing.ielts-w1;app/data/ielts.json#writing.ielts-w3;map/learning.tsx#EvidenceForm","1静态表格/1原创未评分参考/草稿/自查；无带注解示范、逐步产出、真人评分或新题复验。计时可暂停重置。 1双边讨论+个人观点题/1原创未评分参考；适用两种essay准备，但不能覆盖所有题目命令、语体或混合题。 外部作答/评阅/复验自录表单，无法核验实际素材或评价；不是站内内容或真实学习效果。当前模考限定Academic。","https://ielts.org/cdn/ielts-guides/ielts-writing-key-assessment-criteria.pdf :: Coherence and Cohesion · 组织与衔接 :: criterion;https://ielts.org/cdn/ielts-guides/ielts-writing-band-descriptors.pdf :: 完整描述；4–8短释仅导读 :: criterion;https://ielts.org/organisations/ielts-for-organisations/understanding-ielts-scoring :: 各task内四维等权；Task2两倍 :: rule"
"W-CC-A","writing","academic","official-criterion","feedback","partial","ielts-plan.W-CC-A.feedback","writing-task-one;writing-task-two;writing-feedback","标一处逻辑或指代断裂，修关系而非装饰过渡词。 每个主张关联原稿文字及原题/图示；缺图不评价数据准确性。","human-text：原作答/原稿/录音的证据定位、具体原因、修订与新题重试；不把改稿覆盖原尝试。","1","workflows","1","unknown","unknown","0","ielts-w1;ielts-w3","app/data/ielts.json#writing.ielts-w1;app/data/ielts.json#writing.ielts-w3;map/learning.tsx#EvidenceForm","1静态表格/1原创未评分参考/草稿/自查；无带注解示范、逐步产出、真人评分或新题复验。计时可暂停重置。 1双边讨论+个人观点题/1原创未评分参考；适用两种essay准备，但不能覆盖所有题目命令、语体或混合题。 外部作答/评阅/复验自录表单，无法核验实际素材或评价；不是站内内容或真实学习效果。当前模考限定Academic。","https://ielts.org/cdn/ielts-guides/ielts-writing-key-assessment-criteria.pdf :: Coherence and Cohesion · 组织与衔接 :: criterion;https://ielts.org/cdn/ielts-guides/ielts-writing-band-descriptors.pdf :: 完整描述；4–8短释仅导读 :: criterion;https://ielts.org/organisations/ielts-for-organisations/understanding-ielts-scoring :: 各task内四维等权；Task2两倍 :: rule"
"W-CC-A","writing","academic","official-criterion","review","partial","ielts-plan.W-CC-A.review","writing-task-one;writing-task-two;writing-feedback","课程安排延迟后新题/体裁里保持可追踪组织。 保存新题、支持情况及与原问题关联；未测过保持未验证。","延迟后换材料/话题的第一遍无提示产出；记录原问题是否再次出现。间隔是课程选择，未验证时保持“未验证”。","1","workflows","0","0","unknown","0","","map/learning.tsx#EvidenceForm","外部作答/评阅/复验自录表单，无法核验实际素材或评价；不是站内内容或真实学习效果。当前模考限定Academic。","https://ielts.org/cdn/ielts-guides/ielts-writing-key-assessment-criteria.pdf :: Coherence and Cohesion · 组织与衔接 :: criterion;https://ielts.org/cdn/ielts-guides/ielts-writing-band-descriptors.pdf :: 完整描述；4–8短释仅导读 :: criterion;https://ielts.org/organisations/ielts-for-organisations/understanding-ielts-scoring :: 各task内四维等权；Task2两倍 :: rule"
"W-CC-GT","writing","general-training","official-criterion","explain","partial","ielts-plan.W-CC-GT.explain","","段落目的、顺序、指代、转折与因果的真实关系。 用理解检查和小产出检查诊断。","可读/可播放的真实内容及理解或产出检查；仅存在规划文字不算学过。","1","explanations","1","unknown","unknown","0","ielts-w2;ielts-w3","app/data/ielts.json#writing.ielts-w2;app/data/ielts.json#writing.ielts-w3;app/data/ielts.json#facts: scoring","1正式情境请求信/1原创未评分参考；地图未接，缺半正式/个人场景、完整书信练习链及延迟鲜题。 1双边讨论+个人观点题/1原创未评分参考；适用两种essay准备，但不能覆盖所有题目命令、语体或混合题。 简短维度/换分说明，未有各维度的行为示范、评分演练或全面band导读。","https://ielts.org/cdn/ielts-guides/ielts-writing-key-assessment-criteria.pdf :: Coherence and Cohesion · 组织与衔接 :: criterion;https://ielts.org/cdn/ielts-guides/ielts-writing-band-descriptors.pdf :: 完整描述；4–8短释仅导读 :: criterion;https://ielts.org/organisations/ielts-for-organisations/understanding-ielts-scoring :: 各task内四维等权；Task2两倍 :: rule"
"W-CC-GT","writing","general-training","official-criterion","model","partial","ielts-plan.W-CC-GT.model","","原创连贯段与连接词堆砌段对照，标读者如何追踪意思。","可读/可播放的真实内容及理解或产出检查；仅存在规划文字不算学过。","1","models","2","unknown","unknown","0","ielts-w2.sample;ielts-w3.sample","app/data/ielts.json#writing.ielts-w2;app/data/ielts.json#writing.ielts-w3","1正式情境请求信/1原创未评分参考；地图未接，缺半正式/个人场景、完整书信练习链及延迟鲜题。 1双边讨论+个人观点题/1原创未评分参考；适用两种essay准备，但不能覆盖所有题目命令、语体或混合题。","https://ielts.org/cdn/ielts-guides/ielts-writing-key-assessment-criteria.pdf :: Coherence and Cohesion · 组织与衔接 :: criterion;https://ielts.org/cdn/ielts-guides/ielts-writing-band-descriptors.pdf :: 完整描述；4–8短释仅导读 :: criterion;https://ielts.org/organisations/ielts-for-organisations/understanding-ielts-scoring :: 各task内四维等权；Task2两倍 :: rule"
"W-CC-GT","writing","general-training","official-criterion","guided","missing","ielts-plan.W-CC-GT.guided","","排句、修指代，再自己写段落。","可读/可播放的真实内容及理解或产出检查；仅存在规划文字不算学过。","1","workflows","0","0","unknown","0","","","本类别没有已核实的guided专门内容与证据。","https://ielts.org/cdn/ielts-guides/ielts-writing-key-assessment-criteria.pdf :: Coherence and Cohesion · 组织与衔接 :: criterion;https://ielts.org/cdn/ielts-guides/ielts-writing-band-descriptors.pdf :: 完整描述；4–8短释仅导读 :: criterion;https://ielts.org/organisations/ielts-for-organisations/understanding-ielts-scoring :: 各task内四维等权；Task2两倍 :: rule"
"W-CC-GT","writing","general-training","official-criterion","independent","partial","ielts-plan.W-CC-GT.independent","","新任务自行组织的整篇回答。 隐藏旧模型/词句提示；保留第一遍，AI改稿标辅助。","保留新材料与题号、首答、实际支持/用时条件及反馈来源；看到模型、重播或AI改写要标辅助。","1","prompts","2","unknown","unknown","0","ielts-w2;ielts-w3","app/data/ielts.json#writing.ielts-w2;app/data/ielts.json#writing.ielts-w3","1正式情境请求信/1原创未评分参考；地图未接，缺半正式/个人场景、完整书信练习链及延迟鲜题。 1双边讨论+个人观点题/1原创未评分参考；适用两种essay准备，但不能覆盖所有题目命令、语体或混合题。","https://ielts.org/cdn/ielts-guides/ielts-writing-key-assessment-criteria.pdf :: Coherence and Cohesion · 组织与衔接 :: criterion;https://ielts.org/cdn/ielts-guides/ielts-writing-band-descriptors.pdf :: 完整描述；4–8短释仅导读 :: criterion;https://ielts.org/organisations/ielts-for-organisations/understanding-ielts-scoring :: 各task内四维等权；Task2两倍 :: rule"
"W-CC-GT","writing","general-training","official-criterion","timed","partial","ielts-plan.W-CC-GT.timed","","在GT书信+essay的60分钟完整两任务中应用；20/40分钟只作分配建议，不是独立强制锁定。 新任务自行组织的整篇回答。 短训练预算属于教学安排。","保留新材料与题号、首答、实际支持/用时条件及反馈来源；看到模型、重播或AI改写要标辅助。","1","prompts","2","unknown","unknown","0","ielts-w2;ielts-w3","app/data/ielts.json#writing.ielts-w2;app/data/ielts.json#writing.ielts-w3","1正式情境请求信/1原创未评分参考；地图未接，缺半正式/个人场景、完整书信练习链及延迟鲜题。 1双边讨论+个人观点题/1原创未评分参考；适用两种essay准备，但不能覆盖所有题目命令、语体或混合题。","https://ielts.org/cdn/ielts-guides/ielts-writing-key-assessment-criteria.pdf :: Coherence and Cohesion · 组织与衔接 :: criterion;https://ielts.org/cdn/ielts-guides/ielts-writing-band-descriptors.pdf :: 完整描述；4–8短释仅导读 :: criterion;https://ielts.org/organisations/ielts-for-organisations/understanding-ielts-scoring :: 各task内四维等权；Task2两倍 :: rule"
"W-CC-GT","writing","general-training","official-criterion","feedback","partial","ielts-plan.W-CC-GT.feedback","","标一处逻辑或指代断裂，修关系而非装饰过渡词。 每个主张关联原稿文字及原题/图示；缺图不评价数据准确性。","human-text：原作答/原稿/录音的证据定位、具体原因、修订与新题重试；不把改稿覆盖原尝试。","1","workflows","1","unknown","unknown","0","ielts-w2;ielts-w3","app/data/ielts.json#writing.ielts-w2;app/data/ielts.json#writing.ielts-w3","1正式情境请求信/1原创未评分参考；地图未接，缺半正式/个人场景、完整书信练习链及延迟鲜题。 1双边讨论+个人观点题/1原创未评分参考；适用两种essay准备，但不能覆盖所有题目命令、语体或混合题。","https://ielts.org/cdn/ielts-guides/ielts-writing-key-assessment-criteria.pdf :: Coherence and Cohesion · 组织与衔接 :: criterion;https://ielts.org/cdn/ielts-guides/ielts-writing-band-descriptors.pdf :: 完整描述；4–8短释仅导读 :: criterion;https://ielts.org/organisations/ielts-for-organisations/understanding-ielts-scoring :: 各task内四维等权；Task2两倍 :: rule"
"W-CC-GT","writing","general-training","official-criterion","review","missing","ielts-plan.W-CC-GT.review","","课程安排延迟后新题/体裁里保持可追踪组织。 保存新题、支持情况及与原问题关联；未测过保持未验证。","延迟后换材料/话题的第一遍无提示产出；记录原问题是否再次出现。间隔是课程选择，未验证时保持“未验证”。","1","workflows","0","0","unknown","0","","","本类别没有已核实的review专门内容与证据。","https://ielts.org/cdn/ielts-guides/ielts-writing-key-assessment-criteria.pdf :: Coherence and Cohesion · 组织与衔接 :: criterion;https://ielts.org/cdn/ielts-guides/ielts-writing-band-descriptors.pdf :: 完整描述；4–8短释仅导读 :: criterion;https://ielts.org/organisations/ielts-for-organisations/understanding-ielts-scoring :: 各task内四维等权；Task2两倍 :: rule"
"W-LR-A","writing","academic","official-criterion","explain","partial","ielts-plan.W-LR-A.explain","writing-task-one;writing-task-two;writing-feedback","语义先行、自然搭配和不失真的改写。 用理解检查和小产出检查诊断。","可读/可播放的真实内容及理解或产出检查；仅存在规划文字不算学过。","1","explanations","1","unknown","unknown","0","ielts-w1;ielts-w3","app/data/ielts.json#writing.ielts-w1;app/data/ielts.json#writing.ielts-w3;app/data/ielts.json#facts: scoring","1静态表格/1原创未评分参考/草稿/自查；无带注解示范、逐步产出、真人评分或新题复验。计时可暂停重置。 1双边讨论+个人观点题/1原创未评分参考；适用两种essay准备，但不能覆盖所有题目命令、语体或混合题。 简短维度/换分说明，未有各维度的行为示范、评分演练或全面band导读。","https://ielts.org/cdn/ielts-guides/ielts-writing-key-assessment-criteria.pdf :: Lexical Resource · 词汇 :: criterion;https://ielts.org/cdn/ielts-guides/ielts-writing-band-descriptors.pdf :: 完整描述；4–8短释仅导读 :: criterion;https://ielts.org/organisations/ielts-for-organisations/understanding-ielts-scoring :: 各task内四维等权；Task2两倍 :: rule"
"W-LR-A","writing","academic","official-criterion","model","partial","ielts-plan.W-LR-A.model","writing-task-one;writing-task-two;writing-feedback","原创段落对照准确词与误导同义词，解释含义差别。","可读/可播放的真实内容及理解或产出检查；仅存在规划文字不算学过。","1","models","2","unknown","unknown","0","ielts-w1.sample;ielts-w3.sample","app/data/ielts.json#writing.ielts-w1;app/data/ielts.json#writing.ielts-w3","1静态表格/1原创未评分参考/草稿/自查；无带注解示范、逐步产出、真人评分或新题复验。计时可暂停重置。 1双边讨论+个人观点题/1原创未评分参考；适用两种essay准备，但不能覆盖所有题目命令、语体或混合题。","https://ielts.org/cdn/ielts-guides/ielts-writing-key-assessment-criteria.pdf :: Lexical Resource · 词汇 :: criterion;https://ielts.org/cdn/ielts-guides/ielts-writing-band-descriptors.pdf :: 完整描述；4–8短释仅导读 :: criterion;https://ielts.org/organisations/ielts-for-organisations/understanding-ielts-scoring :: 各task内四维等权；Task2两倍 :: rule"
"W-LR-A","writing","academic","official-criterion","guided","missing","ielts-plan.W-LR-A.guided","writing-task-one;writing-task-two;writing-feedback","先选择并解释用词，再在新句子实际使用。","可读/可播放的真实内容及理解或产出检查；仅存在规划文字不算学过。","1","workflows","0","0","unknown","0","","","本类别没有已核实的guided专门内容与证据。","https://ielts.org/cdn/ielts-guides/ielts-writing-key-assessment-criteria.pdf :: Lexical Resource · 词汇 :: criterion;https://ielts.org/cdn/ielts-guides/ielts-writing-band-descriptors.pdf :: 完整描述；4–8短释仅导读 :: criterion;https://ielts.org/organisations/ielts-for-organisations/understanding-ielts-scoring :: 各task内四维等权；Task2两倍 :: rule"
"W-LR-A","writing","academic","official-criterion","independent","partial","ielts-plan.W-LR-A.independent","writing-task-one;writing-task-two;writing-feedback","新任务不看词库的独立写作。 隐藏旧模型/词句提示；保留第一遍，AI改稿标辅助。","保留新材料与题号、首答、实际支持/用时条件及反馈来源；看到模型、重播或AI改写要标辅助。","1","prompts","2","unknown","unknown","0","ielts-w1;ielts-w3","app/data/ielts.json#writing.ielts-w1;app/data/ielts.json#writing.ielts-w3;map/learning.tsx#EvidenceForm","1静态表格/1原创未评分参考/草稿/自查；无带注解示范、逐步产出、真人评分或新题复验。计时可暂停重置。 1双边讨论+个人观点题/1原创未评分参考；适用两种essay准备，但不能覆盖所有题目命令、语体或混合题。 外部作答/评阅/复验自录表单，无法核验实际素材或评价；不是站内内容或真实学习效果。当前模考限定Academic。","https://ielts.org/cdn/ielts-guides/ielts-writing-key-assessment-criteria.pdf :: Lexical Resource · 词汇 :: criterion;https://ielts.org/cdn/ielts-guides/ielts-writing-band-descriptors.pdf :: 完整描述；4–8短释仅导读 :: criterion;https://ielts.org/organisations/ielts-for-organisations/understanding-ielts-scoring :: 各task内四维等权；Task2两倍 :: rule"
"W-LR-A","writing","academic","official-criterion","timed","partial","ielts-plan.W-LR-A.timed","writing-task-one;writing-task-two;writing-feedback","在Academic图示+essay的60分钟完整两任务中应用；20/40分钟只作分配建议，不是独立强制锁定。 新任务不看词库的独立写作。 短训练预算属于教学安排。","保留新材料与题号、首答、实际支持/用时条件及反馈来源；看到模型、重播或AI改写要标辅助。","1","prompts","2","unknown","unknown","0","ielts-w1;ielts-w3","app/data/ielts.json#writing.ielts-w1;app/data/ielts.json#writing.ielts-w3;map/learning.tsx#EvidenceForm","1静态表格/1原创未评分参考/草稿/自查；无带注解示范、逐步产出、真人评分或新题复验。计时可暂停重置。 1双边讨论+个人观点题/1原创未评分参考；适用两种essay准备，但不能覆盖所有题目命令、语体或混合题。 外部作答/评阅/复验自录表单，无法核验实际素材或评价；不是站内内容或真实学习效果。当前模考限定Academic。","https://ielts.org/cdn/ielts-guides/ielts-writing-key-assessment-criteria.pdf :: Lexical Resource · 词汇 :: criterion;https://ielts.org/cdn/ielts-guides/ielts-writing-band-descriptors.pdf :: 完整描述；4–8短释仅导读 :: criterion;https://ielts.org/organisations/ielts-for-organisations/understanding-ielts-scoring :: 各task内四维等权；Task2两倍 :: rule"
"W-LR-A","writing","academic","official-criterion","feedback","partial","ielts-plan.W-LR-A.feedback","writing-task-one;writing-task-two;writing-feedback","定位一个词汇模式，解释影响后局部修订。 每个主张关联原稿文字及原题/图示；缺图不评价数据准确性。","human-text：原作答/原稿/录音的证据定位、具体原因、修订与新题重试；不把改稿覆盖原尝试。","1","workflows","1","unknown","unknown","0","ielts-w1;ielts-w3","app/data/ielts.json#writing.ielts-w1;app/data/ielts.json#writing.ielts-w3;map/learning.tsx#EvidenceForm","1静态表格/1原创未评分参考/草稿/自查；无带注解示范、逐步产出、真人评分或新题复验。计时可暂停重置。 1双边讨论+个人观点题/1原创未评分参考；适用两种essay准备，但不能覆盖所有题目命令、语体或混合题。 外部作答/评阅/复验自录表单，无法核验实际素材或评价；不是站内内容或真实学习效果。当前模考限定Academic。","https://ielts.org/cdn/ielts-guides/ielts-writing-key-assessment-criteria.pdf :: Lexical Resource · 词汇 :: criterion;https://ielts.org/cdn/ielts-guides/ielts-writing-band-descriptors.pdf :: 完整描述；4–8短释仅导读 :: criterion;https://ielts.org/organisations/ielts-for-organisations/understanding-ielts-scoring :: 各task内四维等权；Task2两倍 :: rule"
"W-LR-A","writing","academic","official-criterion","review","partial","ielts-plan.W-LR-A.review","writing-task-one;writing-task-two;writing-feedback","课程安排延迟后新情境表达同功能，不背同一句。 保存新题、支持情况及与原问题关联；未测过保持未验证。","延迟后换材料/话题的第一遍无提示产出；记录原问题是否再次出现。间隔是课程选择，未验证时保持“未验证”。","1","workflows","0","0","unknown","0","","map/learning.tsx#EvidenceForm","外部作答/评阅/复验自录表单，无法核验实际素材或评价；不是站内内容或真实学习效果。当前模考限定Academic。","https://ielts.org/cdn/ielts-guides/ielts-writing-key-assessment-criteria.pdf :: Lexical Resource · 词汇 :: criterion;https://ielts.org/cdn/ielts-guides/ielts-writing-band-descriptors.pdf :: 完整描述；4–8短释仅导读 :: criterion;https://ielts.org/organisations/ielts-for-organisations/understanding-ielts-scoring :: 各task内四维等权；Task2两倍 :: rule"
"W-LR-GT","writing","general-training","official-criterion","explain","partial","ielts-plan.W-LR-GT.explain","","语义先行、自然搭配和不失真的改写。 用理解检查和小产出检查诊断。","可读/可播放的真实内容及理解或产出检查；仅存在规划文字不算学过。","1","explanations","1","unknown","unknown","0","ielts-w2;ielts-w3","app/data/ielts.json#writing.ielts-w2;app/data/ielts.json#writing.ielts-w3;app/data/ielts.json#facts: scoring","1正式情境请求信/1原创未评分参考；地图未接，缺半正式/个人场景、完整书信练习链及延迟鲜题。 1双边讨论+个人观点题/1原创未评分参考；适用两种essay准备，但不能覆盖所有题目命令、语体或混合题。 简短维度/换分说明，未有各维度的行为示范、评分演练或全面band导读。","https://ielts.org/cdn/ielts-guides/ielts-writing-key-assessment-criteria.pdf :: Lexical Resource · 词汇 :: criterion;https://ielts.org/cdn/ielts-guides/ielts-writing-band-descriptors.pdf :: 完整描述；4–8短释仅导读 :: criterion;https://ielts.org/organisations/ielts-for-organisations/understanding-ielts-scoring :: 各task内四维等权；Task2两倍 :: rule"
"W-LR-GT","writing","general-training","official-criterion","model","partial","ielts-plan.W-LR-GT.model","","原创段落对照准确词与误导同义词，解释含义差别。","可读/可播放的真实内容及理解或产出检查；仅存在规划文字不算学过。","1","models","2","unknown","unknown","0","ielts-w2.sample;ielts-w3.sample","app/data/ielts.json#writing.ielts-w2;app/data/ielts.json#writing.ielts-w3","1正式情境请求信/1原创未评分参考；地图未接，缺半正式/个人场景、完整书信练习链及延迟鲜题。 1双边讨论+个人观点题/1原创未评分参考；适用两种essay准备，但不能覆盖所有题目命令、语体或混合题。","https://ielts.org/cdn/ielts-guides/ielts-writing-key-assessment-criteria.pdf :: Lexical Resource · 词汇 :: criterion;https://ielts.org/cdn/ielts-guides/ielts-writing-band-descriptors.pdf :: 完整描述；4–8短释仅导读 :: criterion;https://ielts.org/organisations/ielts-for-organisations/understanding-ielts-scoring :: 各task内四维等权；Task2两倍 :: rule"
"W-LR-GT","writing","general-training","official-criterion","guided","missing","ielts-plan.W-LR-GT.guided","","先选择并解释用词，再在新句子实际使用。","可读/可播放的真实内容及理解或产出检查；仅存在规划文字不算学过。","1","workflows","0","0","unknown","0","","","本类别没有已核实的guided专门内容与证据。","https://ielts.org/cdn/ielts-guides/ielts-writing-key-assessment-criteria.pdf :: Lexical Resource · 词汇 :: criterion;https://ielts.org/cdn/ielts-guides/ielts-writing-band-descriptors.pdf :: 完整描述；4–8短释仅导读 :: criterion;https://ielts.org/organisations/ielts-for-organisations/understanding-ielts-scoring :: 各task内四维等权；Task2两倍 :: rule"
"W-LR-GT","writing","general-training","official-criterion","independent","partial","ielts-plan.W-LR-GT.independent","","新任务不看词库的独立写作。 隐藏旧模型/词句提示；保留第一遍，AI改稿标辅助。","保留新材料与题号、首答、实际支持/用时条件及反馈来源；看到模型、重播或AI改写要标辅助。","1","prompts","2","unknown","unknown","0","ielts-w2;ielts-w3","app/data/ielts.json#writing.ielts-w2;app/data/ielts.json#writing.ielts-w3","1正式情境请求信/1原创未评分参考；地图未接，缺半正式/个人场景、完整书信练习链及延迟鲜题。 1双边讨论+个人观点题/1原创未评分参考；适用两种essay准备，但不能覆盖所有题目命令、语体或混合题。","https://ielts.org/cdn/ielts-guides/ielts-writing-key-assessment-criteria.pdf :: Lexical Resource · 词汇 :: criterion;https://ielts.org/cdn/ielts-guides/ielts-writing-band-descriptors.pdf :: 完整描述；4–8短释仅导读 :: criterion;https://ielts.org/organisations/ielts-for-organisations/understanding-ielts-scoring :: 各task内四维等权；Task2两倍 :: rule"
"W-LR-GT","writing","general-training","official-criterion","timed","partial","ielts-plan.W-LR-GT.timed","","在GT书信+essay的60分钟完整两任务中应用；20/40分钟只作分配建议，不是独立强制锁定。 新任务不看词库的独立写作。 短训练预算属于教学安排。","保留新材料与题号、首答、实际支持/用时条件及反馈来源；看到模型、重播或AI改写要标辅助。","1","prompts","2","unknown","unknown","0","ielts-w2;ielts-w3","app/data/ielts.json#writing.ielts-w2;app/data/ielts.json#writing.ielts-w3","1正式情境请求信/1原创未评分参考；地图未接，缺半正式/个人场景、完整书信练习链及延迟鲜题。 1双边讨论+个人观点题/1原创未评分参考；适用两种essay准备，但不能覆盖所有题目命令、语体或混合题。","https://ielts.org/cdn/ielts-guides/ielts-writing-key-assessment-criteria.pdf :: Lexical Resource · 词汇 :: criterion;https://ielts.org/cdn/ielts-guides/ielts-writing-band-descriptors.pdf :: 完整描述；4–8短释仅导读 :: criterion;https://ielts.org/organisations/ielts-for-organisations/understanding-ielts-scoring :: 各task内四维等权；Task2两倍 :: rule"
"W-LR-GT","writing","general-training","official-criterion","feedback","partial","ielts-plan.W-LR-GT.feedback","","定位一个词汇模式，解释影响后局部修订。 每个主张关联原稿文字及原题/图示；缺图不评价数据准确性。","human-text：原作答/原稿/录音的证据定位、具体原因、修订与新题重试；不把改稿覆盖原尝试。","1","workflows","1","unknown","unknown","0","ielts-w2;ielts-w3","app/data/ielts.json#writing.ielts-w2;app/data/ielts.json#writing.ielts-w3","1正式情境请求信/1原创未评分参考；地图未接，缺半正式/个人场景、完整书信练习链及延迟鲜题。 1双边讨论+个人观点题/1原创未评分参考；适用两种essay准备，但不能覆盖所有题目命令、语体或混合题。","https://ielts.org/cdn/ielts-guides/ielts-writing-key-assessment-criteria.pdf :: Lexical Resource · 词汇 :: criterion;https://ielts.org/cdn/ielts-guides/ielts-writing-band-descriptors.pdf :: 完整描述；4–8短释仅导读 :: criterion;https://ielts.org/organisations/ielts-for-organisations/understanding-ielts-scoring :: 各task内四维等权；Task2两倍 :: rule"
"W-LR-GT","writing","general-training","official-criterion","review","missing","ielts-plan.W-LR-GT.review","","课程安排延迟后新情境表达同功能，不背同一句。 保存新题、支持情况及与原问题关联；未测过保持未验证。","延迟后换材料/话题的第一遍无提示产出；记录原问题是否再次出现。间隔是课程选择，未验证时保持“未验证”。","1","workflows","0","0","unknown","0","","","本类别没有已核实的review专门内容与证据。","https://ielts.org/cdn/ielts-guides/ielts-writing-key-assessment-criteria.pdf :: Lexical Resource · 词汇 :: criterion;https://ielts.org/cdn/ielts-guides/ielts-writing-band-descriptors.pdf :: 完整描述；4–8短释仅导读 :: criterion;https://ielts.org/organisations/ielts-for-organisations/understanding-ielts-scoring :: 各task内四维等权；Task2两倍 :: rule"
"W-GRA-A","writing","academic","official-criterion","explain","partial","ielts-plan.W-GRA-A.explain","writing-task-one;writing-task-two;writing-feedback","句界、一致、冠词、时态和按逻辑需要的从句。 用理解检查和小产出检查诊断。","可读/可播放的真实内容及理解或产出检查；仅存在规划文字不算学过。","1","explanations","1","unknown","unknown","0","ielts-w1;ielts-w3","app/data/ielts.json#writing.ielts-w1;app/data/ielts.json#writing.ielts-w3;app/data/ielts.json#facts: scoring","1静态表格/1原创未评分参考/草稿/自查；无带注解示范、逐步产出、真人评分或新题复验。计时可暂停重置。 1双边讨论+个人观点题/1原创未评分参考；适用两种essay准备，但不能覆盖所有题目命令、语体或混合题。 简短维度/换分说明，未有各维度的行为示范、评分演练或全面band导读。","https://ielts.org/cdn/ielts-guides/ielts-writing-key-assessment-criteria.pdf :: Grammatical Range and Accuracy · 语法 :: criterion;https://ielts.org/cdn/ielts-guides/ielts-writing-band-descriptors.pdf :: 完整描述；4–8短释仅导读 :: criterion;https://ielts.org/organisations/ielts-for-organisations/understanding-ielts-scoring :: 各task内四维等权；Task2两倍 :: rule"
"W-GRA-A","writing","academic","official-criterion","model","partial","ielts-plan.W-GRA-A.model","writing-task-one;writing-task-two;writing-feedback","同一关系的两种清楚写法，对照强凑复杂句。","可读/可播放的真实内容及理解或产出检查；仅存在规划文字不算学过。","1","models","2","unknown","unknown","0","ielts-w1.sample;ielts-w3.sample","app/data/ielts.json#writing.ielts-w1;app/data/ielts.json#writing.ielts-w3","1静态表格/1原创未评分参考/草稿/自查；无带注解示范、逐步产出、真人评分或新题复验。计时可暂停重置。 1双边讨论+个人观点题/1原创未评分参考；适用两种essay准备，但不能覆盖所有题目命令、语体或混合题。","https://ielts.org/cdn/ielts-guides/ielts-writing-key-assessment-criteria.pdf :: Grammatical Range and Accuracy · 语法 :: criterion;https://ielts.org/cdn/ielts-guides/ielts-writing-band-descriptors.pdf :: 完整描述；4–8短释仅导读 :: criterion;https://ielts.org/organisations/ielts-for-organisations/understanding-ielts-scoring :: 各task内四维等权；Task2两倍 :: rule"
"W-GRA-A","writing","academic","official-criterion","guided","missing","ielts-plan.W-GRA-A.guided","writing-task-one;writing-task-two;writing-feedback","针对性合句/改错，再写自己的新段落。","可读/可播放的真实内容及理解或产出检查；仅存在规划文字不算学过。","1","workflows","0","0","unknown","0","","","本类别没有已核实的guided专门内容与证据。","https://ielts.org/cdn/ielts-guides/ielts-writing-key-assessment-criteria.pdf :: Grammatical Range and Accuracy · 语法 :: criterion;https://ielts.org/cdn/ielts-guides/ielts-writing-band-descriptors.pdf :: 完整描述；4–8短释仅导读 :: criterion;https://ielts.org/organisations/ielts-for-organisations/understanding-ielts-scoring :: 各task内四维等权；Task2两倍 :: rule"
"W-GRA-A","writing","academic","official-criterion","independent","partial","ielts-plan.W-GRA-A.independent","writing-task-one;writing-task-two;writing-feedback","新任务以意思驱动选结构，保留原稿。 隐藏旧模型/词句提示；保留第一遍，AI改稿标辅助。","保留新材料与题号、首答、实际支持/用时条件及反馈来源；看到模型、重播或AI改写要标辅助。","1","prompts","2","unknown","unknown","0","ielts-w1;ielts-w3","app/data/ielts.json#writing.ielts-w1;app/data/ielts.json#writing.ielts-w3;map/learning.tsx#EvidenceForm","1静态表格/1原创未评分参考/草稿/自查；无带注解示范、逐步产出、真人评分或新题复验。计时可暂停重置。 1双边讨论+个人观点题/1原创未评分参考；适用两种essay准备，但不能覆盖所有题目命令、语体或混合题。 外部作答/评阅/复验自录表单，无法核验实际素材或评价；不是站内内容或真实学习效果。当前模考限定Academic。","https://ielts.org/cdn/ielts-guides/ielts-writing-key-assessment-criteria.pdf :: Grammatical Range and Accuracy · 语法 :: criterion;https://ielts.org/cdn/ielts-guides/ielts-writing-band-descriptors.pdf :: 完整描述；4–8短释仅导读 :: criterion;https://ielts.org/organisations/ielts-for-organisations/understanding-ielts-scoring :: 各task内四维等权；Task2两倍 :: rule"
"W-GRA-A","writing","academic","official-criterion","timed","partial","ielts-plan.W-GRA-A.timed","writing-task-one;writing-task-two;writing-feedback","在Academic图示+essay的60分钟完整两任务中应用；20/40分钟只作分配建议，不是独立强制锁定。 新任务以意思驱动选结构，保留原稿。 短训练预算属于教学安排。","保留新材料与题号、首答、实际支持/用时条件及反馈来源；看到模型、重播或AI改写要标辅助。","1","prompts","2","unknown","unknown","0","ielts-w1;ielts-w3","app/data/ielts.json#writing.ielts-w1;app/data/ielts.json#writing.ielts-w3;map/learning.tsx#EvidenceForm","1静态表格/1原创未评分参考/草稿/自查；无带注解示范、逐步产出、真人评分或新题复验。计时可暂停重置。 1双边讨论+个人观点题/1原创未评分参考；适用两种essay准备，但不能覆盖所有题目命令、语体或混合题。 外部作答/评阅/复验自录表单，无法核验实际素材或评价；不是站内内容或真实学习效果。当前模考限定Academic。","https://ielts.org/cdn/ielts-guides/ielts-writing-key-assessment-criteria.pdf :: Grammatical Range and Accuracy · 语法 :: criterion;https://ielts.org/cdn/ielts-guides/ielts-writing-band-descriptors.pdf :: 完整描述；4–8短释仅导读 :: criterion;https://ielts.org/organisations/ielts-for-organisations/understanding-ielts-scoring :: 各task内四维等权；Task2两倍 :: rule"
"W-GRA-A","writing","academic","official-criterion","feedback","partial","ielts-plan.W-GRA-A.feedback","writing-task-one;writing-task-two;writing-feedback","优先修反复且影响意思的错误，再独立新写。 每个主张关联原稿文字及原题/图示；缺图不评价数据准确性。","human-text：原作答/原稿/录音的证据定位、具体原因、修订与新题重试；不把改稿覆盖原尝试。","1","workflows","1","unknown","unknown","0","ielts-w1;ielts-w3","app/data/ielts.json#writing.ielts-w1;app/data/ielts.json#writing.ielts-w3;map/learning.tsx#EvidenceForm","1静态表格/1原创未评分参考/草稿/自查；无带注解示范、逐步产出、真人评分或新题复验。计时可暂停重置。 1双边讨论+个人观点题/1原创未评分参考；适用两种essay准备，但不能覆盖所有题目命令、语体或混合题。 外部作答/评阅/复验自录表单，无法核验实际素材或评价；不是站内内容或真实学习效果。当前模考限定Academic。","https://ielts.org/cdn/ielts-guides/ielts-writing-key-assessment-criteria.pdf :: Grammatical Range and Accuracy · 语法 :: criterion;https://ielts.org/cdn/ielts-guides/ielts-writing-band-descriptors.pdf :: 完整描述；4–8短释仅导读 :: criterion;https://ielts.org/organisations/ielts-for-organisations/understanding-ielts-scoring :: 各task内四维等权；Task2两倍 :: rule"
"W-GRA-A","writing","academic","official-criterion","review","partial","ielts-plan.W-GRA-A.review","writing-task-one;writing-task-two;writing-feedback","课程安排延迟后新主题与改变的时间/关系需求。 保存新题、支持情况及与原问题关联；未测过保持未验证。","延迟后换材料/话题的第一遍无提示产出；记录原问题是否再次出现。间隔是课程选择，未验证时保持“未验证”。","1","workflows","0","0","unknown","0","","map/learning.tsx#EvidenceForm","外部作答/评阅/复验自录表单，无法核验实际素材或评价；不是站内内容或真实学习效果。当前模考限定Academic。","https://ielts.org/cdn/ielts-guides/ielts-writing-key-assessment-criteria.pdf :: Grammatical Range and Accuracy · 语法 :: criterion;https://ielts.org/cdn/ielts-guides/ielts-writing-band-descriptors.pdf :: 完整描述；4–8短释仅导读 :: criterion;https://ielts.org/organisations/ielts-for-organisations/understanding-ielts-scoring :: 各task内四维等权；Task2两倍 :: rule"
"W-GRA-GT","writing","general-training","official-criterion","explain","partial","ielts-plan.W-GRA-GT.explain","","句界、一致、冠词、时态和按逻辑需要的从句。 用理解检查和小产出检查诊断。","可读/可播放的真实内容及理解或产出检查；仅存在规划文字不算学过。","1","explanations","1","unknown","unknown","0","ielts-w2;ielts-w3","app/data/ielts.json#writing.ielts-w2;app/data/ielts.json#writing.ielts-w3;app/data/ielts.json#facts: scoring","1正式情境请求信/1原创未评分参考；地图未接，缺半正式/个人场景、完整书信练习链及延迟鲜题。 1双边讨论+个人观点题/1原创未评分参考；适用两种essay准备，但不能覆盖所有题目命令、语体或混合题。 简短维度/换分说明，未有各维度的行为示范、评分演练或全面band导读。","https://ielts.org/cdn/ielts-guides/ielts-writing-key-assessment-criteria.pdf :: Grammatical Range and Accuracy · 语法 :: criterion;https://ielts.org/cdn/ielts-guides/ielts-writing-band-descriptors.pdf :: 完整描述；4–8短释仅导读 :: criterion;https://ielts.org/organisations/ielts-for-organisations/understanding-ielts-scoring :: 各task内四维等权；Task2两倍 :: rule"
"W-GRA-GT","writing","general-training","official-criterion","model","partial","ielts-plan.W-GRA-GT.model","","同一关系的两种清楚写法，对照强凑复杂句。","可读/可播放的真实内容及理解或产出检查；仅存在规划文字不算学过。","1","models","2","unknown","unknown","0","ielts-w2.sample;ielts-w3.sample","app/data/ielts.json#writing.ielts-w2;app/data/ielts.json#writing.ielts-w3","1正式情境请求信/1原创未评分参考；地图未接，缺半正式/个人场景、完整书信练习链及延迟鲜题。 1双边讨论+个人观点题/1原创未评分参考；适用两种essay准备，但不能覆盖所有题目命令、语体或混合题。","https://ielts.org/cdn/ielts-guides/ielts-writing-key-assessment-criteria.pdf :: Grammatical Range and Accuracy · 语法 :: criterion;https://ielts.org/cdn/ielts-guides/ielts-writing-band-descriptors.pdf :: 完整描述；4–8短释仅导读 :: criterion;https://ielts.org/organisations/ielts-for-organisations/understanding-ielts-scoring :: 各task内四维等权；Task2两倍 :: rule"
"W-GRA-GT","writing","general-training","official-criterion","guided","missing","ielts-plan.W-GRA-GT.guided","","针对性合句/改错，再写自己的新段落。","可读/可播放的真实内容及理解或产出检查；仅存在规划文字不算学过。","1","workflows","0","0","unknown","0","","","本类别没有已核实的guided专门内容与证据。","https://ielts.org/cdn/ielts-guides/ielts-writing-key-assessment-criteria.pdf :: Grammatical Range and Accuracy · 语法 :: criterion;https://ielts.org/cdn/ielts-guides/ielts-writing-band-descriptors.pdf :: 完整描述；4–8短释仅导读 :: criterion;https://ielts.org/organisations/ielts-for-organisations/understanding-ielts-scoring :: 各task内四维等权；Task2两倍 :: rule"
"W-GRA-GT","writing","general-training","official-criterion","independent","partial","ielts-plan.W-GRA-GT.independent","","新任务以意思驱动选结构，保留原稿。 隐藏旧模型/词句提示；保留第一遍，AI改稿标辅助。","保留新材料与题号、首答、实际支持/用时条件及反馈来源；看到模型、重播或AI改写要标辅助。","1","prompts","2","unknown","unknown","0","ielts-w2;ielts-w3","app/data/ielts.json#writing.ielts-w2;app/data/ielts.json#writing.ielts-w3","1正式情境请求信/1原创未评分参考；地图未接，缺半正式/个人场景、完整书信练习链及延迟鲜题。 1双边讨论+个人观点题/1原创未评分参考；适用两种essay准备，但不能覆盖所有题目命令、语体或混合题。","https://ielts.org/cdn/ielts-guides/ielts-writing-key-assessment-criteria.pdf :: Grammatical Range and Accuracy · 语法 :: criterion;https://ielts.org/cdn/ielts-guides/ielts-writing-band-descriptors.pdf :: 完整描述；4–8短释仅导读 :: criterion;https://ielts.org/organisations/ielts-for-organisations/understanding-ielts-scoring :: 各task内四维等权；Task2两倍 :: rule"
"W-GRA-GT","writing","general-training","official-criterion","timed","partial","ielts-plan.W-GRA-GT.timed","","在GT书信+essay的60分钟完整两任务中应用；20/40分钟只作分配建议，不是独立强制锁定。 新任务以意思驱动选结构，保留原稿。 短训练预算属于教学安排。","保留新材料与题号、首答、实际支持/用时条件及反馈来源；看到模型、重播或AI改写要标辅助。","1","prompts","2","unknown","unknown","0","ielts-w2;ielts-w3","app/data/ielts.json#writing.ielts-w2;app/data/ielts.json#writing.ielts-w3","1正式情境请求信/1原创未评分参考；地图未接，缺半正式/个人场景、完整书信练习链及延迟鲜题。 1双边讨论+个人观点题/1原创未评分参考；适用两种essay准备，但不能覆盖所有题目命令、语体或混合题。","https://ielts.org/cdn/ielts-guides/ielts-writing-key-assessment-criteria.pdf :: Grammatical Range and Accuracy · 语法 :: criterion;https://ielts.org/cdn/ielts-guides/ielts-writing-band-descriptors.pdf :: 完整描述；4–8短释仅导读 :: criterion;https://ielts.org/organisations/ielts-for-organisations/understanding-ielts-scoring :: 各task内四维等权；Task2两倍 :: rule"
"W-GRA-GT","writing","general-training","official-criterion","feedback","partial","ielts-plan.W-GRA-GT.feedback","","优先修反复且影响意思的错误，再独立新写。 每个主张关联原稿文字及原题/图示；缺图不评价数据准确性。","human-text：原作答/原稿/录音的证据定位、具体原因、修订与新题重试；不把改稿覆盖原尝试。","1","workflows","1","unknown","unknown","0","ielts-w2;ielts-w3","app/data/ielts.json#writing.ielts-w2;app/data/ielts.json#writing.ielts-w3","1正式情境请求信/1原创未评分参考；地图未接，缺半正式/个人场景、完整书信练习链及延迟鲜题。 1双边讨论+个人观点题/1原创未评分参考；适用两种essay准备，但不能覆盖所有题目命令、语体或混合题。","https://ielts.org/cdn/ielts-guides/ielts-writing-key-assessment-criteria.pdf :: Grammatical Range and Accuracy · 语法 :: criterion;https://ielts.org/cdn/ielts-guides/ielts-writing-band-descriptors.pdf :: 完整描述；4–8短释仅导读 :: criterion;https://ielts.org/organisations/ielts-for-organisations/understanding-ielts-scoring :: 各task内四维等权；Task2两倍 :: rule"
"W-GRA-GT","writing","general-training","official-criterion","review","missing","ielts-plan.W-GRA-GT.review","","课程安排延迟后新主题与改变的时间/关系需求。 保存新题、支持情况及与原问题关联；未测过保持未验证。","延迟后换材料/话题的第一遍无提示产出；记录原问题是否再次出现。间隔是课程选择，未验证时保持“未验证”。","1","workflows","0","0","unknown","0","","","本类别没有已核实的review专门内容与证据。","https://ielts.org/cdn/ielts-guides/ielts-writing-key-assessment-criteria.pdf :: Grammatical Range and Accuracy · 语法 :: criterion;https://ielts.org/cdn/ielts-guides/ielts-writing-band-descriptors.pdf :: 完整描述；4–8短释仅导读 :: criterion;https://ielts.org/organisations/ielts-for-organisations/understanding-ielts-scoring :: 各task内四维等权；Task2两倍 :: rule"
"WA-LINE","writing","academic","product-teaching-tag","explain","missing","ielts-plan.WA-LINE.explain","writing-task-one","总体与区间、水平与变化量、时间对应时态。 用理解检查和小产出检查诊断。","可读/可播放的真实内容及理解或产出检查；仅存在规划文字不算学过。","1","explanations","0","0","unknown","0","","","本类别没有已核实的explain专门内容与证据。","https://ielts.idp.com/prepare/article-ielts-academic-writing-task-1-how-to-analyse-graphs :: 线图 :: teaching-context;https://ielts.org/take-a-test/test-types/ielts-academic-test/ielts-academic-format-writing :: 实际任务与评分边界 :: rule"
"WA-LINE","writing","academic","product-teaching-tag","model","missing","ielts-plan.WA-LINE.model","writing-task-one","原创多条线，追踪变化并解释为何选这些比较。","可读/可播放的真实内容及理解或产出检查；仅存在规划文字不算学过。","1","models","0","0","unknown","0","","","本类别没有已核实的model专门内容与证据。","https://ielts.idp.com/prepare/article-ielts-academic-writing-task-1-how-to-analyse-graphs :: 线图 :: teaching-context;https://ielts.org/take-a-test/test-types/ielts-academic-test/ielts-academic-format-writing :: 实际任务与评分边界 :: rule"
"WA-LINE","writing","academic","product-teaching-tag","guided","missing","ielts-plan.WA-LINE.guided","writing-task-one","先选3–4条有用观察再组文。","可读/可播放的真实内容及理解或产出检查；仅存在规划文字不算学过。","1","workflows","0","0","unknown","0","","","本类别没有已核实的guided专门内容与证据。","https://ielts.idp.com/prepare/article-ielts-academic-writing-task-1-how-to-analyse-graphs :: 线图 :: teaching-context;https://ielts.org/take-a-test/test-types/ielts-academic-test/ielts-academic-format-writing :: 实际任务与评分边界 :: rule"
"WA-LINE","writing","academic","product-teaching-tag","independent","missing","ielts-plan.WA-LINE.independent","writing-task-one","新单位/尺度且有波动的线图。 隐藏旧模型/词句提示；保留第一遍，AI改稿标辅助。","保留新材料与题号、首答、实际支持/用时条件及反馈来源；看到模型、重播或AI改写要标辅助。","1","prompts","0","0","unknown","0","","","本类别没有已核实的independent专门内容与证据。","https://ielts.idp.com/prepare/article-ielts-academic-writing-task-1-how-to-analyse-graphs :: 线图 :: teaching-context;https://ielts.org/take-a-test/test-types/ielts-academic-test/ielts-academic-format-writing :: 实际任务与评分边界 :: rule"
"WA-LINE","writing","academic","product-teaching-tag","timed","missing","ielts-plan.WA-LINE.timed","writing-task-one","至少150词，约20分钟Task1训练，然后合并两任务60分钟；分配时间只是建议。 新单位/尺度且有波动的线图。 短训练预算属于教学安排。","保留新材料与题号、首答、实际支持/用时条件及反馈来源；看到模型、重播或AI改写要标辅助。","1","prompts","0","0","unknown","0","","","本类别没有已核实的timed专门内容与证据。","https://ielts.idp.com/prepare/article-ielts-academic-writing-task-1-how-to-analyse-graphs :: 线图 :: teaching-context;https://ielts.org/take-a-test/test-types/ielts-academic-test/ielts-academic-format-writing :: 实际任务与评分边界 :: rule"
"WA-LINE","writing","academic","product-teaching-tag","feedback","missing","ielts-plan.WA-LINE.feedback","writing-task-one","核对最终值与变化量，不编趋势。 每个主张关联原稿文字及原题/图示；缺图不评价数据准确性。","human-text：原作答/原稿/录音的证据定位、具体原因、修订与新题重试；不把改稿覆盖原尝试。","1","workflows","0","0","unknown","0","","","本类别没有已核实的feedback专门内容与证据。","https://ielts.idp.com/prepare/article-ielts-academic-writing-task-1-how-to-analyse-graphs :: 线图 :: teaching-context;https://ielts.org/take-a-test/test-types/ielts-academic-test/ielts-academic-format-writing :: 实际任务与评分边界 :: rule"
"WA-LINE","writing","academic","product-teaching-tag","review","missing","ielts-plan.WA-LINE.review","writing-task-one","课程安排延迟后时间序列改成别的图型。 保存新题、支持情况及与原问题关联；未测过保持未验证。","延迟后换材料/话题的第一遍无提示产出；记录原问题是否再次出现。间隔是课程选择，未验证时保持“未验证”。","1","workflows","0","0","unknown","0","","","本类别没有已核实的review专门内容与证据。","https://ielts.idp.com/prepare/article-ielts-academic-writing-task-1-how-to-analyse-graphs :: 线图 :: teaching-context;https://ielts.org/take-a-test/test-types/ielts-academic-test/ielts-academic-format-writing :: 实际任务与评分边界 :: rule"
"WA-BAR","writing","academic","product-teaching-tag","explain","missing","ielts-plan.WA-BAR.explain","writing-task-one","共同分母、排名、类别分组与时间维度。 用理解检查和小产出检查诊断。","可读/可播放的真实内容及理解或产出检查；仅存在规划文字不算学过。","1","explanations","0","0","unknown","0","","","本类别没有已核实的explain专门内容与证据。","https://ielts.idp.com/prepare/article-ielts-academic-writing-task-1-how-to-analyse-graphs :: 柱图 :: teaching-context;https://ielts.org/take-a-test/test-types/ielts-academic-test/ielts-academic-format-writing :: 实际任务与评分边界 :: rule"
"WA-BAR","writing","academic","product-teaching-tag","model","missing","ielts-plan.WA-BAR.model","writing-task-one","原创静态柱图与按年份柱图对照。","可读/可播放的真实内容及理解或产出检查；仅存在规划文字不算学过。","1","models","0","0","unknown","0","","","本类别没有已核实的model专门内容与证据。","https://ielts.idp.com/prepare/article-ielts-academic-writing-task-1-how-to-analyse-graphs :: 柱图 :: teaching-context;https://ielts.org/take-a-test/test-types/ielts-academic-test/ielts-academic-format-writing :: 实际任务与评分边界 :: rule"
"WA-BAR","writing","academic","product-teaching-tag","guided","missing","ielts-plan.WA-BAR.guided","writing-task-one","按意义分组，再完成比较段。","可读/可播放的真实内容及理解或产出检查；仅存在规划文字不算学过。","1","workflows","0","0","unknown","0","","","本类别没有已核实的guided专门内容与证据。","https://ielts.idp.com/prepare/article-ielts-academic-writing-task-1-how-to-analyse-graphs :: 柱图 :: teaching-context;https://ielts.org/take-a-test/test-types/ielts-academic-test/ielts-academic-format-writing :: 实际任务与评分边界 :: rule"
"WA-BAR","writing","academic","product-teaching-tag","independent","missing","ielts-plan.WA-BAR.independent","writing-task-one","新分组或重复年份图。 隐藏旧模型/词句提示；保留第一遍，AI改稿标辅助。","保留新材料与题号、首答、实际支持/用时条件及反馈来源；看到模型、重播或AI改写要标辅助。","1","prompts","0","0","unknown","0","","","本类别没有已核实的independent专门内容与证据。","https://ielts.idp.com/prepare/article-ielts-academic-writing-task-1-how-to-analyse-graphs :: 柱图 :: teaching-context;https://ielts.org/take-a-test/test-types/ielts-academic-test/ielts-academic-format-writing :: 实际任务与评分边界 :: rule"
"WA-BAR","writing","academic","product-teaching-tag","timed","missing","ielts-plan.WA-BAR.timed","writing-task-one","至少150词，约20分钟Task1训练，然后合并两任务60分钟；分配时间只是建议。 新分组或重复年份图。 短训练预算属于教学安排。","保留新材料与题号、首答、实际支持/用时条件及反馈来源；看到模型、重播或AI改写要标辅助。","1","prompts","0","0","unknown","0","","","本类别没有已核实的timed专门内容与证据。","https://ielts.idp.com/prepare/article-ielts-academic-writing-task-1-how-to-analyse-graphs :: 柱图 :: teaching-context;https://ielts.org/take-a-test/test-types/ielts-academic-test/ielts-academic-format-writing :: 实际任务与评分边界 :: rule"
"WA-BAR","writing","academic","product-teaching-tag","feedback","missing","ielts-plan.WA-BAR.feedback","writing-task-one","核对排名和比较对象。 每个主张关联原稿文字及原题/图示；缺图不评价数据准确性。","human-text：原作答/原稿/录音的证据定位、具体原因、修订与新题重试；不把改稿覆盖原尝试。","1","workflows","0","0","unknown","0","","","本类别没有已核实的feedback专门内容与证据。","https://ielts.idp.com/prepare/article-ielts-academic-writing-task-1-how-to-analyse-graphs :: 柱图 :: teaching-context;https://ielts.org/take-a-test/test-types/ielts-academic-test/ielts-academic-format-writing :: 实际任务与评分边界 :: rule"
"WA-BAR","writing","academic","product-teaching-tag","review","missing","ielts-plan.WA-BAR.review","writing-task-one","课程安排延迟后静态与动态互换。 保存新题、支持情况及与原问题关联；未测过保持未验证。","延迟后换材料/话题的第一遍无提示产出；记录原问题是否再次出现。间隔是课程选择，未验证时保持“未验证”。","1","workflows","0","0","unknown","0","","","本类别没有已核实的review专门内容与证据。","https://ielts.idp.com/prepare/article-ielts-academic-writing-task-1-how-to-analyse-graphs :: 柱图 :: teaching-context;https://ielts.org/take-a-test/test-types/ielts-academic-test/ielts-academic-format-writing :: 实际任务与评分边界 :: rule"
"WA-PIE","writing","academic","product-teaching-tag","explain","missing","ielts-plan.WA-PIE.explain","writing-task-one","整体、分母、比例与百分点。 用理解检查和小产出检查诊断。","可读/可播放的真实内容及理解或产出检查；仅存在规划文字不算学过。","1","explanations","0","0","unknown","0","","","本类别没有已核实的explain专门内容与证据。","https://ielts.idp.com/prepare/article-ielts-academic-writing-task-1-how-to-analyse-graphs :: 饼图 :: teaching-context;https://ielts.org/take-a-test/test-types/ielts-academic-test/ielts-academic-format-writing :: 实际任务与评分边界 :: rule"
"WA-PIE","writing","academic","product-teaching-tag","model","missing","ielts-plan.WA-PIE.model","writing-task-one","原创两个总量不同的饼图说明不能从份额直接比人数。","可读/可播放的真实内容及理解或产出检查；仅存在规划文字不算学过。","1","models","0","0","unknown","0","","","本类别没有已核实的model专门内容与证据。","https://ielts.idp.com/prepare/article-ielts-academic-writing-task-1-how-to-analyse-graphs :: 饼图 :: teaching-context;https://ielts.org/take-a-test/test-types/ielts-academic-test/ielts-academic-format-writing :: 实际任务与评分边界 :: rule"
"WA-PIE","writing","academic","product-teaching-tag","guided","missing","ielts-plan.WA-PIE.guided","writing-task-one","排比例、写概括，再核对分母。","可读/可播放的真实内容及理解或产出检查；仅存在规划文字不算学过。","1","workflows","0","0","unknown","0","","","本类别没有已核实的guided专门内容与证据。","https://ielts.idp.com/prepare/article-ielts-academic-writing-task-1-how-to-analyse-graphs :: 饼图 :: teaching-context;https://ielts.org/take-a-test/test-types/ielts-academic-test/ielts-academic-format-writing :: 实际任务与评分边界 :: rule"
"WA-PIE","writing","academic","product-teaching-tag","independent","missing","ielts-plan.WA-PIE.independent","writing-task-one","新年份/群体/总量图。 隐藏旧模型/词句提示；保留第一遍，AI改稿标辅助。","保留新材料与题号、首答、实际支持/用时条件及反馈来源；看到模型、重播或AI改写要标辅助。","1","prompts","0","0","unknown","0","","","本类别没有已核实的independent专门内容与证据。","https://ielts.idp.com/prepare/article-ielts-academic-writing-task-1-how-to-analyse-graphs :: 饼图 :: teaching-context;https://ielts.org/take-a-test/test-types/ielts-academic-test/ielts-academic-format-writing :: 实际任务与评分边界 :: rule"
"WA-PIE","writing","academic","product-teaching-tag","timed","missing","ielts-plan.WA-PIE.timed","writing-task-one","至少150词，约20分钟Task1训练，然后合并两任务60分钟；分配时间只是建议。 新年份/群体/总量图。 短训练预算属于教学安排。","保留新材料与题号、首答、实际支持/用时条件及反馈来源；看到模型、重播或AI改写要标辅助。","1","prompts","0","0","unknown","0","","","本类别没有已核实的timed专门内容与证据。","https://ielts.idp.com/prepare/article-ielts-academic-writing-task-1-how-to-analyse-graphs :: 饼图 :: teaching-context;https://ielts.org/take-a-test/test-types/ielts-academic-test/ielts-academic-format-writing :: 实际任务与评分边界 :: rule"
"WA-PIE","writing","academic","product-teaching-tag","feedback","missing","ielts-plan.WA-PIE.feedback","writing-task-one","指出不合法的比例推论。 每个主张关联原稿文字及原题/图示；缺图不评价数据准确性。","human-text：原作答/原稿/录音的证据定位、具体原因、修订与新题重试；不把改稿覆盖原尝试。","1","workflows","0","0","unknown","0","","","本类别没有已核实的feedback专门内容与证据。","https://ielts.idp.com/prepare/article-ielts-academic-writing-task-1-how-to-analyse-graphs :: 饼图 :: teaching-context;https://ielts.org/take-a-test/test-types/ielts-academic-test/ielts-academic-format-writing :: 实际任务与评分边界 :: rule"
"WA-PIE","writing","academic","product-teaching-tag","review","missing","ielts-plan.WA-PIE.review","writing-task-one","课程安排延迟后换总量与新分布。 保存新题、支持情况及与原问题关联；未测过保持未验证。","延迟后换材料/话题的第一遍无提示产出；记录原问题是否再次出现。间隔是课程选择，未验证时保持“未验证”。","1","workflows","0","0","unknown","0","","","本类别没有已核实的review专门内容与证据。","https://ielts.idp.com/prepare/article-ielts-academic-writing-task-1-how-to-analyse-graphs :: 饼图 :: teaching-context;https://ielts.org/take-a-test/test-types/ielts-academic-test/ielts-academic-format-writing :: 实际任务与评分边界 :: rule"
"WA-TABLE","writing","academic","product-teaching-tag","explain","partial","ielts-plan.WA-TABLE.explain","writing-task-one","行/列/单位、极值、分组与选择性概括。 用理解检查和小产出检查诊断。","可读/可播放的真实内容及理解或产出检查；仅存在规划文字不算学过。","1","explanations","1","unknown","unknown","0","ielts-w1","app/data/ielts.json#writing.ielts-w1","1静态表格/1原创未评分参考/草稿/自查；无带注解示范、逐步产出、真人评分或新题复验。计时可暂停重置。","https://ielts.idp.com/prepare/article-ielts-academic-writing-task-1-how-to-analyse-graphs :: 表格 :: teaching-context;https://ielts.org/take-a-test/test-types/ielts-academic-test/ielts-academic-format-writing :: 实际任务与评分边界 :: rule"
"WA-TABLE","writing","academic","product-teaching-tag","model","partial","ielts-plan.WA-TABLE.model","writing-task-one","原创表格高亮少量证据并解释选取。","可读/可播放的真实内容及理解或产出检查；仅存在规划文字不算学过。","1","models","1","unknown","unknown","0","ielts-w1.sample","app/data/ielts.json#writing.ielts-w1","1静态表格/1原创未评分参考/草稿/自查；无带注解示范、逐步产出、真人评分或新题复验。计时可暂停重置。","https://ielts.idp.com/prepare/article-ielts-academic-writing-task-1-how-to-analyse-graphs :: 表格 :: teaching-context;https://ielts.org/take-a-test/test-types/ielts-academic-test/ielts-academic-format-writing :: 实际任务与评分边界 :: rule"
"WA-TABLE","writing","academic","product-teaching-tag","guided","missing","ielts-plan.WA-TABLE.guided","writing-task-one","分组行列、形成概括和一个比较。","可读/可播放的真实内容及理解或产出检查；仅存在规划文字不算学过。","1","workflows","0","0","unknown","0","","","本类别没有已核实的guided专门内容与证据。","https://ielts.idp.com/prepare/article-ielts-academic-writing-task-1-how-to-analyse-graphs :: 表格 :: teaching-context;https://ielts.org/take-a-test/test-types/ielts-academic-test/ielts-academic-format-writing :: 实际任务与评分边界 :: rule"
"WA-TABLE","writing","academic","product-teaching-tag","independent","partial","ielts-plan.WA-TABLE.independent","writing-task-one","新表格，含不同单位或缺失标注。 隐藏旧模型/词句提示；保留第一遍，AI改稿标辅助。","保留新材料与题号、首答、实际支持/用时条件及反馈来源；看到模型、重播或AI改写要标辅助。","1","prompts","1","unknown","unknown","0","ielts-w1","app/data/ielts.json#writing.ielts-w1","1静态表格/1原创未评分参考/草稿/自查；无带注解示范、逐步产出、真人评分或新题复验。计时可暂停重置。","https://ielts.idp.com/prepare/article-ielts-academic-writing-task-1-how-to-analyse-graphs :: 表格 :: teaching-context;https://ielts.org/take-a-test/test-types/ielts-academic-test/ielts-academic-format-writing :: 实际任务与评分边界 :: rule"
"WA-TABLE","writing","academic","product-teaching-tag","timed","partial","ielts-plan.WA-TABLE.timed","writing-task-one","至少150词，约20分钟Task1训练，然后合并两任务60分钟；分配时间只是建议。 新表格，含不同单位或缺失标注。 短训练预算属于教学安排。","保留新材料与题号、首答、实际支持/用时条件及反馈来源；看到模型、重播或AI改写要标辅助。","1","prompts","1","unknown","unknown","0","ielts-w1","app/data/ielts.json#writing.ielts-w1","1静态表格/1原创未评分参考/草稿/自查；无带注解示范、逐步产出、真人评分或新题复验。计时可暂停重置。","https://ielts.idp.com/prepare/article-ielts-academic-writing-task-1-how-to-analyse-graphs :: 表格 :: teaching-context;https://ielts.org/take-a-test/test-types/ielts-academic-test/ielts-academic-format-writing :: 实际任务与评分边界 :: rule"
"WA-TABLE","writing","academic","product-teaching-tag","feedback","partial","ielts-plan.WA-TABLE.feedback","writing-task-one","每个数值/比较回到对应单元格。 每个主张关联原稿文字及原题/图示；缺图不评价数据准确性。","human-text：原作答/原稿/录音的证据定位、具体原因、修订与新题重试；不把改稿覆盖原尝试。","1","workflows","1","unknown","unknown","0","ielts-w1","app/data/ielts.json#writing.ielts-w1","1静态表格/1原创未评分参考/草稿/自查；无带注解示范、逐步产出、真人评分或新题复验。计时可暂停重置。","https://ielts.idp.com/prepare/article-ielts-academic-writing-task-1-how-to-analyse-graphs :: 表格 :: teaching-context;https://ielts.org/take-a-test/test-types/ielts-academic-test/ielts-academic-format-writing :: 实际任务与评分边界 :: rule"
"WA-TABLE","writing","academic","product-teaching-tag","review","missing","ielts-plan.WA-TABLE.review","writing-task-one","课程安排延迟后更宽的表格或改变单位。 保存新题、支持情况及与原问题关联；未测过保持未验证。","延迟后换材料/话题的第一遍无提示产出；记录原问题是否再次出现。间隔是课程选择，未验证时保持“未验证”。","1","workflows","0","0","unknown","0","","","本类别没有已核实的review专门内容与证据。","https://ielts.idp.com/prepare/article-ielts-academic-writing-task-1-how-to-analyse-graphs :: 表格 :: teaching-context;https://ielts.org/take-a-test/test-types/ielts-academic-test/ielts-academic-format-writing :: 实际任务与评分边界 :: rule"
"WA-MIXED","writing","academic","product-teaching-tag","explain","missing","ielts-plan.WA-MIXED.explain","writing-task-one","跨视觉证据和合法比较。 用理解检查和小产出检查诊断。","可读/可播放的真实内容及理解或产出检查；仅存在规划文字不算学过。","1","explanations","0","0","unknown","0","","","本类别没有已核实的explain专门内容与证据。","https://ielts.idp.com/prepare/article-ielts-academic-writing-task-1-how-to-analyse-graphs :: 组合视觉 :: teaching-context;https://ielts.org/take-a-test/test-types/ielts-academic-test/ielts-academic-format-writing :: 实际任务与评分边界 :: rule"
"WA-MIXED","writing","academic","product-teaching-tag","model","missing","ielts-plan.WA-MIXED.model","writing-task-one","原创组合图建立关系图，指出无法比较的单位。","可读/可播放的真实内容及理解或产出检查；仅存在规划文字不算学过。","1","models","0","0","unknown","0","","","本类别没有已核实的model专门内容与证据。","https://ielts.idp.com/prepare/article-ielts-academic-writing-task-1-how-to-analyse-graphs :: 组合视觉 :: teaching-context;https://ielts.org/take-a-test/test-types/ielts-academic-test/ielts-academic-format-writing :: 实际任务与评分边界 :: rule"
"WA-MIXED","writing","academic","product-teaching-tag","guided","missing","ielts-plan.WA-MIXED.guided","writing-task-one","配对观察后组成综合概括。","可读/可播放的真实内容及理解或产出检查；仅存在规划文字不算学过。","1","workflows","0","0","unknown","0","","","本类别没有已核实的guided专门内容与证据。","https://ielts.idp.com/prepare/article-ielts-academic-writing-task-1-how-to-analyse-graphs :: 组合视觉 :: teaching-context;https://ielts.org/take-a-test/test-types/ielts-academic-test/ielts-academic-format-writing :: 实际任务与评分边界 :: rule"
"WA-MIXED","writing","academic","product-teaching-tag","independent","missing","ielts-plan.WA-MIXED.independent","writing-task-one","新视觉对，关系不明显。 隐藏旧模型/词句提示；保留第一遍，AI改稿标辅助。","保留新材料与题号、首答、实际支持/用时条件及反馈来源；看到模型、重播或AI改写要标辅助。","1","prompts","0","0","unknown","0","","","本类别没有已核实的independent专门内容与证据。","https://ielts.idp.com/prepare/article-ielts-academic-writing-task-1-how-to-analyse-graphs :: 组合视觉 :: teaching-context;https://ielts.org/take-a-test/test-types/ielts-academic-test/ielts-academic-format-writing :: 实际任务与评分边界 :: rule"
"WA-MIXED","writing","academic","product-teaching-tag","timed","missing","ielts-plan.WA-MIXED.timed","writing-task-one","至少150词，约20分钟Task1训练，然后合并两任务60分钟；分配时间只是建议。 新视觉对，关系不明显。 短训练预算属于教学安排。","保留新材料与题号、首答、实际支持/用时条件及反馈来源；看到模型、重播或AI改写要标辅助。","1","prompts","0","0","unknown","0","","","本类别没有已核实的timed专门内容与证据。","https://ielts.idp.com/prepare/article-ielts-academic-writing-task-1-how-to-analyse-graphs :: 组合视觉 :: teaching-context;https://ielts.org/take-a-test/test-types/ielts-academic-test/ielts-academic-format-writing :: 实际任务与评分边界 :: rule"
"WA-MIXED","writing","academic","product-teaching-tag","feedback","missing","ielts-plan.WA-MIXED.feedback","writing-task-one","查遗漏输入与无依据因果。 每个主张关联原稿文字及原题/图示；缺图不评价数据准确性。","human-text：原作答/原稿/录音的证据定位、具体原因、修订与新题重试；不把改稿覆盖原尝试。","1","workflows","0","0","unknown","0","","","本类别没有已核实的feedback专门内容与证据。","https://ielts.idp.com/prepare/article-ielts-academic-writing-task-1-how-to-analyse-graphs :: 组合视觉 :: teaching-context;https://ielts.org/take-a-test/test-types/ielts-academic-test/ielts-academic-format-writing :: 实际任务与评分边界 :: rule"
"WA-MIXED","writing","academic","product-teaching-tag","review","missing","ielts-plan.WA-MIXED.review","writing-task-one","课程安排延迟后改组合和关系。 保存新题、支持情况及与原问题关联；未测过保持未验证。","延迟后换材料/话题的第一遍无提示产出；记录原问题是否再次出现。间隔是课程选择，未验证时保持“未验证”。","1","workflows","0","0","unknown","0","","","本类别没有已核实的review专门内容与证据。","https://ielts.idp.com/prepare/article-ielts-academic-writing-task-1-how-to-analyse-graphs :: 组合视觉 :: teaching-context;https://ielts.org/take-a-test/test-types/ielts-academic-test/ielts-academic-format-writing :: 实际任务与评分边界 :: rule"
"WA-PROCESS","writing","academic","product-teaching-tag","explain","missing","ielts-plan.WA-PROCESS.explain","writing-task-one","输入/输出/阶段/循环；有需要时用被动，非固定语法配额。 用理解检查和小产出检查诊断。","可读/可播放的真实内容及理解或产出检查；仅存在规划文字不算学过。","1","explanations","0","0","unknown","0","","","本类别没有已核实的explain专门内容与证据。","https://ielts.idp.com/prepare/article-ielts-academic-writing-task-1-how-to-analyse-graphs :: 自然/制造流程 :: teaching-context;https://ielts.org/take-a-test/test-types/ielts-academic-test/ielts-academic-format-writing :: 实际任务与评分边界 :: rule"
"WA-PROCESS","writing","academic","product-teaching-tag","model","missing","ielts-plan.WA-PROCESS.model","writing-task-one","原创过程沿箭头追踪并标关键转化。","可读/可播放的真实内容及理解或产出检查；仅存在规划文字不算学过。","1","models","0","0","unknown","0","","","本类别没有已核实的model专门内容与证据。","https://ielts.idp.com/prepare/article-ielts-academic-writing-task-1-how-to-analyse-graphs :: 自然/制造流程 :: teaching-context;https://ielts.org/take-a-test/test-types/ielts-academic-test/ielts-academic-format-writing :: 实际任务与评分边界 :: rule"
"WA-PROCESS","writing","academic","product-teaching-tag","guided","missing","ielts-plan.WA-PROCESS.guided","writing-task-one","排阶段后用自己的句子连接。","可读/可播放的真实内容及理解或产出检查；仅存在规划文字不算学过。","1","workflows","0","0","unknown","0","","","本类别没有已核实的guided专门内容与证据。","https://ielts.idp.com/prepare/article-ielts-academic-writing-task-1-how-to-analyse-graphs :: 自然/制造流程 :: teaching-context;https://ielts.org/take-a-test/test-types/ielts-academic-test/ielts-academic-format-writing :: 实际任务与评分边界 :: rule"
"WA-PROCESS","writing","academic","product-teaching-tag","independent","missing","ielts-plan.WA-PROCESS.independent","writing-task-one","新线性或循环过程。 隐藏旧模型/词句提示；保留第一遍，AI改稿标辅助。","保留新材料与题号、首答、实际支持/用时条件及反馈来源；看到模型、重播或AI改写要标辅助。","1","prompts","0","0","unknown","0","","","本类别没有已核实的independent专门内容与证据。","https://ielts.idp.com/prepare/article-ielts-academic-writing-task-1-how-to-analyse-graphs :: 自然/制造流程 :: teaching-context;https://ielts.org/take-a-test/test-types/ielts-academic-test/ielts-academic-format-writing :: 实际任务与评分边界 :: rule"
"WA-PROCESS","writing","academic","product-teaching-tag","timed","missing","ielts-plan.WA-PROCESS.timed","writing-task-one","至少150词，约20分钟Task1训练，然后合并两任务60分钟；分配时间只是建议。 新线性或循环过程。 短训练预算属于教学安排。","保留新材料与题号、首答、实际支持/用时条件及反馈来源；看到模型、重播或AI改写要标辅助。","1","prompts","0","0","unknown","0","","","本类别没有已核实的timed专门内容与证据。","https://ielts.idp.com/prepare/article-ielts-academic-writing-task-1-how-to-analyse-graphs :: 自然/制造流程 :: teaching-context;https://ielts.org/take-a-test/test-types/ielts-academic-test/ielts-academic-format-writing :: 实际任务与评分边界 :: rule"
"WA-PROCESS","writing","academic","product-teaching-tag","feedback","missing","ielts-plan.WA-PROCESS.feedback","writing-task-one","校验顺序与缺失阶段。 每个主张关联原稿文字及原题/图示；缺图不评价数据准确性。","human-text：原作答/原稿/录音的证据定位、具体原因、修订与新题重试；不把改稿覆盖原尝试。","1","workflows","0","0","unknown","0","","","本类别没有已核实的feedback专门内容与证据。","https://ielts.idp.com/prepare/article-ielts-academic-writing-task-1-how-to-analyse-graphs :: 自然/制造流程 :: teaching-context;https://ielts.org/take-a-test/test-types/ielts-academic-test/ielts-academic-format-writing :: 实际任务与评分边界 :: rule"
"WA-PROCESS","writing","academic","product-teaching-tag","review","missing","ielts-plan.WA-PROCESS.review","writing-task-one","课程安排延迟后自然↔制造、线性↔循环。 保存新题、支持情况及与原问题关联；未测过保持未验证。","延迟后换材料/话题的第一遍无提示产出；记录原问题是否再次出现。间隔是课程选择，未验证时保持“未验证”。","1","workflows","0","0","unknown","0","","","本类别没有已核实的review专门内容与证据。","https://ielts.idp.com/prepare/article-ielts-academic-writing-task-1-how-to-analyse-graphs :: 自然/制造流程 :: teaching-context;https://ielts.org/take-a-test/test-types/ielts-academic-test/ielts-academic-format-writing :: 实际任务与评分边界 :: rule"
"WA-MAP","writing","academic","product-teaching-tag","explain","missing","ielts-plan.WA-MAP.explain","writing-task-one","方向、相对位置、功能/布局变化。 用理解检查和小产出检查诊断。","可读/可播放的真实内容及理解或产出检查；仅存在规划文字不算学过。","1","explanations","0","0","unknown","0","","","本类别没有已核实的explain专门内容与证据。","https://ielts.idp.com/prepare/article-ielts-academic-writing-task-1-how-to-analyse-graphs :: 地图/平面图变化 :: teaching-context;https://ielts.org/take-a-test/test-types/ielts-academic-test/ielts-academic-format-writing :: 实际任务与评分边界 :: rule"
"WA-MAP","writing","academic","product-teaching-tag","model","missing","ielts-plan.WA-MAP.model","writing-task-one","原创前后图按空间分组描述变化。","可读/可播放的真实内容及理解或产出检查；仅存在规划文字不算学过。","1","models","0","0","unknown","0","","","本类别没有已核实的model专门内容与证据。","https://ielts.idp.com/prepare/article-ielts-academic-writing-task-1-how-to-analyse-graphs :: 地图/平面图变化 :: teaching-context;https://ielts.org/take-a-test/test-types/ielts-academic-test/ielts-academic-format-writing :: 实际任务与评分边界 :: rule"
"WA-MAP","writing","academic","product-teaching-tag","guided","missing","ielts-plan.WA-MAP.guided","writing-task-one","追踪转换并写自己的变化句。","可读/可播放的真实内容及理解或产出检查；仅存在规划文字不算学过。","1","workflows","0","0","unknown","0","","","本类别没有已核实的guided专门内容与证据。","https://ielts.idp.com/prepare/article-ielts-academic-writing-task-1-how-to-analyse-graphs :: 地图/平面图变化 :: teaching-context;https://ielts.org/take-a-test/test-types/ielts-academic-test/ielts-academic-format-writing :: 实际任务与评分边界 :: rule"
"WA-MAP","writing","academic","product-teaching-tag","independent","missing","ielts-plan.WA-MAP.independent","writing-task-one","新户外图或室内计划图。 隐藏旧模型/词句提示；保留第一遍，AI改稿标辅助。","保留新材料与题号、首答、实际支持/用时条件及反馈来源；看到模型、重播或AI改写要标辅助。","1","prompts","0","0","unknown","0","","","本类别没有已核实的independent专门内容与证据。","https://ielts.idp.com/prepare/article-ielts-academic-writing-task-1-how-to-analyse-graphs :: 地图/平面图变化 :: teaching-context;https://ielts.org/take-a-test/test-types/ielts-academic-test/ielts-academic-format-writing :: 实际任务与评分边界 :: rule"
"WA-MAP","writing","academic","product-teaching-tag","timed","missing","ielts-plan.WA-MAP.timed","writing-task-one","至少150词，约20分钟Task1训练，然后合并两任务60分钟；分配时间只是建议。 新户外图或室内计划图。 短训练预算属于教学安排。","保留新材料与题号、首答、实际支持/用时条件及反馈来源；看到模型、重播或AI改写要标辅助。","1","prompts","0","0","unknown","0","","","本类别没有已核实的timed专门内容与证据。","https://ielts.idp.com/prepare/article-ielts-academic-writing-task-1-how-to-analyse-graphs :: 地图/平面图变化 :: teaching-context;https://ielts.org/take-a-test/test-types/ielts-academic-test/ielts-academic-format-writing :: 实际任务与评分边界 :: rule"
"WA-MAP","writing","academic","product-teaching-tag","feedback","missing","ielts-plan.WA-MAP.feedback","writing-task-one","对照位置和完成状态。 每个主张关联原稿文字及原题/图示；缺图不评价数据准确性。","human-text：原作答/原稿/录音的证据定位、具体原因、修订与新题重试；不把改稿覆盖原尝试。","1","workflows","0","0","unknown","0","","","本类别没有已核实的feedback专门内容与证据。","https://ielts.idp.com/prepare/article-ielts-academic-writing-task-1-how-to-analyse-graphs :: 地图/平面图变化 :: teaching-context;https://ielts.org/take-a-test/test-types/ielts-academic-test/ielts-academic-format-writing :: 实际任务与评分边界 :: rule"
"WA-MAP","writing","academic","product-teaching-tag","review","missing","ielts-plan.WA-MAP.review","writing-task-one","课程安排延迟后已完成改建变未来规划。 保存新题、支持情况及与原问题关联；未测过保持未验证。","延迟后换材料/话题的第一遍无提示产出；记录原问题是否再次出现。间隔是课程选择，未验证时保持“未验证”。","1","workflows","0","0","unknown","0","","","本类别没有已核实的review专门内容与证据。","https://ielts.idp.com/prepare/article-ielts-academic-writing-task-1-how-to-analyse-graphs :: 地图/平面图变化 :: teaching-context;https://ielts.org/take-a-test/test-types/ielts-academic-test/ielts-academic-format-writing :: 实际任务与评分边界 :: rule"
"WA-OBJECT","writing","academic","product-teaching-tag","explain","missing","ielts-plan.WA-OBJECT.explain","writing-task-one","部件/位置/功能关联，限制外部推测。 用理解检查和小产出检查诊断。","可读/可播放的真实内容及理解或产出检查；仅存在规划文字不算学过。","1","explanations","0","0","unknown","0","","","本类别没有已核实的explain专门内容与证据。","https://ielts.idp.com/prepare/article-ielts-academic-writing-task-1-how-to-analyse-graphs :: 物体/装置示意 :: teaching-context;https://ielts.org/take-a-test/test-types/ielts-academic-test/ielts-academic-format-writing :: 实际任务与评分边界 :: rule"
"WA-OBJECT","writing","academic","product-teaching-tag","model","missing","ielts-plan.WA-OBJECT.model","writing-task-one","原创装置从标注到功能示范。","可读/可播放的真实内容及理解或产出检查；仅存在规划文字不算学过。","1","models","0","0","unknown","0","","","本类别没有已核实的model专门内容与证据。","https://ielts.idp.com/prepare/article-ielts-academic-writing-task-1-how-to-analyse-graphs :: 物体/装置示意 :: teaching-context;https://ielts.org/take-a-test/test-types/ielts-academic-test/ielts-academic-format-writing :: 实际任务与评分边界 :: rule"
"WA-OBJECT","writing","academic","product-teaching-tag","guided","missing","ielts-plan.WA-OBJECT.guided","writing-task-one","先搭关系骨架再描述。","可读/可播放的真实内容及理解或产出检查；仅存在规划文字不算学过。","1","workflows","0","0","unknown","0","","","本类别没有已核实的guided专门内容与证据。","https://ielts.idp.com/prepare/article-ielts-academic-writing-task-1-how-to-analyse-graphs :: 物体/装置示意 :: teaching-context;https://ielts.org/take-a-test/test-types/ielts-academic-test/ielts-academic-format-writing :: 实际任务与评分边界 :: rule"
"WA-OBJECT","writing","academic","product-teaching-tag","independent","missing","ielts-plan.WA-OBJECT.independent","writing-task-one","新装置/事件示意。 隐藏旧模型/词句提示；保留第一遍，AI改稿标辅助。","保留新材料与题号、首答、实际支持/用时条件及反馈来源；看到模型、重播或AI改写要标辅助。","1","prompts","0","0","unknown","0","","","本类别没有已核实的independent专门内容与证据。","https://ielts.idp.com/prepare/article-ielts-academic-writing-task-1-how-to-analyse-graphs :: 物体/装置示意 :: teaching-context;https://ielts.org/take-a-test/test-types/ielts-academic-test/ielts-academic-format-writing :: 实际任务与评分边界 :: rule"
"WA-OBJECT","writing","academic","product-teaching-tag","timed","missing","ielts-plan.WA-OBJECT.timed","writing-task-one","至少150词，约20分钟Task1训练，然后合并两任务60分钟；分配时间只是建议。 新装置/事件示意。 短训练预算属于教学安排。","保留新材料与题号、首答、实际支持/用时条件及反馈来源；看到模型、重播或AI改写要标辅助。","1","prompts","0","0","unknown","0","","","本类别没有已核实的timed专门内容与证据。","https://ielts.idp.com/prepare/article-ielts-academic-writing-task-1-how-to-analyse-graphs :: 物体/装置示意 :: teaching-context;https://ielts.org/take-a-test/test-types/ielts-academic-test/ielts-academic-format-writing :: 实际任务与评分边界 :: rule"
"WA-OBJECT","writing","academic","product-teaching-tag","feedback","missing","ielts-plan.WA-OBJECT.feedback","writing-task-one","每项描述对应输入。 每个主张关联原稿文字及原题/图示；缺图不评价数据准确性。","human-text：原作答/原稿/录音的证据定位、具体原因、修订与新题重试；不把改稿覆盖原尝试。","1","workflows","0","0","unknown","0","","","本类别没有已核实的feedback专门内容与证据。","https://ielts.idp.com/prepare/article-ielts-academic-writing-task-1-how-to-analyse-graphs :: 物体/装置示意 :: teaching-context;https://ielts.org/take-a-test/test-types/ielts-academic-test/ielts-academic-format-writing :: 实际任务与评分边界 :: rule"
"WA-OBJECT","writing","academic","product-teaching-tag","review","missing","ielts-plan.WA-OBJECT.review","writing-task-one","课程安排延迟后换陌生物体。 保存新题、支持情况及与原问题关联；未测过保持未验证。","延迟后换材料/话题的第一遍无提示产出；记录原问题是否再次出现。间隔是课程选择，未验证时保持“未验证”。","1","workflows","0","0","unknown","0","","","本类别没有已核实的review专门内容与证据。","https://ielts.idp.com/prepare/article-ielts-academic-writing-task-1-how-to-analyse-graphs :: 物体/装置示意 :: teaching-context;https://ielts.org/take-a-test/test-types/ielts-academic-test/ielts-academic-format-writing :: 实际任务与评分边界 :: rule"
"WG-PERSONAL","writing","general-training","official-format","explain","missing","ielts-plan.WG-PERSONAL.explain","","收信人/关系/目的共同决定语体。 用理解检查和小产出检查诊断。","可读/可播放的真实内容及理解或产出检查；仅存在规划文字不算学过。","1","explanations","0","0","unknown","0","","","本类别没有已核实的explain专门内容与证据。","https://ielts.org/take-a-test/test-types/ielts-general-training-test/ielts-general-training-format-writing :: 个人书信语体 :: format;https://ielts.org/take-a-test/test-types/ielts-general-training-test/ielts-general-training-format-writing :: 实际任务与评分边界 :: rule"
"WG-PERSONAL","writing","general-training","official-format","model","missing","ielts-plan.WG-PERSONAL.model","","原创给朋友的信与生硬机构信对照。","可读/可播放的真实内容及理解或产出检查；仅存在规划文字不算学过。","1","models","0","0","unknown","0","","","本类别没有已核实的model专门内容与证据。","https://ielts.org/take-a-test/test-types/ielts-general-training-test/ielts-general-training-format-writing :: 个人书信语体 :: format;https://ielts.org/take-a-test/test-types/ielts-general-training-test/ielts-general-training-format-writing :: 实际任务与评分边界 :: rule"
"WG-PERSONAL","writing","general-training","official-format","guided","missing","ielts-plan.WG-PERSONAL.guided","","同一请求改对象，解释语气选择。","可读/可播放的真实内容及理解或产出检查；仅存在规划文字不算学过。","1","workflows","0","0","unknown","0","","","本类别没有已核实的guided专门内容与证据。","https://ielts.org/take-a-test/test-types/ielts-general-training-test/ielts-general-training-format-writing :: 个人书信语体 :: format;https://ielts.org/take-a-test/test-types/ielts-general-training-test/ielts-general-training-format-writing :: 实际任务与评分边界 :: rule"
"WG-PERSONAL","writing","general-training","official-format","independent","missing","ielts-plan.WG-PERSONAL.independent","","新朋友情境书信。 隐藏旧模型/词句提示；保留第一遍，AI改稿标辅助。","保留新材料与题号、首答、实际支持/用时条件及反馈来源；看到模型、重播或AI改写要标辅助。","1","prompts","0","0","unknown","0","","","本类别没有已核实的independent专门内容与证据。","https://ielts.org/take-a-test/test-types/ielts-general-training-test/ielts-general-training-format-writing :: 个人书信语体 :: format;https://ielts.org/take-a-test/test-types/ielts-general-training-test/ielts-general-training-format-writing :: 实际任务与评分边界 :: rule"
"WG-PERSONAL","writing","general-training","official-format","timed","missing","ielts-plan.WG-PERSONAL.timed","","至少150词，约20分钟Task1训练，然后合并两任务60分钟；分配时间只是建议。 新朋友情境书信。 短训练预算属于教学安排。","保留新材料与题号、首答、实际支持/用时条件及反馈来源；看到模型、重播或AI改写要标辅助。","1","prompts","0","0","unknown","0","","","本类别没有已核实的timed专门内容与证据。","https://ielts.org/take-a-test/test-types/ielts-general-training-test/ielts-general-training-format-writing :: 个人书信语体 :: format;https://ielts.org/take-a-test/test-types/ielts-general-training-test/ielts-general-training-format-writing :: 实际任务与评分边界 :: rule"
"WG-PERSONAL","writing","general-training","official-format","feedback","missing","ielts-plan.WG-PERSONAL.feedback","","定位语气漂移或遗漏义务。 每个主张关联原稿文字及原题/图示；缺图不评价数据准确性。","human-text：原作答/原稿/录音的证据定位、具体原因、修订与新题重试；不把改稿覆盖原尝试。","1","workflows","0","0","unknown","0","","","本类别没有已核实的feedback专门内容与证据。","https://ielts.org/take-a-test/test-types/ielts-general-training-test/ielts-general-training-format-writing :: 个人书信语体 :: format;https://ielts.org/take-a-test/test-types/ielts-general-training-test/ielts-general-training-format-writing :: 实际任务与评分边界 :: rule"
"WG-PERSONAL","writing","general-training","official-format","review","missing","ielts-plan.WG-PERSONAL.review","","课程安排延迟后变关系和目的。 保存新题、支持情况及与原问题关联；未测过保持未验证。","延迟后换材料/话题的第一遍无提示产出；记录原问题是否再次出现。间隔是课程选择，未验证时保持“未验证”。","1","workflows","0","0","unknown","0","","","本类别没有已核实的review专门内容与证据。","https://ielts.org/take-a-test/test-types/ielts-general-training-test/ielts-general-training-format-writing :: 个人书信语体 :: format;https://ielts.org/take-a-test/test-types/ielts-general-training-test/ielts-general-training-format-writing :: 实际任务与评分边界 :: rule"
"WG-SEMI","writing","general-training","official-format","explain","missing","ielts-plan.WG-SEMI.explain","","已认识但具有角色关系的对象与分寸。 用理解检查和小产出检查诊断。","可读/可播放的真实内容及理解或产出检查；仅存在规划文字不算学过。","1","explanations","0","0","unknown","0","","","本类别没有已核实的explain专门内容与证据。","https://ielts.org/take-a-test/test-types/ielts-general-training-test/ielts-general-training-format-writing :: 半正式书信语体 :: format;https://ielts.org/take-a-test/test-types/ielts-general-training-test/ielts-general-training-format-writing :: 实际任务与评分边界 :: rule"
"WG-SEMI","writing","general-training","official-format","model","missing","ielts-plan.WG-SEMI.model","","原创给熟悉管理者的信，注解礼貌和关系。","可读/可播放的真实内容及理解或产出检查；仅存在规划文字不算学过。","1","models","0","0","unknown","0","","","本类别没有已核实的model专门内容与证据。","https://ielts.org/take-a-test/test-types/ielts-general-training-test/ielts-general-training-format-writing :: 半正式书信语体 :: format;https://ielts.org/take-a-test/test-types/ielts-general-training-test/ielts-general-training-format-writing :: 实际任务与评分边界 :: rule"
"WG-SEMI","writing","general-training","official-format","guided","missing","ielts-plan.WG-SEMI.guided","","为措辞选择解释接收效果。","可读/可播放的真实内容及理解或产出检查；仅存在规划文字不算学过。","1","workflows","0","0","unknown","0","","","本类别没有已核实的guided专门内容与证据。","https://ielts.org/take-a-test/test-types/ielts-general-training-test/ielts-general-training-format-writing :: 半正式书信语体 :: format;https://ielts.org/take-a-test/test-types/ielts-general-training-test/ielts-general-training-format-writing :: 实际任务与评分边界 :: rule"
"WG-SEMI","writing","general-training","official-format","independent","missing","ielts-plan.WG-SEMI.independent","","新半正式收信人情境。 隐藏旧模型/词句提示；保留第一遍，AI改稿标辅助。","保留新材料与题号、首答、实际支持/用时条件及反馈来源；看到模型、重播或AI改写要标辅助。","1","prompts","0","0","unknown","0","","","本类别没有已核实的independent专门内容与证据。","https://ielts.org/take-a-test/test-types/ielts-general-training-test/ielts-general-training-format-writing :: 半正式书信语体 :: format;https://ielts.org/take-a-test/test-types/ielts-general-training-test/ielts-general-training-format-writing :: 实际任务与评分边界 :: rule"
"WG-SEMI","writing","general-training","official-format","timed","missing","ielts-plan.WG-SEMI.timed","","至少150词，约20分钟Task1训练，然后合并两任务60分钟；分配时间只是建议。 新半正式收信人情境。 短训练预算属于教学安排。","保留新材料与题号、首答、实际支持/用时条件及反馈来源；看到模型、重播或AI改写要标辅助。","1","prompts","0","0","unknown","0","","","本类别没有已核实的timed专门内容与证据。","https://ielts.org/take-a-test/test-types/ielts-general-training-test/ielts-general-training-format-writing :: 半正式书信语体 :: format;https://ielts.org/take-a-test/test-types/ielts-general-training-test/ielts-general-training-format-writing :: 实际任务与评分边界 :: rule"
"WG-SEMI","writing","general-training","official-format","feedback","missing","ielts-plan.WG-SEMI.feedback","","修过于疏远/随意的一段。 每个主张关联原稿文字及原题/图示；缺图不评价数据准确性。","human-text：原作答/原稿/录音的证据定位、具体原因、修订与新题重试；不把改稿覆盖原尝试。","1","workflows","0","0","unknown","0","","","本类别没有已核实的feedback专门内容与证据。","https://ielts.org/take-a-test/test-types/ielts-general-training-test/ielts-general-training-format-writing :: 半正式书信语体 :: format;https://ielts.org/take-a-test/test-types/ielts-general-training-test/ielts-general-training-format-writing :: 实际任务与评分边界 :: rule"
"WG-SEMI","writing","general-training","official-format","review","missing","ielts-plan.WG-SEMI.review","","课程安排延迟后变角色与关系。 保存新题、支持情况及与原问题关联；未测过保持未验证。","延迟后换材料/话题的第一遍无提示产出；记录原问题是否再次出现。间隔是课程选择，未验证时保持“未验证”。","1","workflows","0","0","unknown","0","","","本类别没有已核实的review专门内容与证据。","https://ielts.org/take-a-test/test-types/ielts-general-training-test/ielts-general-training-format-writing :: 半正式书信语体 :: format;https://ielts.org/take-a-test/test-types/ielts-general-training-test/ielts-general-training-format-writing :: 实际任务与评分边界 :: rule"
"WG-FORMAL","writing","general-training","official-format","explain","partial","ielts-plan.WG-FORMAL.explain","","目的、正式语气和三项义务。 用理解检查和小产出检查诊断。","可读/可播放的真实内容及理解或产出检查；仅存在规划文字不算学过。","1","explanations","1","unknown","unknown","0","ielts-w2","app/data/ielts.json#writing.ielts-w2","1正式情境请求信/1原创未评分参考；地图未接，缺半正式/个人场景、完整书信练习链及延迟鲜题。","https://ielts.org/take-a-test/test-types/ielts-general-training-test/ielts-general-training-format-writing :: 正式书信语体 :: format;https://ielts.org/take-a-test/test-types/ielts-general-training-test/ielts-general-training-format-writing :: 实际任务与评分边界 :: rule"
"WG-FORMAL","writing","general-training","official-format","model","partial","ielts-plan.WG-FORMAL.model","","原创正式请求信，标每项请求与相关细节。","可读/可播放的真实内容及理解或产出检查；仅存在规划文字不算学过。","1","models","1","unknown","unknown","0","ielts-w2.sample","app/data/ielts.json#writing.ielts-w2","1正式情境请求信/1原创未评分参考；地图未接，缺半正式/个人场景、完整书信练习链及延迟鲜题。","https://ielts.org/take-a-test/test-types/ielts-general-training-test/ielts-general-training-format-writing :: 正式书信语体 :: format;https://ielts.org/take-a-test/test-types/ielts-general-training-test/ielts-general-training-format-writing :: 实际任务与评分边界 :: rule"
"WG-FORMAL","writing","general-training","official-format","guided","missing","ielts-plan.WG-FORMAL.guided","","把含糊要求改成清楚礼貌请求。","可读/可播放的真实内容及理解或产出检查；仅存在规划文字不算学过。","1","workflows","0","0","unknown","0","","","本类别没有已核实的guided专门内容与证据。","https://ielts.org/take-a-test/test-types/ielts-general-training-test/ielts-general-training-format-writing :: 正式书信语体 :: format;https://ielts.org/take-a-test/test-types/ielts-general-training-test/ielts-general-training-format-writing :: 实际任务与评分边界 :: rule"
"WG-FORMAL","writing","general-training","official-format","independent","partial","ielts-plan.WG-FORMAL.independent","","新机构或服务情境。 隐藏旧模型/词句提示；保留第一遍，AI改稿标辅助。","保留新材料与题号、首答、实际支持/用时条件及反馈来源；看到模型、重播或AI改写要标辅助。","1","prompts","1","unknown","unknown","0","ielts-w2","app/data/ielts.json#writing.ielts-w2","1正式情境请求信/1原创未评分参考；地图未接，缺半正式/个人场景、完整书信练习链及延迟鲜题。","https://ielts.org/take-a-test/test-types/ielts-general-training-test/ielts-general-training-format-writing :: 正式书信语体 :: format;https://ielts.org/take-a-test/test-types/ielts-general-training-test/ielts-general-training-format-writing :: 实际任务与评分边界 :: rule"
"WG-FORMAL","writing","general-training","official-format","timed","partial","ielts-plan.WG-FORMAL.timed","","至少150词，约20分钟Task1训练，然后合并两任务60分钟；分配时间只是建议。 新机构或服务情境。 短训练预算属于教学安排。","保留新材料与题号、首答、实际支持/用时条件及反馈来源；看到模型、重播或AI改写要标辅助。","1","prompts","1","unknown","unknown","0","ielts-w2","app/data/ielts.json#writing.ielts-w2","1正式情境请求信/1原创未评分参考；地图未接，缺半正式/个人场景、完整书信练习链及延迟鲜题。","https://ielts.org/take-a-test/test-types/ielts-general-training-test/ielts-general-training-format-writing :: 正式书信语体 :: format;https://ielts.org/take-a-test/test-types/ielts-general-training-test/ielts-general-training-format-writing :: 实际任务与评分边界 :: rule"
"WG-FORMAL","writing","general-training","official-format","feedback","partial","ielts-plan.WG-FORMAL.feedback","","修要求不清或过度命令。 每个主张关联原稿文字及原题/图示；缺图不评价数据准确性。","human-text：原作答/原稿/录音的证据定位、具体原因、修订与新题重试；不把改稿覆盖原尝试。","1","workflows","1","unknown","unknown","0","ielts-w2","app/data/ielts.json#writing.ielts-w2","1正式情境请求信/1原创未评分参考；地图未接，缺半正式/个人场景、完整书信练习链及延迟鲜题。","https://ielts.org/take-a-test/test-types/ielts-general-training-test/ielts-general-training-format-writing :: 正式书信语体 :: format;https://ielts.org/take-a-test/test-types/ielts-general-training-test/ielts-general-training-format-writing :: 实际任务与评分边界 :: rule"
"WG-FORMAL","writing","general-training","official-format","review","missing","ielts-plan.WG-FORMAL.review","","课程安排延迟后改为朋友收信，并重新选语气。 保存新题、支持情况及与原问题关联；未测过保持未验证。","延迟后换材料/话题的第一遍无提示产出；记录原问题是否再次出现。间隔是课程选择，未验证时保持“未验证”。","1","workflows","0","0","unknown","0","","","本类别没有已核实的review专门内容与证据。","https://ielts.org/take-a-test/test-types/ielts-general-training-test/ielts-general-training-format-writing :: 正式书信语体 :: format;https://ielts.org/take-a-test/test-types/ielts-general-training-test/ielts-general-training-format-writing :: 实际任务与评分边界 :: rule"
"WG-REQUEST","writing","general-training","product-teaching-tag","explain","partial","ielts-plan.WG-REQUEST.explain","","说明需求、相关背景和具体行动。 用理解检查和小产出检查诊断。","可读/可播放的真实内容及理解或产出检查；仅存在规划文字不算学过。","1","explanations","1","unknown","unknown","0","ielts-w2","app/data/ielts.json#writing.ielts-w2","1正式情境请求信/1原创未评分参考；地图未接，缺半正式/个人场景、完整书信练习链及延迟鲜题。","https://ielts.org/take-a-test/test-types/ielts-general-training-test/ielts-general-training-format-writing :: 书信功能 · 请求 :: teaching-context;https://ielts.org/take-a-test/test-types/ielts-general-training-test/ielts-general-training-format-writing :: 实际任务与评分边界 :: rule"
"WG-REQUEST","writing","general-training","product-teaching-tag","model","partial","ielts-plan.WG-REQUEST.model","","原创请求信片段附目的/义务/语气注解。","可读/可播放的真实内容及理解或产出检查；仅存在规划文字不算学过。","1","models","1","unknown","unknown","0","ielts-w2.sample","app/data/ielts.json#writing.ielts-w2","1正式情境请求信/1原创未评分参考；地图未接，缺半正式/个人场景、完整书信练习链及延迟鲜题。","https://ielts.org/take-a-test/test-types/ielts-general-training-test/ielts-general-training-format-writing :: 书信功能 · 请求 :: teaching-context;https://ielts.org/take-a-test/test-types/ielts-general-training-test/ielts-general-training-format-writing :: 实际任务与评分边界 :: rule"
"WG-REQUEST","writing","general-training","product-teaching-tag","guided","missing","ielts-plan.WG-REQUEST.guided","","先修一段含糊或不相关片段，再自行补计划；说明需求、相关背景和具体行动。","可读/可播放的真实内容及理解或产出检查；仅存在规划文字不算学过。","1","workflows","0","0","unknown","0","","","本类别没有已核实的guided专门内容与证据。","https://ielts.org/take-a-test/test-types/ielts-general-training-test/ielts-general-training-format-writing :: 书信功能 · 请求 :: teaching-context;https://ielts.org/take-a-test/test-types/ielts-general-training-test/ielts-general-training-format-writing :: 实际任务与评分边界 :: rule"
"WG-REQUEST","writing","general-training","product-teaching-tag","independent","partial","ielts-plan.WG-REQUEST.independent","","新的请求情境完整书信。 隐藏旧模型/词句提示；保留第一遍，AI改稿标辅助。","保留新材料与题号、首答、实际支持/用时条件及反馈来源；看到模型、重播或AI改写要标辅助。","1","prompts","1","unknown","unknown","0","ielts-w2","app/data/ielts.json#writing.ielts-w2","1正式情境请求信/1原创未评分参考；地图未接，缺半正式/个人场景、完整书信练习链及延迟鲜题。","https://ielts.org/take-a-test/test-types/ielts-general-training-test/ielts-general-training-format-writing :: 书信功能 · 请求 :: teaching-context;https://ielts.org/take-a-test/test-types/ielts-general-training-test/ielts-general-training-format-writing :: 实际任务与评分边界 :: rule"
"WG-REQUEST","writing","general-training","product-teaching-tag","timed","partial","ielts-plan.WG-REQUEST.timed","","至少150词，约20分钟Task1训练，然后合并两任务60分钟；分配时间只是建议。 新的请求情境完整书信。 短训练预算属于教学安排。","保留新材料与题号、首答、实际支持/用时条件及反馈来源；看到模型、重播或AI改写要标辅助。","1","prompts","1","unknown","unknown","0","ielts-w2","app/data/ielts.json#writing.ielts-w2","1正式情境请求信/1原创未评分参考；地图未接，缺半正式/个人场景、完整书信练习链及延迟鲜题。","https://ielts.org/take-a-test/test-types/ielts-general-training-test/ielts-general-training-format-writing :: 书信功能 · 请求 :: teaching-context;https://ielts.org/take-a-test/test-types/ielts-general-training-test/ielts-general-training-format-writing :: 实际任务与评分边界 :: rule"
"WG-REQUEST","writing","general-training","product-teaching-tag","feedback","partial","ielts-plan.WG-REQUEST.feedback","","将缺失义务或语气问题定位到原稿，修一段后换题。 每个主张关联原稿文字及原题/图示；缺图不评价数据准确性。","human-text：原作答/原稿/录音的证据定位、具体原因、修订与新题重试；不把改稿覆盖原尝试。","1","workflows","1","unknown","unknown","0","ielts-w2","app/data/ielts.json#writing.ielts-w2","1正式情境请求信/1原创未评分参考；地图未接，缺半正式/个人场景、完整书信练习链及延迟鲜题。","https://ielts.org/take-a-test/test-types/ielts-general-training-test/ielts-general-training-format-writing :: 书信功能 · 请求 :: teaching-context;https://ielts.org/take-a-test/test-types/ielts-general-training-test/ielts-general-training-format-writing :: 实际任务与评分边界 :: rule"
"WG-REQUEST","writing","general-training","product-teaching-tag","review","missing","ielts-plan.WG-REQUEST.review","","课程安排延迟后给朋友/机构的同功能请求 保存新题、支持情况及与原问题关联；未测过保持未验证。","延迟后换材料/话题的第一遍无提示产出；记录原问题是否再次出现。间隔是课程选择，未验证时保持“未验证”。","1","workflows","0","0","unknown","0","","","本类别没有已核实的review专门内容与证据。","https://ielts.org/take-a-test/test-types/ielts-general-training-test/ielts-general-training-format-writing :: 书信功能 · 请求 :: teaching-context;https://ielts.org/take-a-test/test-types/ielts-general-training-test/ielts-general-training-format-writing :: 实际任务与评分边界 :: rule"
"WG-INFORM","writing","general-training","product-teaching-tag","explain","partial","ielts-plan.WG-INFORM.explain","","选择相关事实、顺序和实际影响。 用理解检查和小产出检查诊断。","可读/可播放的真实内容及理解或产出检查；仅存在规划文字不算学过。","1","explanations","1","unknown","unknown","0","ielts-w2","app/data/ielts.json#writing.ielts-w2","1正式情境请求信/1原创未评分参考；地图未接，缺半正式/个人场景、完整书信练习链及延迟鲜题。","https://ielts.org/take-a-test/test-types/ielts-general-training-test/ielts-general-training-format-writing :: 书信功能 · 告知/解释 :: teaching-context;https://ielts.org/take-a-test/test-types/ielts-general-training-test/ielts-general-training-format-writing :: 实际任务与评分边界 :: rule"
"WG-INFORM","writing","general-training","product-teaching-tag","model","partial","ielts-plan.WG-INFORM.model","","原创告知/解释信片段附目的/义务/语气注解。","可读/可播放的真实内容及理解或产出检查；仅存在规划文字不算学过。","1","models","1","unknown","unknown","0","ielts-w2.sample","app/data/ielts.json#writing.ielts-w2","1正式情境请求信/1原创未评分参考；地图未接，缺半正式/个人场景、完整书信练习链及延迟鲜题。","https://ielts.org/take-a-test/test-types/ielts-general-training-test/ielts-general-training-format-writing :: 书信功能 · 告知/解释 :: teaching-context;https://ielts.org/take-a-test/test-types/ielts-general-training-test/ielts-general-training-format-writing :: 实际任务与评分边界 :: rule"
"WG-INFORM","writing","general-training","product-teaching-tag","guided","missing","ielts-plan.WG-INFORM.guided","","先修一段含糊或不相关片段，再自行补计划；选择相关事实、顺序和实际影响。","可读/可播放的真实内容及理解或产出检查；仅存在规划文字不算学过。","1","workflows","0","0","unknown","0","","","本类别没有已核实的guided专门内容与证据。","https://ielts.org/take-a-test/test-types/ielts-general-training-test/ielts-general-training-format-writing :: 书信功能 · 告知/解释 :: teaching-context;https://ielts.org/take-a-test/test-types/ielts-general-training-test/ielts-general-training-format-writing :: 实际任务与评分边界 :: rule"
"WG-INFORM","writing","general-training","product-teaching-tag","independent","partial","ielts-plan.WG-INFORM.independent","","新的告知/解释情境完整书信。 隐藏旧模型/词句提示；保留第一遍，AI改稿标辅助。","保留新材料与题号、首答、实际支持/用时条件及反馈来源；看到模型、重播或AI改写要标辅助。","1","prompts","1","unknown","unknown","0","ielts-w2","app/data/ielts.json#writing.ielts-w2","1正式情境请求信/1原创未评分参考；地图未接，缺半正式/个人场景、完整书信练习链及延迟鲜题。","https://ielts.org/take-a-test/test-types/ielts-general-training-test/ielts-general-training-format-writing :: 书信功能 · 告知/解释 :: teaching-context;https://ielts.org/take-a-test/test-types/ielts-general-training-test/ielts-general-training-format-writing :: 实际任务与评分边界 :: rule"
"WG-INFORM","writing","general-training","product-teaching-tag","timed","partial","ielts-plan.WG-INFORM.timed","","至少150词，约20分钟Task1训练，然后合并两任务60分钟；分配时间只是建议。 新的告知/解释情境完整书信。 短训练预算属于教学安排。","保留新材料与题号、首答、实际支持/用时条件及反馈来源；看到模型、重播或AI改写要标辅助。","1","prompts","1","unknown","unknown","0","ielts-w2","app/data/ielts.json#writing.ielts-w2","1正式情境请求信/1原创未评分参考；地图未接，缺半正式/个人场景、完整书信练习链及延迟鲜题。","https://ielts.org/take-a-test/test-types/ielts-general-training-test/ielts-general-training-format-writing :: 书信功能 · 告知/解释 :: teaching-context;https://ielts.org/take-a-test/test-types/ielts-general-training-test/ielts-general-training-format-writing :: 实际任务与评分边界 :: rule"
"WG-INFORM","writing","general-training","product-teaching-tag","feedback","partial","ielts-plan.WG-INFORM.feedback","","将缺失义务或语气问题定位到原稿，修一段后换题。 每个主张关联原稿文字及原题/图示；缺图不评价数据准确性。","human-text：原作答/原稿/录音的证据定位、具体原因、修订与新题重试；不把改稿覆盖原尝试。","1","workflows","1","unknown","unknown","0","ielts-w2","app/data/ielts.json#writing.ielts-w2","1正式情境请求信/1原创未评分参考；地图未接，缺半正式/个人场景、完整书信练习链及延迟鲜题。","https://ielts.org/take-a-test/test-types/ielts-general-training-test/ielts-general-training-format-writing :: 书信功能 · 告知/解释 :: teaching-context;https://ielts.org/take-a-test/test-types/ielts-general-training-test/ielts-general-training-format-writing :: 实际任务与评分边界 :: rule"
"WG-INFORM","writing","general-training","product-teaching-tag","review","missing","ielts-plan.WG-INFORM.review","","课程安排延迟后改变接收者及信息需求 保存新题、支持情况及与原问题关联；未测过保持未验证。","延迟后换材料/话题的第一遍无提示产出；记录原问题是否再次出现。间隔是课程选择，未验证时保持“未验证”。","1","workflows","0","0","unknown","0","","","本类别没有已核实的review专门内容与证据。","https://ielts.org/take-a-test/test-types/ielts-general-training-test/ielts-general-training-format-writing :: 书信功能 · 告知/解释 :: teaching-context;https://ielts.org/take-a-test/test-types/ielts-general-training-test/ielts-general-training-format-writing :: 实际任务与评分边界 :: rule"
"WG-COMPLAIN","writing","general-training","product-teaching-tag","explain","missing","ielts-plan.WG-COMPLAIN.explain","","事实、影响与所求补救；不凭空夸大指责。 用理解检查和小产出检查诊断。","可读/可播放的真实内容及理解或产出检查；仅存在规划文字不算学过。","1","explanations","0","0","unknown","0","","","本类别没有已核实的explain专门内容与证据。","https://ielts.org/take-a-test/test-types/ielts-general-training-test/ielts-general-training-format-writing :: 书信功能 · 投诉 :: teaching-context;https://ielts.org/take-a-test/test-types/ielts-general-training-test/ielts-general-training-format-writing :: 实际任务与评分边界 :: rule"
"WG-COMPLAIN","writing","general-training","product-teaching-tag","model","missing","ielts-plan.WG-COMPLAIN.model","","原创投诉信片段附目的/义务/语气注解。","可读/可播放的真实内容及理解或产出检查；仅存在规划文字不算学过。","1","models","0","0","unknown","0","","","本类别没有已核实的model专门内容与证据。","https://ielts.org/take-a-test/test-types/ielts-general-training-test/ielts-general-training-format-writing :: 书信功能 · 投诉 :: teaching-context;https://ielts.org/take-a-test/test-types/ielts-general-training-test/ielts-general-training-format-writing :: 实际任务与评分边界 :: rule"
"WG-COMPLAIN","writing","general-training","product-teaching-tag","guided","missing","ielts-plan.WG-COMPLAIN.guided","","先修一段含糊或不相关片段，再自行补计划；事实、影响与所求补救；不凭空夸大指责。","可读/可播放的真实内容及理解或产出检查；仅存在规划文字不算学过。","1","workflows","0","0","unknown","0","","","本类别没有已核实的guided专门内容与证据。","https://ielts.org/take-a-test/test-types/ielts-general-training-test/ielts-general-training-format-writing :: 书信功能 · 投诉 :: teaching-context;https://ielts.org/take-a-test/test-types/ielts-general-training-test/ielts-general-training-format-writing :: 实际任务与评分边界 :: rule"
"WG-COMPLAIN","writing","general-training","product-teaching-tag","independent","missing","ielts-plan.WG-COMPLAIN.independent","","新的投诉情境完整书信。 隐藏旧模型/词句提示；保留第一遍，AI改稿标辅助。","保留新材料与题号、首答、实际支持/用时条件及反馈来源；看到模型、重播或AI改写要标辅助。","1","prompts","0","0","unknown","0","","","本类别没有已核实的independent专门内容与证据。","https://ielts.org/take-a-test/test-types/ielts-general-training-test/ielts-general-training-format-writing :: 书信功能 · 投诉 :: teaching-context;https://ielts.org/take-a-test/test-types/ielts-general-training-test/ielts-general-training-format-writing :: 实际任务与评分边界 :: rule"
"WG-COMPLAIN","writing","general-training","product-teaching-tag","timed","missing","ielts-plan.WG-COMPLAIN.timed","","至少150词，约20分钟Task1训练，然后合并两任务60分钟；分配时间只是建议。 新的投诉情境完整书信。 短训练预算属于教学安排。","保留新材料与题号、首答、实际支持/用时条件及反馈来源；看到模型、重播或AI改写要标辅助。","1","prompts","0","0","unknown","0","","","本类别没有已核实的timed专门内容与证据。","https://ielts.org/take-a-test/test-types/ielts-general-training-test/ielts-general-training-format-writing :: 书信功能 · 投诉 :: teaching-context;https://ielts.org/take-a-test/test-types/ielts-general-training-test/ielts-general-training-format-writing :: 实际任务与评分边界 :: rule"
"WG-COMPLAIN","writing","general-training","product-teaching-tag","feedback","missing","ielts-plan.WG-COMPLAIN.feedback","","将缺失义务或语气问题定位到原稿，修一段后换题。 每个主张关联原稿文字及原题/图示；缺图不评价数据准确性。","human-text：原作答/原稿/录音的证据定位、具体原因、修订与新题重试；不把改稿覆盖原尝试。","1","workflows","0","0","unknown","0","","","本类别没有已核实的feedback专门内容与证据。","https://ielts.org/take-a-test/test-types/ielts-general-training-test/ielts-general-training-format-writing :: 书信功能 · 投诉 :: teaching-context;https://ielts.org/take-a-test/test-types/ielts-general-training-test/ielts-general-training-format-writing :: 实际任务与评分边界 :: rule"
"WG-COMPLAIN","writing","general-training","product-teaching-tag","review","missing","ielts-plan.WG-COMPLAIN.review","","课程安排延迟后改变服务与关系 保存新题、支持情况及与原问题关联；未测过保持未验证。","延迟后换材料/话题的第一遍无提示产出；记录原问题是否再次出现。间隔是课程选择，未验证时保持“未验证”。","1","workflows","0","0","unknown","0","","","本类别没有已核实的review专门内容与证据。","https://ielts.org/take-a-test/test-types/ielts-general-training-test/ielts-general-training-format-writing :: 书信功能 · 投诉 :: teaching-context;https://ielts.org/take-a-test/test-types/ielts-general-training-test/ielts-general-training-format-writing :: 实际任务与评分边界 :: rule"
"WG-APOLOGISE","writing","general-training","product-teaching-tag","explain","missing","ielts-plan.WG-APOLOGISE.explain","","承认问题、简短说明并提出补救。 用理解检查和小产出检查诊断。","可读/可播放的真实内容及理解或产出检查；仅存在规划文字不算学过。","1","explanations","0","0","unknown","0","","","本类别没有已核实的explain专门内容与证据。","https://ielts.org/take-a-test/test-types/ielts-general-training-test/ielts-general-training-format-writing :: 书信功能 · 道歉 :: teaching-context;https://ielts.org/take-a-test/test-types/ielts-general-training-test/ielts-general-training-format-writing :: 实际任务与评分边界 :: rule"
"WG-APOLOGISE","writing","general-training","product-teaching-tag","model","missing","ielts-plan.WG-APOLOGISE.model","","原创道歉信片段附目的/义务/语气注解。","可读/可播放的真实内容及理解或产出检查；仅存在规划文字不算学过。","1","models","0","0","unknown","0","","","本类别没有已核实的model专门内容与证据。","https://ielts.org/take-a-test/test-types/ielts-general-training-test/ielts-general-training-format-writing :: 书信功能 · 道歉 :: teaching-context;https://ielts.org/take-a-test/test-types/ielts-general-training-test/ielts-general-training-format-writing :: 实际任务与评分边界 :: rule"
"WG-APOLOGISE","writing","general-training","product-teaching-tag","guided","missing","ielts-plan.WG-APOLOGISE.guided","","先修一段含糊或不相关片段，再自行补计划；承认问题、简短说明并提出补救。","可读/可播放的真实内容及理解或产出检查；仅存在规划文字不算学过。","1","workflows","0","0","unknown","0","","","本类别没有已核实的guided专门内容与证据。","https://ielts.org/take-a-test/test-types/ielts-general-training-test/ielts-general-training-format-writing :: 书信功能 · 道歉 :: teaching-context;https://ielts.org/take-a-test/test-types/ielts-general-training-test/ielts-general-training-format-writing :: 实际任务与评分边界 :: rule"
"WG-APOLOGISE","writing","general-training","product-teaching-tag","independent","missing","ielts-plan.WG-APOLOGISE.independent","","新的道歉情境完整书信。 隐藏旧模型/词句提示；保留第一遍，AI改稿标辅助。","保留新材料与题号、首答、实际支持/用时条件及反馈来源；看到模型、重播或AI改写要标辅助。","1","prompts","0","0","unknown","0","","","本类别没有已核实的independent专门内容与证据。","https://ielts.org/take-a-test/test-types/ielts-general-training-test/ielts-general-training-format-writing :: 书信功能 · 道歉 :: teaching-context;https://ielts.org/take-a-test/test-types/ielts-general-training-test/ielts-general-training-format-writing :: 实际任务与评分边界 :: rule"
"WG-APOLOGISE","writing","general-training","product-teaching-tag","timed","missing","ielts-plan.WG-APOLOGISE.timed","","至少150词，约20分钟Task1训练，然后合并两任务60分钟；分配时间只是建议。 新的道歉情境完整书信。 短训练预算属于教学安排。","保留新材料与题号、首答、实际支持/用时条件及反馈来源；看到模型、重播或AI改写要标辅助。","1","prompts","0","0","unknown","0","","","本类别没有已核实的timed专门内容与证据。","https://ielts.org/take-a-test/test-types/ielts-general-training-test/ielts-general-training-format-writing :: 书信功能 · 道歉 :: teaching-context;https://ielts.org/take-a-test/test-types/ielts-general-training-test/ielts-general-training-format-writing :: 实际任务与评分边界 :: rule"
"WG-APOLOGISE","writing","general-training","product-teaching-tag","feedback","missing","ielts-plan.WG-APOLOGISE.feedback","","将缺失义务或语气问题定位到原稿，修一段后换题。 每个主张关联原稿文字及原题/图示；缺图不评价数据准确性。","human-text：原作答/原稿/录音的证据定位、具体原因、修订与新题重试；不把改稿覆盖原尝试。","1","workflows","0","0","unknown","0","","","本类别没有已核实的feedback专门内容与证据。","https://ielts.org/take-a-test/test-types/ielts-general-training-test/ielts-general-training-format-writing :: 书信功能 · 道歉 :: teaching-context;https://ielts.org/take-a-test/test-types/ielts-general-training-test/ielts-general-training-format-writing :: 实际任务与评分边界 :: rule"
"WG-APOLOGISE","writing","general-training","product-teaching-tag","review","missing","ielts-plan.WG-APOLOGISE.review","","课程安排延迟后改变对象与后果 保存新题、支持情况及与原问题关联；未测过保持未验证。","延迟后换材料/话题的第一遍无提示产出；记录原问题是否再次出现。间隔是课程选择，未验证时保持“未验证”。","1","workflows","0","0","unknown","0","","","本类别没有已核实的review专门内容与证据。","https://ielts.org/take-a-test/test-types/ielts-general-training-test/ielts-general-training-format-writing :: 书信功能 · 道歉 :: teaching-context;https://ielts.org/take-a-test/test-types/ielts-general-training-test/ielts-general-training-format-writing :: 实际任务与评分边界 :: rule"
"WG-INVITE","writing","general-training","product-teaching-tag","explain","missing","ielts-plan.WG-INVITE.explain","","说明活动和必要细节，按要求邀请/接受/婉拒。 用理解检查和小产出检查诊断。","可读/可播放的真实内容及理解或产出检查；仅存在规划文字不算学过。","1","explanations","0","0","unknown","0","","","本类别没有已核实的explain专门内容与证据。","https://ielts.org/take-a-test/test-types/ielts-general-training-test/ielts-general-training-format-writing :: 书信功能 · 邀请/回应邀请 :: teaching-context;https://ielts.org/take-a-test/test-types/ielts-general-training-test/ielts-general-training-format-writing :: 实际任务与评分边界 :: rule"
"WG-INVITE","writing","general-training","product-teaching-tag","model","missing","ielts-plan.WG-INVITE.model","","原创邀请/回应邀请信片段附目的/义务/语气注解。","可读/可播放的真实内容及理解或产出检查；仅存在规划文字不算学过。","1","models","0","0","unknown","0","","","本类别没有已核实的model专门内容与证据。","https://ielts.org/take-a-test/test-types/ielts-general-training-test/ielts-general-training-format-writing :: 书信功能 · 邀请/回应邀请 :: teaching-context;https://ielts.org/take-a-test/test-types/ielts-general-training-test/ielts-general-training-format-writing :: 实际任务与评分边界 :: rule"
"WG-INVITE","writing","general-training","product-teaching-tag","guided","missing","ielts-plan.WG-INVITE.guided","","先修一段含糊或不相关片段，再自行补计划；说明活动和必要细节，按要求邀请/接受/婉拒。","可读/可播放的真实内容及理解或产出检查；仅存在规划文字不算学过。","1","workflows","0","0","unknown","0","","","本类别没有已核实的guided专门内容与证据。","https://ielts.org/take-a-test/test-types/ielts-general-training-test/ielts-general-training-format-writing :: 书信功能 · 邀请/回应邀请 :: teaching-context;https://ielts.org/take-a-test/test-types/ielts-general-training-test/ielts-general-training-format-writing :: 实际任务与评分边界 :: rule"
"WG-INVITE","writing","general-training","product-teaching-tag","independent","missing","ielts-plan.WG-INVITE.independent","","新的邀请/回应邀请情境完整书信。 隐藏旧模型/词句提示；保留第一遍，AI改稿标辅助。","保留新材料与题号、首答、实际支持/用时条件及反馈来源；看到模型、重播或AI改写要标辅助。","1","prompts","0","0","unknown","0","","","本类别没有已核实的independent专门内容与证据。","https://ielts.org/take-a-test/test-types/ielts-general-training-test/ielts-general-training-format-writing :: 书信功能 · 邀请/回应邀请 :: teaching-context;https://ielts.org/take-a-test/test-types/ielts-general-training-test/ielts-general-training-format-writing :: 实际任务与评分边界 :: rule"
"WG-INVITE","writing","general-training","product-teaching-tag","timed","missing","ielts-plan.WG-INVITE.timed","","至少150词，约20分钟Task1训练，然后合并两任务60分钟；分配时间只是建议。 新的邀请/回应邀请情境完整书信。 短训练预算属于教学安排。","保留新材料与题号、首答、实际支持/用时条件及反馈来源；看到模型、重播或AI改写要标辅助。","1","prompts","0","0","unknown","0","","","本类别没有已核实的timed专门内容与证据。","https://ielts.org/take-a-test/test-types/ielts-general-training-test/ielts-general-training-format-writing :: 书信功能 · 邀请/回应邀请 :: teaching-context;https://ielts.org/take-a-test/test-types/ielts-general-training-test/ielts-general-training-format-writing :: 实际任务与评分边界 :: rule"
"WG-INVITE","writing","general-training","product-teaching-tag","feedback","missing","ielts-plan.WG-INVITE.feedback","","将缺失义务或语气问题定位到原稿，修一段后换题。 每个主张关联原稿文字及原题/图示；缺图不评价数据准确性。","human-text：原作答/原稿/录音的证据定位、具体原因、修订与新题重试；不把改稿覆盖原尝试。","1","workflows","0","0","unknown","0","","","本类别没有已核实的feedback专门内容与证据。","https://ielts.org/take-a-test/test-types/ielts-general-training-test/ielts-general-training-format-writing :: 书信功能 · 邀请/回应邀请 :: teaching-context;https://ielts.org/take-a-test/test-types/ielts-general-training-test/ielts-general-training-format-writing :: 实际任务与评分边界 :: rule"
"WG-INVITE","writing","general-training","product-teaching-tag","review","missing","ielts-plan.WG-INVITE.review","","课程安排延迟后改变正式程度及活动 保存新题、支持情况及与原问题关联；未测过保持未验证。","延迟后换材料/话题的第一遍无提示产出；记录原问题是否再次出现。间隔是课程选择，未验证时保持“未验证”。","1","workflows","0","0","unknown","0","","","本类别没有已核实的review专门内容与证据。","https://ielts.org/take-a-test/test-types/ielts-general-training-test/ielts-general-training-format-writing :: 书信功能 · 邀请/回应邀请 :: teaching-context;https://ielts.org/take-a-test/test-types/ielts-general-training-test/ielts-general-training-format-writing :: 实际任务与评分边界 :: rule"
"WG-ADVISE","writing","general-training","product-teaching-tag","explain","missing","ielts-plan.WG-ADVISE.explain","","建议符合对象需求，并给理由和实际细节。 用理解检查和小产出检查诊断。","可读/可播放的真实内容及理解或产出检查；仅存在规划文字不算学过。","1","explanations","0","0","unknown","0","","","本类别没有已核实的explain专门内容与证据。","https://ielts.org/take-a-test/test-types/ielts-general-training-test/ielts-general-training-format-writing :: 书信功能 · 建议 :: teaching-context;https://ielts.org/take-a-test/test-types/ielts-general-training-test/ielts-general-training-format-writing :: 实际任务与评分边界 :: rule"
"WG-ADVISE","writing","general-training","product-teaching-tag","model","missing","ielts-plan.WG-ADVISE.model","","原创建议信片段附目的/义务/语气注解。","可读/可播放的真实内容及理解或产出检查；仅存在规划文字不算学过。","1","models","0","0","unknown","0","","","本类别没有已核实的model专门内容与证据。","https://ielts.org/take-a-test/test-types/ielts-general-training-test/ielts-general-training-format-writing :: 书信功能 · 建议 :: teaching-context;https://ielts.org/take-a-test/test-types/ielts-general-training-test/ielts-general-training-format-writing :: 实际任务与评分边界 :: rule"
"WG-ADVISE","writing","general-training","product-teaching-tag","guided","missing","ielts-plan.WG-ADVISE.guided","","先修一段含糊或不相关片段，再自行补计划；建议符合对象需求，并给理由和实际细节。","可读/可播放的真实内容及理解或产出检查；仅存在规划文字不算学过。","1","workflows","0","0","unknown","0","","","本类别没有已核实的guided专门内容与证据。","https://ielts.org/take-a-test/test-types/ielts-general-training-test/ielts-general-training-format-writing :: 书信功能 · 建议 :: teaching-context;https://ielts.org/take-a-test/test-types/ielts-general-training-test/ielts-general-training-format-writing :: 实际任务与评分边界 :: rule"
"WG-ADVISE","writing","general-training","product-teaching-tag","independent","missing","ielts-plan.WG-ADVISE.independent","","新的建议情境完整书信。 隐藏旧模型/词句提示；保留第一遍，AI改稿标辅助。","保留新材料与题号、首答、实际支持/用时条件及反馈来源；看到模型、重播或AI改写要标辅助。","1","prompts","0","0","unknown","0","","","本类别没有已核实的independent专门内容与证据。","https://ielts.org/take-a-test/test-types/ielts-general-training-test/ielts-general-training-format-writing :: 书信功能 · 建议 :: teaching-context;https://ielts.org/take-a-test/test-types/ielts-general-training-test/ielts-general-training-format-writing :: 实际任务与评分边界 :: rule"
"WG-ADVISE","writing","general-training","product-teaching-tag","timed","missing","ielts-plan.WG-ADVISE.timed","","至少150词，约20分钟Task1训练，然后合并两任务60分钟；分配时间只是建议。 新的建议情境完整书信。 短训练预算属于教学安排。","保留新材料与题号、首答、实际支持/用时条件及反馈来源；看到模型、重播或AI改写要标辅助。","1","prompts","0","0","unknown","0","","","本类别没有已核实的timed专门内容与证据。","https://ielts.org/take-a-test/test-types/ielts-general-training-test/ielts-general-training-format-writing :: 书信功能 · 建议 :: teaching-context;https://ielts.org/take-a-test/test-types/ielts-general-training-test/ielts-general-training-format-writing :: 实际任务与评分边界 :: rule"
"WG-ADVISE","writing","general-training","product-teaching-tag","feedback","missing","ielts-plan.WG-ADVISE.feedback","","将缺失义务或语气问题定位到原稿，修一段后换题。 每个主张关联原稿文字及原题/图示；缺图不评价数据准确性。","human-text：原作答/原稿/录音的证据定位、具体原因、修订与新题重试；不把改稿覆盖原尝试。","1","workflows","0","0","unknown","0","","","本类别没有已核实的feedback专门内容与证据。","https://ielts.org/take-a-test/test-types/ielts-general-training-test/ielts-general-training-format-writing :: 书信功能 · 建议 :: teaching-context;https://ielts.org/take-a-test/test-types/ielts-general-training-test/ielts-general-training-format-writing :: 实际任务与评分边界 :: rule"
"WG-ADVISE","writing","general-training","product-teaching-tag","review","missing","ielts-plan.WG-ADVISE.review","","课程安排延迟后对象需要发生变化 保存新题、支持情况及与原问题关联；未测过保持未验证。","延迟后换材料/话题的第一遍无提示产出；记录原问题是否再次出现。间隔是课程选择，未验证时保持“未验证”。","1","workflows","0","0","unknown","0","","","本类别没有已核实的review专门内容与证据。","https://ielts.org/take-a-test/test-types/ielts-general-training-test/ielts-general-training-format-writing :: 书信功能 · 建议 :: teaching-context;https://ielts.org/take-a-test/test-types/ielts-general-training-test/ielts-general-training-format-writing :: 实际任务与评分边界 :: rule"
"WG-THANK","writing","general-training","product-teaching-tag","explain","missing","ielts-plan.WG-THANK.explain","","具体感谢及影响，避免程式化夸张。 用理解检查和小产出检查诊断。","可读/可播放的真实内容及理解或产出检查；仅存在规划文字不算学过。","1","explanations","0","0","unknown","0","","","本类别没有已核实的explain专门内容与证据。","https://ielts.org/take-a-test/test-types/ielts-general-training-test/ielts-general-training-format-writing :: 书信功能 · 感谢 :: teaching-context;https://ielts.org/take-a-test/test-types/ielts-general-training-test/ielts-general-training-format-writing :: 实际任务与评分边界 :: rule"
"WG-THANK","writing","general-training","product-teaching-tag","model","missing","ielts-plan.WG-THANK.model","","原创感谢信片段附目的/义务/语气注解。","可读/可播放的真实内容及理解或产出检查；仅存在规划文字不算学过。","1","models","0","0","unknown","0","","","本类别没有已核实的model专门内容与证据。","https://ielts.org/take-a-test/test-types/ielts-general-training-test/ielts-general-training-format-writing :: 书信功能 · 感谢 :: teaching-context;https://ielts.org/take-a-test/test-types/ielts-general-training-test/ielts-general-training-format-writing :: 实际任务与评分边界 :: rule"
"WG-THANK","writing","general-training","product-teaching-tag","guided","missing","ielts-plan.WG-THANK.guided","","先修一段含糊或不相关片段，再自行补计划；具体感谢及影响，避免程式化夸张。","可读/可播放的真实内容及理解或产出检查；仅存在规划文字不算学过。","1","workflows","0","0","unknown","0","","","本类别没有已核实的guided专门内容与证据。","https://ielts.org/take-a-test/test-types/ielts-general-training-test/ielts-general-training-format-writing :: 书信功能 · 感谢 :: teaching-context;https://ielts.org/take-a-test/test-types/ielts-general-training-test/ielts-general-training-format-writing :: 实际任务与评分边界 :: rule"
"WG-THANK","writing","general-training","product-teaching-tag","independent","missing","ielts-plan.WG-THANK.independent","","新的感谢情境完整书信。 隐藏旧模型/词句提示；保留第一遍，AI改稿标辅助。","保留新材料与题号、首答、实际支持/用时条件及反馈来源；看到模型、重播或AI改写要标辅助。","1","prompts","0","0","unknown","0","","","本类别没有已核实的independent专门内容与证据。","https://ielts.org/take-a-test/test-types/ielts-general-training-test/ielts-general-training-format-writing :: 书信功能 · 感谢 :: teaching-context;https://ielts.org/take-a-test/test-types/ielts-general-training-test/ielts-general-training-format-writing :: 实际任务与评分边界 :: rule"
"WG-THANK","writing","general-training","product-teaching-tag","timed","missing","ielts-plan.WG-THANK.timed","","至少150词，约20分钟Task1训练，然后合并两任务60分钟；分配时间只是建议。 新的感谢情境完整书信。 短训练预算属于教学安排。","保留新材料与题号、首答、实际支持/用时条件及反馈来源；看到模型、重播或AI改写要标辅助。","1","prompts","0","0","unknown","0","","","本类别没有已核实的timed专门内容与证据。","https://ielts.org/take-a-test/test-types/ielts-general-training-test/ielts-general-training-format-writing :: 书信功能 · 感谢 :: teaching-context;https://ielts.org/take-a-test/test-types/ielts-general-training-test/ielts-general-training-format-writing :: 实际任务与评分边界 :: rule"
"WG-THANK","writing","general-training","product-teaching-tag","feedback","missing","ielts-plan.WG-THANK.feedback","","将缺失义务或语气问题定位到原稿，修一段后换题。 每个主张关联原稿文字及原题/图示；缺图不评价数据准确性。","human-text：原作答/原稿/录音的证据定位、具体原因、修订与新题重试；不把改稿覆盖原尝试。","1","workflows","0","0","unknown","0","","","本类别没有已核实的feedback专门内容与证据。","https://ielts.org/take-a-test/test-types/ielts-general-training-test/ielts-general-training-format-writing :: 书信功能 · 感谢 :: teaching-context;https://ielts.org/take-a-test/test-types/ielts-general-training-test/ielts-general-training-format-writing :: 实际任务与评分边界 :: rule"
"WG-THANK","writing","general-training","product-teaching-tag","review","missing","ielts-plan.WG-THANK.review","","课程安排延迟后改变关系与感谢原因 保存新题、支持情况及与原问题关联；未测过保持未验证。","延迟后换材料/话题的第一遍无提示产出；记录原问题是否再次出现。间隔是课程选择，未验证时保持“未验证”。","1","workflows","0","0","unknown","0","","","本类别没有已核实的review专门内容与证据。","https://ielts.org/take-a-test/test-types/ielts-general-training-test/ielts-general-training-format-writing :: 书信功能 · 感谢 :: teaching-context;https://ielts.org/take-a-test/test-types/ielts-general-training-test/ielts-general-training-format-writing :: 实际任务与评分边界 :: rule"
"WG-APPLY","writing","general-training","product-teaching-tag","explain","missing","ielts-plan.WG-APPLY.explain","","说明相关兴趣/经验及题目要求的安排，不编必须信息。 用理解检查和小产出检查诊断。","可读/可播放的真实内容及理解或产出检查；仅存在规划文字不算学过。","1","explanations","0","0","unknown","0","","","本类别没有已核实的explain专门内容与证据。","https://ielts.org/take-a-test/test-types/ielts-general-training-test/ielts-general-training-format-writing :: 书信功能 · 申请/询问 :: teaching-context;https://ielts.org/take-a-test/test-types/ielts-general-training-test/ielts-general-training-format-writing :: 实际任务与评分边界 :: rule"
"WG-APPLY","writing","general-training","product-teaching-tag","model","missing","ielts-plan.WG-APPLY.model","","原创申请/询问信片段附目的/义务/语气注解。","可读/可播放的真实内容及理解或产出检查；仅存在规划文字不算学过。","1","models","0","0","unknown","0","","","本类别没有已核实的model专门内容与证据。","https://ielts.org/take-a-test/test-types/ielts-general-training-test/ielts-general-training-format-writing :: 书信功能 · 申请/询问 :: teaching-context;https://ielts.org/take-a-test/test-types/ielts-general-training-test/ielts-general-training-format-writing :: 实际任务与评分边界 :: rule"
"WG-APPLY","writing","general-training","product-teaching-tag","guided","missing","ielts-plan.WG-APPLY.guided","","先修一段含糊或不相关片段，再自行补计划；说明相关兴趣/经验及题目要求的安排，不编必须信息。","可读/可播放的真实内容及理解或产出检查；仅存在规划文字不算学过。","1","workflows","0","0","unknown","0","","","本类别没有已核实的guided专门内容与证据。","https://ielts.org/take-a-test/test-types/ielts-general-training-test/ielts-general-training-format-writing :: 书信功能 · 申请/询问 :: teaching-context;https://ielts.org/take-a-test/test-types/ielts-general-training-test/ielts-general-training-format-writing :: 实际任务与评分边界 :: rule"
"WG-APPLY","writing","general-training","product-teaching-tag","independent","missing","ielts-plan.WG-APPLY.independent","","新的申请/询问情境完整书信。 隐藏旧模型/词句提示；保留第一遍，AI改稿标辅助。","保留新材料与题号、首答、实际支持/用时条件及反馈来源；看到模型、重播或AI改写要标辅助。","1","prompts","0","0","unknown","0","","","本类别没有已核实的independent专门内容与证据。","https://ielts.org/take-a-test/test-types/ielts-general-training-test/ielts-general-training-format-writing :: 书信功能 · 申请/询问 :: teaching-context;https://ielts.org/take-a-test/test-types/ielts-general-training-test/ielts-general-training-format-writing :: 实际任务与评分边界 :: rule"
"WG-APPLY","writing","general-training","product-teaching-tag","timed","missing","ielts-plan.WG-APPLY.timed","","至少150词，约20分钟Task1训练，然后合并两任务60分钟；分配时间只是建议。 新的申请/询问情境完整书信。 短训练预算属于教学安排。","保留新材料与题号、首答、实际支持/用时条件及反馈来源；看到模型、重播或AI改写要标辅助。","1","prompts","0","0","unknown","0","","","本类别没有已核实的timed专门内容与证据。","https://ielts.org/take-a-test/test-types/ielts-general-training-test/ielts-general-training-format-writing :: 书信功能 · 申请/询问 :: teaching-context;https://ielts.org/take-a-test/test-types/ielts-general-training-test/ielts-general-training-format-writing :: 实际任务与评分边界 :: rule"
"WG-APPLY","writing","general-training","product-teaching-tag","feedback","missing","ielts-plan.WG-APPLY.feedback","","将缺失义务或语气问题定位到原稿，修一段后换题。 每个主张关联原稿文字及原题/图示；缺图不评价数据准确性。","human-text：原作答/原稿/录音的证据定位、具体原因、修订与新题重试；不把改稿覆盖原尝试。","1","workflows","0","0","unknown","0","","","本类别没有已核实的feedback专门内容与证据。","https://ielts.org/take-a-test/test-types/ielts-general-training-test/ielts-general-training-format-writing :: 书信功能 · 申请/询问 :: teaching-context;https://ielts.org/take-a-test/test-types/ielts-general-training-test/ielts-general-training-format-writing :: 实际任务与评分边界 :: rule"
"WG-APPLY","writing","general-training","product-teaching-tag","review","missing","ielts-plan.WG-APPLY.review","","课程安排延迟后新岗位或询问情境 保存新题、支持情况及与原问题关联；未测过保持未验证。","延迟后换材料/话题的第一遍无提示产出；记录原问题是否再次出现。间隔是课程选择，未验证时保持“未验证”。","1","workflows","0","0","unknown","0","","","本类别没有已核实的review专门内容与证据。","https://ielts.org/take-a-test/test-types/ielts-general-training-test/ielts-general-training-format-writing :: 书信功能 · 申请/询问 :: teaching-context;https://ielts.org/take-a-test/test-types/ielts-general-training-test/ielts-general-training-format-writing :: 实际任务与评分边界 :: rule"
"WT-OPINION","writing","academic","product-teaching-tag","explain","partial","ielts-plan.WT-OPINION.explain","writing-task-two","就准确命题形成并论证立场，可按理由限定程度。 用理解检查和小产出检查诊断。","可读/可播放的真实内容及理解或产出检查；仅存在规划文字不算学过。","1","explanations","1","unknown","unknown","0","ielts-w3","app/data/ielts.json#writing.ielts-w3;app/ielts-journey-content.ts#write-reason","1双边讨论+个人观点题/1原创未评分参考；适用两种essay准备，但不能覆盖所有题目命令、语体或混合题。 原因/例子桥接，1示范/1引导/3填词；不能作为议论文展开或独立写作成功。","https://ielts.org/news-and-insights/ielts-writing-task-2-how-to-understand-ielts-question-prompts :: Task2命令 · 观点/程度 :: teaching-context;https://ielts.org/news-and-insights/ielts-writing-task-2-how-to-understand-ielts-question-prompts :: 实际任务与评分边界 :: rule"
"WT-OPINION","writing","academic","product-teaching-tag","model","partial","ielts-plan.WT-OPINION.model","writing-task-two","原创计划/段落带义务映射及弱替代对照，不复制范文。","可读/可播放的真实内容及理解或产出检查；仅存在规划文字不算学过。","1","models","1","unknown","unknown","0","ielts-w3.sample","app/data/ielts.json#writing.ielts-w3;app/ielts-journey-content.ts#write-reason","1双边讨论+个人观点题/1原创未评分参考；适用两种essay准备，但不能覆盖所有题目命令、语体或混合题。 原因/例子桥接，1示范/1引导/3填词；不能作为议论文展开或独立写作成功。","https://ielts.org/news-and-insights/ielts-writing-task-2-how-to-understand-ielts-question-prompts :: Task2命令 · 观点/程度 :: teaching-context;https://ielts.org/news-and-insights/ielts-writing-task-2-how-to-understand-ielts-question-prompts :: 实际任务与评分边界 :: rule"
"WT-OPINION","writing","academic","product-teaching-tag","guided","partial","ielts-plan.WT-OPINION.guided","writing-task-two","题目着色标义务，按就准确命题形成并论证立场，可按理由限定程度。生成自己的推理链。","可读/可播放的真实内容及理解或产出检查；仅存在规划文字不算学过。","1","workflows","0","0","unknown","0","","app/ielts-journey-content.ts#write-reason","原因/例子桥接，1示范/1引导/3填词；不能作为议论文展开或独立写作成功。","https://ielts.org/news-and-insights/ielts-writing-task-2-how-to-understand-ielts-question-prompts :: Task2命令 · 观点/程度 :: teaching-context;https://ielts.org/news-and-insights/ielts-writing-task-2-how-to-understand-ielts-question-prompts :: 实际任务与评分边界 :: rule"
"WT-OPINION","writing","academic","product-teaching-tag","independent","partial","ielts-plan.WT-OPINION.independent","writing-task-two","新题essay，保持原问题并核对每一项义务。 隐藏旧模型/词句提示；保留第一遍，AI改稿标辅助。","保留新材料与题号、首答、实际支持/用时条件及反馈来源；看到模型、重播或AI改写要标辅助。","1","prompts","1","unknown","unknown","0","ielts-w3","app/data/ielts.json#writing.ielts-w3;app/ielts-journey-content.ts#write-reason","1双边讨论+个人观点题/1原创未评分参考；适用两种essay准备，但不能覆盖所有题目命令、语体或混合题。 原因/例子桥接，1示范/1引导/3填词；不能作为议论文展开或独立写作成功。","https://ielts.org/news-and-insights/ielts-writing-task-2-how-to-understand-ielts-question-prompts :: Task2命令 · 观点/程度 :: teaching-context;https://ielts.org/news-and-insights/ielts-writing-task-2-how-to-understand-ielts-question-prompts :: 实际任务与评分边界 :: rule"
"WT-OPINION","writing","academic","product-teaching-tag","timed","partial","ielts-plan.WT-OPINION.timed","writing-task-two","至少250词，约40分钟essay训练，然后合并两任务60分钟；分配时间只是建议。 新题essay，保持原问题并核对每一项义务。 短训练预算属于教学安排。","保留新材料与题号、首答、实际支持/用时条件及反馈来源；看到模型、重播或AI改写要标辅助。","1","prompts","1","unknown","unknown","0","ielts-w3","app/data/ielts.json#writing.ielts-w3","1双边讨论+个人观点题/1原创未评分参考；适用两种essay准备，但不能覆盖所有题目命令、语体或混合题。","https://ielts.org/news-and-insights/ielts-writing-task-2-how-to-understand-ielts-question-prompts :: Task2命令 · 观点/程度 :: teaching-context;https://ielts.org/news-and-insights/ielts-writing-task-2-how-to-understand-ielts-question-prompts :: 实际任务与评分边界 :: rule"
"WT-OPINION","writing","academic","product-teaching-tag","feedback","partial","ielts-plan.WT-OPINION.feedback","writing-task-two","用段落→义务映射找到遗漏/不相关/无发展处，局部修复后新写。 每个主张关联原稿文字及原题/图示；缺图不评价数据准确性。","human-text：原作答/原稿/录音的证据定位、具体原因、修订与新题重试；不把改稿覆盖原尝试。","1","workflows","1","unknown","unknown","0","ielts-w3","app/data/ielts.json#writing.ielts-w3;app/ielts-journey-content.ts#write-reason","1双边讨论+个人观点题/1原创未评分参考；适用两种essay准备，但不能覆盖所有题目命令、语体或混合题。 原因/例子桥接，1示范/1引导/3填词；不能作为议论文展开或独立写作成功。","https://ielts.org/news-and-insights/ielts-writing-task-2-how-to-understand-ielts-question-prompts :: Task2命令 · 观点/程度 :: teaching-context;https://ielts.org/news-and-insights/ielts-writing-task-2-how-to-understand-ielts-question-prompts :: 实际任务与评分边界 :: rule"
"WT-OPINION","writing","academic","product-teaching-tag","review","partial","ielts-plan.WT-OPINION.review","writing-task-two","课程安排延迟后同主题改变命题 保存新题、支持情况及与原问题关联；未测过保持未验证。","延迟后换材料/话题的第一遍无提示产出；记录原问题是否再次出现。间隔是课程选择，未验证时保持“未验证”。","1","workflows","0","0","unknown","0","","app/ielts-journey-content.ts#write-reason","原因/例子桥接，1示范/1引导/3填词；不能作为议论文展开或独立写作成功。","https://ielts.org/news-and-insights/ielts-writing-task-2-how-to-understand-ielts-question-prompts :: Task2命令 · 观点/程度 :: teaching-context;https://ielts.org/news-and-insights/ielts-writing-task-2-how-to-understand-ielts-question-prompts :: 实际任务与评分边界 :: rule"
"WT-OPINION","writing","general-training","product-teaching-tag","explain","partial","ielts-plan.WT-OPINION.explain","writing-task-two","就准确命题形成并论证立场，可按理由限定程度。 用理解检查和小产出检查诊断。","可读/可播放的真实内容及理解或产出检查；仅存在规划文字不算学过。","1","explanations","1","unknown","unknown","0","ielts-w3","app/data/ielts.json#writing.ielts-w3;app/ielts-journey-content.ts#write-reason","1双边讨论+个人观点题/1原创未评分参考；适用两种essay准备，但不能覆盖所有题目命令、语体或混合题。 原因/例子桥接，1示范/1引导/3填词；不能作为议论文展开或独立写作成功。","https://ielts.org/news-and-insights/ielts-writing-task-2-how-to-understand-ielts-question-prompts :: Task2命令 · 观点/程度 :: teaching-context;https://ielts.org/news-and-insights/ielts-writing-task-2-how-to-understand-ielts-question-prompts :: 实际任务与评分边界 :: rule"
"WT-OPINION","writing","general-training","product-teaching-tag","model","partial","ielts-plan.WT-OPINION.model","writing-task-two","原创计划/段落带义务映射及弱替代对照，不复制范文。","可读/可播放的真实内容及理解或产出检查；仅存在规划文字不算学过。","1","models","1","unknown","unknown","0","ielts-w3.sample","app/data/ielts.json#writing.ielts-w3;app/ielts-journey-content.ts#write-reason","1双边讨论+个人观点题/1原创未评分参考；适用两种essay准备，但不能覆盖所有题目命令、语体或混合题。 原因/例子桥接，1示范/1引导/3填词；不能作为议论文展开或独立写作成功。","https://ielts.org/news-and-insights/ielts-writing-task-2-how-to-understand-ielts-question-prompts :: Task2命令 · 观点/程度 :: teaching-context;https://ielts.org/news-and-insights/ielts-writing-task-2-how-to-understand-ielts-question-prompts :: 实际任务与评分边界 :: rule"
"WT-OPINION","writing","general-training","product-teaching-tag","guided","partial","ielts-plan.WT-OPINION.guided","writing-task-two","题目着色标义务，按就准确命题形成并论证立场，可按理由限定程度。生成自己的推理链。","可读/可播放的真实内容及理解或产出检查；仅存在规划文字不算学过。","1","workflows","0","0","unknown","0","","app/ielts-journey-content.ts#write-reason","原因/例子桥接，1示范/1引导/3填词；不能作为议论文展开或独立写作成功。","https://ielts.org/news-and-insights/ielts-writing-task-2-how-to-understand-ielts-question-prompts :: Task2命令 · 观点/程度 :: teaching-context;https://ielts.org/news-and-insights/ielts-writing-task-2-how-to-understand-ielts-question-prompts :: 实际任务与评分边界 :: rule"
"WT-OPINION","writing","general-training","product-teaching-tag","independent","partial","ielts-plan.WT-OPINION.independent","writing-task-two","新题essay，保持原问题并核对每一项义务。 隐藏旧模型/词句提示；保留第一遍，AI改稿标辅助。","保留新材料与题号、首答、实际支持/用时条件及反馈来源；看到模型、重播或AI改写要标辅助。","1","prompts","1","unknown","unknown","0","ielts-w3","app/data/ielts.json#writing.ielts-w3;app/ielts-journey-content.ts#write-reason","1双边讨论+个人观点题/1原创未评分参考；适用两种essay准备，但不能覆盖所有题目命令、语体或混合题。 原因/例子桥接，1示范/1引导/3填词；不能作为议论文展开或独立写作成功。","https://ielts.org/news-and-insights/ielts-writing-task-2-how-to-understand-ielts-question-prompts :: Task2命令 · 观点/程度 :: teaching-context;https://ielts.org/news-and-insights/ielts-writing-task-2-how-to-understand-ielts-question-prompts :: 实际任务与评分边界 :: rule"
"WT-OPINION","writing","general-training","product-teaching-tag","timed","partial","ielts-plan.WT-OPINION.timed","writing-task-two","至少250词，约40分钟essay训练，然后合并两任务60分钟；分配时间只是建议。 新题essay，保持原问题并核对每一项义务。 短训练预算属于教学安排。","保留新材料与题号、首答、实际支持/用时条件及反馈来源；看到模型、重播或AI改写要标辅助。","1","prompts","1","unknown","unknown","0","ielts-w3","app/data/ielts.json#writing.ielts-w3","1双边讨论+个人观点题/1原创未评分参考；适用两种essay准备，但不能覆盖所有题目命令、语体或混合题。","https://ielts.org/news-and-insights/ielts-writing-task-2-how-to-understand-ielts-question-prompts :: Task2命令 · 观点/程度 :: teaching-context;https://ielts.org/news-and-insights/ielts-writing-task-2-how-to-understand-ielts-question-prompts :: 实际任务与评分边界 :: rule"
"WT-OPINION","writing","general-training","product-teaching-tag","feedback","partial","ielts-plan.WT-OPINION.feedback","writing-task-two","用段落→义务映射找到遗漏/不相关/无发展处，局部修复后新写。 每个主张关联原稿文字及原题/图示；缺图不评价数据准确性。","human-text：原作答/原稿/录音的证据定位、具体原因、修订与新题重试；不把改稿覆盖原尝试。","1","workflows","1","unknown","unknown","0","ielts-w3","app/data/ielts.json#writing.ielts-w3;app/ielts-journey-content.ts#write-reason","1双边讨论+个人观点题/1原创未评分参考；适用两种essay准备，但不能覆盖所有题目命令、语体或混合题。 原因/例子桥接，1示范/1引导/3填词；不能作为议论文展开或独立写作成功。","https://ielts.org/news-and-insights/ielts-writing-task-2-how-to-understand-ielts-question-prompts :: Task2命令 · 观点/程度 :: teaching-context;https://ielts.org/news-and-insights/ielts-writing-task-2-how-to-understand-ielts-question-prompts :: 实际任务与评分边界 :: rule"
"WT-OPINION","writing","general-training","product-teaching-tag","review","partial","ielts-plan.WT-OPINION.review","writing-task-two","课程安排延迟后同主题改变命题 保存新题、支持情况及与原问题关联；未测过保持未验证。","延迟后换材料/话题的第一遍无提示产出；记录原问题是否再次出现。间隔是课程选择，未验证时保持“未验证”。","1","workflows","0","0","unknown","0","","app/ielts-journey-content.ts#write-reason","原因/例子桥接，1示范/1引导/3填词；不能作为议论文展开或独立写作成功。","https://ielts.org/news-and-insights/ielts-writing-task-2-how-to-understand-ielts-question-prompts :: Task2命令 · 观点/程度 :: teaching-context;https://ielts.org/news-and-insights/ielts-writing-task-2-how-to-understand-ielts-question-prompts :: 实际任务与评分边界 :: rule"
"WT-DISCUSS","writing","academic","product-teaching-tag","explain","partial","ielts-plan.WT-DISCUSS.explain","writing-task-two","解释双方为何有道理；要求时还要给自己的评价。 用理解检查和小产出检查诊断。","可读/可播放的真实内容及理解或产出检查；仅存在规划文字不算学过。","1","explanations","1","unknown","unknown","0","ielts-w3","app/data/ielts.json#writing.ielts-w3;app/ielts-journey-content.ts#write-reason","1双边讨论+个人观点题/1原创未评分参考；适用两种essay准备，但不能覆盖所有题目命令、语体或混合题。 原因/例子桥接，1示范/1引导/3填词；不能作为议论文展开或独立写作成功。","https://ielts.org/news-and-insights/ielts-writing-task-2-how-to-understand-ielts-question-prompts :: Task2命令 · 双边讨论 :: teaching-context;https://ielts.org/news-and-insights/ielts-writing-task-2-how-to-understand-ielts-question-prompts :: 实际任务与评分边界 :: rule"
"WT-DISCUSS","writing","academic","product-teaching-tag","model","partial","ielts-plan.WT-DISCUSS.model","writing-task-two","原创计划/段落带义务映射及弱替代对照，不复制范文。","可读/可播放的真实内容及理解或产出检查；仅存在规划文字不算学过。","1","models","1","unknown","unknown","0","ielts-w3.sample","app/data/ielts.json#writing.ielts-w3;app/ielts-journey-content.ts#write-reason","1双边讨论+个人观点题/1原创未评分参考；适用两种essay准备，但不能覆盖所有题目命令、语体或混合题。 原因/例子桥接，1示范/1引导/3填词；不能作为议论文展开或独立写作成功。","https://ielts.org/news-and-insights/ielts-writing-task-2-how-to-understand-ielts-question-prompts :: Task2命令 · 双边讨论 :: teaching-context;https://ielts.org/news-and-insights/ielts-writing-task-2-how-to-understand-ielts-question-prompts :: 实际任务与评分边界 :: rule"
"WT-DISCUSS","writing","academic","product-teaching-tag","guided","partial","ielts-plan.WT-DISCUSS.guided","writing-task-two","题目着色标义务，按解释双方为何有道理；要求时还要给自己的评价。生成自己的推理链。","可读/可播放的真实内容及理解或产出检查；仅存在规划文字不算学过。","1","workflows","0","0","unknown","0","","app/ielts-journey-content.ts#write-reason","原因/例子桥接，1示范/1引导/3填词；不能作为议论文展开或独立写作成功。","https://ielts.org/news-and-insights/ielts-writing-task-2-how-to-understand-ielts-question-prompts :: Task2命令 · 双边讨论 :: teaching-context;https://ielts.org/news-and-insights/ielts-writing-task-2-how-to-understand-ielts-question-prompts :: 实际任务与评分边界 :: rule"
"WT-DISCUSS","writing","academic","product-teaching-tag","independent","partial","ielts-plan.WT-DISCUSS.independent","writing-task-two","新题essay，保持原问题并核对每一项义务。 隐藏旧模型/词句提示；保留第一遍，AI改稿标辅助。","保留新材料与题号、首答、实际支持/用时条件及反馈来源；看到模型、重播或AI改写要标辅助。","1","prompts","1","unknown","unknown","0","ielts-w3","app/data/ielts.json#writing.ielts-w3;app/ielts-journey-content.ts#write-reason","1双边讨论+个人观点题/1原创未评分参考；适用两种essay准备，但不能覆盖所有题目命令、语体或混合题。 原因/例子桥接，1示范/1引导/3填词；不能作为议论文展开或独立写作成功。","https://ielts.org/news-and-insights/ielts-writing-task-2-how-to-understand-ielts-question-prompts :: Task2命令 · 双边讨论 :: teaching-context;https://ielts.org/news-and-insights/ielts-writing-task-2-how-to-understand-ielts-question-prompts :: 实际任务与评分边界 :: rule"
"WT-DISCUSS","writing","academic","product-teaching-tag","timed","partial","ielts-plan.WT-DISCUSS.timed","writing-task-two","至少250词，约40分钟essay训练，然后合并两任务60分钟；分配时间只是建议。 新题essay，保持原问题并核对每一项义务。 短训练预算属于教学安排。","保留新材料与题号、首答、实际支持/用时条件及反馈来源；看到模型、重播或AI改写要标辅助。","1","prompts","1","unknown","unknown","0","ielts-w3","app/data/ielts.json#writing.ielts-w3","1双边讨论+个人观点题/1原创未评分参考；适用两种essay准备，但不能覆盖所有题目命令、语体或混合题。","https://ielts.org/news-and-insights/ielts-writing-task-2-how-to-understand-ielts-question-prompts :: Task2命令 · 双边讨论 :: teaching-context;https://ielts.org/news-and-insights/ielts-writing-task-2-how-to-understand-ielts-question-prompts :: 实际任务与评分边界 :: rule"
"WT-DISCUSS","writing","academic","product-teaching-tag","feedback","partial","ielts-plan.WT-DISCUSS.feedback","writing-task-two","用段落→义务映射找到遗漏/不相关/无发展处，局部修复后新写。 每个主张关联原稿文字及原题/图示；缺图不评价数据准确性。","human-text：原作答/原稿/录音的证据定位、具体原因、修订与新题重试；不把改稿覆盖原尝试。","1","workflows","1","unknown","unknown","0","ielts-w3","app/data/ielts.json#writing.ielts-w3;app/ielts-journey-content.ts#write-reason","1双边讨论+个人观点题/1原创未评分参考；适用两种essay准备，但不能覆盖所有题目命令、语体或混合题。 原因/例子桥接，1示范/1引导/3填词；不能作为议论文展开或独立写作成功。","https://ielts.org/news-and-insights/ielts-writing-task-2-how-to-understand-ielts-question-prompts :: Task2命令 · 双边讨论 :: teaching-context;https://ielts.org/news-and-insights/ielts-writing-task-2-how-to-understand-ielts-question-prompts :: 实际任务与评分边界 :: rule"
"WT-DISCUSS","writing","academic","product-teaching-tag","review","partial","ielts-plan.WT-DISCUSS.review","writing-task-two","课程安排延迟后两边依据不对称的新题 保存新题、支持情况及与原问题关联；未测过保持未验证。","延迟后换材料/话题的第一遍无提示产出；记录原问题是否再次出现。间隔是课程选择，未验证时保持“未验证”。","1","workflows","0","0","unknown","0","","app/ielts-journey-content.ts#write-reason","原因/例子桥接，1示范/1引导/3填词；不能作为议论文展开或独立写作成功。","https://ielts.org/news-and-insights/ielts-writing-task-2-how-to-understand-ielts-question-prompts :: Task2命令 · 双边讨论 :: teaching-context;https://ielts.org/news-and-insights/ielts-writing-task-2-how-to-understand-ielts-question-prompts :: 实际任务与评分边界 :: rule"
"WT-DISCUSS","writing","general-training","product-teaching-tag","explain","partial","ielts-plan.WT-DISCUSS.explain","writing-task-two","解释双方为何有道理；要求时还要给自己的评价。 用理解检查和小产出检查诊断。","可读/可播放的真实内容及理解或产出检查；仅存在规划文字不算学过。","1","explanations","1","unknown","unknown","0","ielts-w3","app/data/ielts.json#writing.ielts-w3;app/ielts-journey-content.ts#write-reason","1双边讨论+个人观点题/1原创未评分参考；适用两种essay准备，但不能覆盖所有题目命令、语体或混合题。 原因/例子桥接，1示范/1引导/3填词；不能作为议论文展开或独立写作成功。","https://ielts.org/news-and-insights/ielts-writing-task-2-how-to-understand-ielts-question-prompts :: Task2命令 · 双边讨论 :: teaching-context;https://ielts.org/news-and-insights/ielts-writing-task-2-how-to-understand-ielts-question-prompts :: 实际任务与评分边界 :: rule"
"WT-DISCUSS","writing","general-training","product-teaching-tag","model","partial","ielts-plan.WT-DISCUSS.model","writing-task-two","原创计划/段落带义务映射及弱替代对照，不复制范文。","可读/可播放的真实内容及理解或产出检查；仅存在规划文字不算学过。","1","models","1","unknown","unknown","0","ielts-w3.sample","app/data/ielts.json#writing.ielts-w3;app/ielts-journey-content.ts#write-reason","1双边讨论+个人观点题/1原创未评分参考；适用两种essay准备，但不能覆盖所有题目命令、语体或混合题。 原因/例子桥接，1示范/1引导/3填词；不能作为议论文展开或独立写作成功。","https://ielts.org/news-and-insights/ielts-writing-task-2-how-to-understand-ielts-question-prompts :: Task2命令 · 双边讨论 :: teaching-context;https://ielts.org/news-and-insights/ielts-writing-task-2-how-to-understand-ielts-question-prompts :: 实际任务与评分边界 :: rule"
"WT-DISCUSS","writing","general-training","product-teaching-tag","guided","partial","ielts-plan.WT-DISCUSS.guided","writing-task-two","题目着色标义务，按解释双方为何有道理；要求时还要给自己的评价。生成自己的推理链。","可读/可播放的真实内容及理解或产出检查；仅存在规划文字不算学过。","1","workflows","0","0","unknown","0","","app/ielts-journey-content.ts#write-reason","原因/例子桥接，1示范/1引导/3填词；不能作为议论文展开或独立写作成功。","https://ielts.org/news-and-insights/ielts-writing-task-2-how-to-understand-ielts-question-prompts :: Task2命令 · 双边讨论 :: teaching-context;https://ielts.org/news-and-insights/ielts-writing-task-2-how-to-understand-ielts-question-prompts :: 实际任务与评分边界 :: rule"
"WT-DISCUSS","writing","general-training","product-teaching-tag","independent","partial","ielts-plan.WT-DISCUSS.independent","writing-task-two","新题essay，保持原问题并核对每一项义务。 隐藏旧模型/词句提示；保留第一遍，AI改稿标辅助。","保留新材料与题号、首答、实际支持/用时条件及反馈来源；看到模型、重播或AI改写要标辅助。","1","prompts","1","unknown","unknown","0","ielts-w3","app/data/ielts.json#writing.ielts-w3;app/ielts-journey-content.ts#write-reason","1双边讨论+个人观点题/1原创未评分参考；适用两种essay准备，但不能覆盖所有题目命令、语体或混合题。 原因/例子桥接，1示范/1引导/3填词；不能作为议论文展开或独立写作成功。","https://ielts.org/news-and-insights/ielts-writing-task-2-how-to-understand-ielts-question-prompts :: Task2命令 · 双边讨论 :: teaching-context;https://ielts.org/news-and-insights/ielts-writing-task-2-how-to-understand-ielts-question-prompts :: 实际任务与评分边界 :: rule"
"WT-DISCUSS","writing","general-training","product-teaching-tag","timed","partial","ielts-plan.WT-DISCUSS.timed","writing-task-two","至少250词，约40分钟essay训练，然后合并两任务60分钟；分配时间只是建议。 新题essay，保持原问题并核对每一项义务。 短训练预算属于教学安排。","保留新材料与题号、首答、实际支持/用时条件及反馈来源；看到模型、重播或AI改写要标辅助。","1","prompts","1","unknown","unknown","0","ielts-w3","app/data/ielts.json#writing.ielts-w3","1双边讨论+个人观点题/1原创未评分参考；适用两种essay准备，但不能覆盖所有题目命令、语体或混合题。","https://ielts.org/news-and-insights/ielts-writing-task-2-how-to-understand-ielts-question-prompts :: Task2命令 · 双边讨论 :: teaching-context;https://ielts.org/news-and-insights/ielts-writing-task-2-how-to-understand-ielts-question-prompts :: 实际任务与评分边界 :: rule"
"WT-DISCUSS","writing","general-training","product-teaching-tag","feedback","partial","ielts-plan.WT-DISCUSS.feedback","writing-task-two","用段落→义务映射找到遗漏/不相关/无发展处，局部修复后新写。 每个主张关联原稿文字及原题/图示；缺图不评价数据准确性。","human-text：原作答/原稿/录音的证据定位、具体原因、修订与新题重试；不把改稿覆盖原尝试。","1","workflows","1","unknown","unknown","0","ielts-w3","app/data/ielts.json#writing.ielts-w3;app/ielts-journey-content.ts#write-reason","1双边讨论+个人观点题/1原创未评分参考；适用两种essay准备，但不能覆盖所有题目命令、语体或混合题。 原因/例子桥接，1示范/1引导/3填词；不能作为议论文展开或独立写作成功。","https://ielts.org/news-and-insights/ielts-writing-task-2-how-to-understand-ielts-question-prompts :: Task2命令 · 双边讨论 :: teaching-context;https://ielts.org/news-and-insights/ielts-writing-task-2-how-to-understand-ielts-question-prompts :: 实际任务与评分边界 :: rule"
"WT-DISCUSS","writing","general-training","product-teaching-tag","review","partial","ielts-plan.WT-DISCUSS.review","writing-task-two","课程安排延迟后两边依据不对称的新题 保存新题、支持情况及与原问题关联；未测过保持未验证。","延迟后换材料/话题的第一遍无提示产出；记录原问题是否再次出现。间隔是课程选择，未验证时保持“未验证”。","1","workflows","0","0","unknown","0","","app/ielts-journey-content.ts#write-reason","原因/例子桥接，1示范/1引导/3填词；不能作为议论文展开或独立写作成功。","https://ielts.org/news-and-insights/ielts-writing-task-2-how-to-understand-ielts-question-prompts :: Task2命令 · 双边讨论 :: teaching-context;https://ielts.org/news-and-insights/ielts-writing-task-2-how-to-understand-ielts-question-prompts :: 实际任务与评分边界 :: rule"
"WT-ADVDIS","writing","academic","product-teaching-tag","explain","missing","ielts-plan.WT-ADVDIS.explain","writing-task-two","展开题目要求的两侧，并识别是否另需判断。 用理解检查和小产出检查诊断。","可读/可播放的真实内容及理解或产出检查；仅存在规划文字不算学过。","1","explanations","0","0","unknown","0","","","本类别没有已核实的explain专门内容与证据。","https://ielts.org/news-and-insights/ielts-writing-task-2-how-to-understand-ielts-question-prompts :: Task2命令 · 利弊 :: teaching-context;https://ielts.org/news-and-insights/ielts-writing-task-2-how-to-understand-ielts-question-prompts :: 实际任务与评分边界 :: rule"
"WT-ADVDIS","writing","academic","product-teaching-tag","model","missing","ielts-plan.WT-ADVDIS.model","writing-task-two","原创计划/段落带义务映射及弱替代对照，不复制范文。","可读/可播放的真实内容及理解或产出检查；仅存在规划文字不算学过。","1","models","0","0","unknown","0","","","本类别没有已核实的model专门内容与证据。","https://ielts.org/news-and-insights/ielts-writing-task-2-how-to-understand-ielts-question-prompts :: Task2命令 · 利弊 :: teaching-context;https://ielts.org/news-and-insights/ielts-writing-task-2-how-to-understand-ielts-question-prompts :: 实际任务与评分边界 :: rule"
"WT-ADVDIS","writing","academic","product-teaching-tag","guided","missing","ielts-plan.WT-ADVDIS.guided","writing-task-two","题目着色标义务，按展开题目要求的两侧，并识别是否另需判断。生成自己的推理链。","可读/可播放的真实内容及理解或产出检查；仅存在规划文字不算学过。","1","workflows","0","0","unknown","0","","","本类别没有已核实的guided专门内容与证据。","https://ielts.org/news-and-insights/ielts-writing-task-2-how-to-understand-ielts-question-prompts :: Task2命令 · 利弊 :: teaching-context;https://ielts.org/news-and-insights/ielts-writing-task-2-how-to-understand-ielts-question-prompts :: 实际任务与评分边界 :: rule"
"WT-ADVDIS","writing","academic","product-teaching-tag","independent","missing","ielts-plan.WT-ADVDIS.independent","writing-task-two","新题essay，保持原问题并核对每一项义务。 隐藏旧模型/词句提示；保留第一遍，AI改稿标辅助。","保留新材料与题号、首答、实际支持/用时条件及反馈来源；看到模型、重播或AI改写要标辅助。","1","prompts","0","0","unknown","0","","","本类别没有已核实的independent专门内容与证据。","https://ielts.org/news-and-insights/ielts-writing-task-2-how-to-understand-ielts-question-prompts :: Task2命令 · 利弊 :: teaching-context;https://ielts.org/news-and-insights/ielts-writing-task-2-how-to-understand-ielts-question-prompts :: 实际任务与评分边界 :: rule"
"WT-ADVDIS","writing","academic","product-teaching-tag","timed","missing","ielts-plan.WT-ADVDIS.timed","writing-task-two","至少250词，约40分钟essay训练，然后合并两任务60分钟；分配时间只是建议。 新题essay，保持原问题并核对每一项义务。 短训练预算属于教学安排。","保留新材料与题号、首答、实际支持/用时条件及反馈来源；看到模型、重播或AI改写要标辅助。","1","prompts","0","0","unknown","0","","","本类别没有已核实的timed专门内容与证据。","https://ielts.org/news-and-insights/ielts-writing-task-2-how-to-understand-ielts-question-prompts :: Task2命令 · 利弊 :: teaching-context;https://ielts.org/news-and-insights/ielts-writing-task-2-how-to-understand-ielts-question-prompts :: 实际任务与评分边界 :: rule"
"WT-ADVDIS","writing","academic","product-teaching-tag","feedback","missing","ielts-plan.WT-ADVDIS.feedback","writing-task-two","用段落→义务映射找到遗漏/不相关/无发展处，局部修复后新写。 每个主张关联原稿文字及原题/图示；缺图不评价数据准确性。","human-text：原作答/原稿/录音的证据定位、具体原因、修订与新题重试；不把改稿覆盖原尝试。","1","workflows","0","0","unknown","0","","","本类别没有已核实的feedback专门内容与证据。","https://ielts.org/news-and-insights/ielts-writing-task-2-how-to-understand-ielts-question-prompts :: Task2命令 · 利弊 :: teaching-context;https://ielts.org/news-and-insights/ielts-writing-task-2-how-to-understand-ielts-question-prompts :: 实际任务与评分边界 :: rule"
"WT-ADVDIS","writing","academic","product-teaching-tag","review","missing","ielts-plan.WT-ADVDIS.review","writing-task-two","课程安排延迟后改变利益主体 保存新题、支持情况及与原问题关联；未测过保持未验证。","延迟后换材料/话题的第一遍无提示产出；记录原问题是否再次出现。间隔是课程选择，未验证时保持“未验证”。","1","workflows","0","0","unknown","0","","","本类别没有已核实的review专门内容与证据。","https://ielts.org/news-and-insights/ielts-writing-task-2-how-to-understand-ielts-question-prompts :: Task2命令 · 利弊 :: teaching-context;https://ielts.org/news-and-insights/ielts-writing-task-2-how-to-understand-ielts-question-prompts :: 实际任务与评分边界 :: rule"
"WT-ADVDIS","writing","general-training","product-teaching-tag","explain","missing","ielts-plan.WT-ADVDIS.explain","writing-task-two","展开题目要求的两侧，并识别是否另需判断。 用理解检查和小产出检查诊断。","可读/可播放的真实内容及理解或产出检查；仅存在规划文字不算学过。","1","explanations","0","0","unknown","0","","","本类别没有已核实的explain专门内容与证据。","https://ielts.org/news-and-insights/ielts-writing-task-2-how-to-understand-ielts-question-prompts :: Task2命令 · 利弊 :: teaching-context;https://ielts.org/news-and-insights/ielts-writing-task-2-how-to-understand-ielts-question-prompts :: 实际任务与评分边界 :: rule"
"WT-ADVDIS","writing","general-training","product-teaching-tag","model","missing","ielts-plan.WT-ADVDIS.model","writing-task-two","原创计划/段落带义务映射及弱替代对照，不复制范文。","可读/可播放的真实内容及理解或产出检查；仅存在规划文字不算学过。","1","models","0","0","unknown","0","","","本类别没有已核实的model专门内容与证据。","https://ielts.org/news-and-insights/ielts-writing-task-2-how-to-understand-ielts-question-prompts :: Task2命令 · 利弊 :: teaching-context;https://ielts.org/news-and-insights/ielts-writing-task-2-how-to-understand-ielts-question-prompts :: 实际任务与评分边界 :: rule"
"WT-ADVDIS","writing","general-training","product-teaching-tag","guided","missing","ielts-plan.WT-ADVDIS.guided","writing-task-two","题目着色标义务，按展开题目要求的两侧，并识别是否另需判断。生成自己的推理链。","可读/可播放的真实内容及理解或产出检查；仅存在规划文字不算学过。","1","workflows","0","0","unknown","0","","","本类别没有已核实的guided专门内容与证据。","https://ielts.org/news-and-insights/ielts-writing-task-2-how-to-understand-ielts-question-prompts :: Task2命令 · 利弊 :: teaching-context;https://ielts.org/news-and-insights/ielts-writing-task-2-how-to-understand-ielts-question-prompts :: 实际任务与评分边界 :: rule"
"WT-ADVDIS","writing","general-training","product-teaching-tag","independent","missing","ielts-plan.WT-ADVDIS.independent","writing-task-two","新题essay，保持原问题并核对每一项义务。 隐藏旧模型/词句提示；保留第一遍，AI改稿标辅助。","保留新材料与题号、首答、实际支持/用时条件及反馈来源；看到模型、重播或AI改写要标辅助。","1","prompts","0","0","unknown","0","","","本类别没有已核实的independent专门内容与证据。","https://ielts.org/news-and-insights/ielts-writing-task-2-how-to-understand-ielts-question-prompts :: Task2命令 · 利弊 :: teaching-context;https://ielts.org/news-and-insights/ielts-writing-task-2-how-to-understand-ielts-question-prompts :: 实际任务与评分边界 :: rule"
"WT-ADVDIS","writing","general-training","product-teaching-tag","timed","missing","ielts-plan.WT-ADVDIS.timed","writing-task-two","至少250词，约40分钟essay训练，然后合并两任务60分钟；分配时间只是建议。 新题essay，保持原问题并核对每一项义务。 短训练预算属于教学安排。","保留新材料与题号、首答、实际支持/用时条件及反馈来源；看到模型、重播或AI改写要标辅助。","1","prompts","0","0","unknown","0","","","本类别没有已核实的timed专门内容与证据。","https://ielts.org/news-and-insights/ielts-writing-task-2-how-to-understand-ielts-question-prompts :: Task2命令 · 利弊 :: teaching-context;https://ielts.org/news-and-insights/ielts-writing-task-2-how-to-understand-ielts-question-prompts :: 实际任务与评分边界 :: rule"
"WT-ADVDIS","writing","general-training","product-teaching-tag","feedback","missing","ielts-plan.WT-ADVDIS.feedback","writing-task-two","用段落→义务映射找到遗漏/不相关/无发展处，局部修复后新写。 每个主张关联原稿文字及原题/图示；缺图不评价数据准确性。","human-text：原作答/原稿/录音的证据定位、具体原因、修订与新题重试；不把改稿覆盖原尝试。","1","workflows","0","0","unknown","0","","","本类别没有已核实的feedback专门内容与证据。","https://ielts.org/news-and-insights/ielts-writing-task-2-how-to-understand-ielts-question-prompts :: Task2命令 · 利弊 :: teaching-context;https://ielts.org/news-and-insights/ielts-writing-task-2-how-to-understand-ielts-question-prompts :: 实际任务与评分边界 :: rule"
"WT-ADVDIS","writing","general-training","product-teaching-tag","review","missing","ielts-plan.WT-ADVDIS.review","writing-task-two","课程安排延迟后改变利益主体 保存新题、支持情况及与原问题关联；未测过保持未验证。","延迟后换材料/话题的第一遍无提示产出；记录原问题是否再次出现。间隔是课程选择，未验证时保持“未验证”。","1","workflows","0","0","unknown","0","","","本类别没有已核实的review专门内容与证据。","https://ielts.org/news-and-insights/ielts-writing-task-2-how-to-understand-ielts-question-prompts :: Task2命令 · 利弊 :: teaching-context;https://ielts.org/news-and-insights/ielts-writing-task-2-how-to-understand-ielts-question-prompts :: 实际任务与评分边界 :: rule"
"WT-OUTWEIGH","writing","academic","product-teaching-tag","explain","missing","ielts-plan.WT-OUTWEIGH.explain","writing-task-two","比较影响的范围/持久性/严重程度而不是数论点。 用理解检查和小产出检查诊断。","可读/可播放的真实内容及理解或产出检查；仅存在规划文字不算学过。","1","explanations","0","0","unknown","0","","","本类别没有已核实的explain专门内容与证据。","https://ielts.org/news-and-insights/ielts-writing-task-2-how-to-understand-ielts-question-prompts :: Task2命令 · 权衡利弊 :: teaching-context;https://ielts.org/news-and-insights/ielts-writing-task-2-how-to-understand-ielts-question-prompts :: 实际任务与评分边界 :: rule"
"WT-OUTWEIGH","writing","academic","product-teaching-tag","model","missing","ielts-plan.WT-OUTWEIGH.model","writing-task-two","原创计划/段落带义务映射及弱替代对照，不复制范文。","可读/可播放的真实内容及理解或产出检查；仅存在规划文字不算学过。","1","models","0","0","unknown","0","","","本类别没有已核实的model专门内容与证据。","https://ielts.org/news-and-insights/ielts-writing-task-2-how-to-understand-ielts-question-prompts :: Task2命令 · 权衡利弊 :: teaching-context;https://ielts.org/news-and-insights/ielts-writing-task-2-how-to-understand-ielts-question-prompts :: 实际任务与评分边界 :: rule"
"WT-OUTWEIGH","writing","academic","product-teaching-tag","guided","missing","ielts-plan.WT-OUTWEIGH.guided","writing-task-two","题目着色标义务，按比较影响的范围/持久性/严重程度而不是数论点。生成自己的推理链。","可读/可播放的真实内容及理解或产出检查；仅存在规划文字不算学过。","1","workflows","0","0","unknown","0","","","本类别没有已核实的guided专门内容与证据。","https://ielts.org/news-and-insights/ielts-writing-task-2-how-to-understand-ielts-question-prompts :: Task2命令 · 权衡利弊 :: teaching-context;https://ielts.org/news-and-insights/ielts-writing-task-2-how-to-understand-ielts-question-prompts :: 实际任务与评分边界 :: rule"
"WT-OUTWEIGH","writing","academic","product-teaching-tag","independent","missing","ielts-plan.WT-OUTWEIGH.independent","writing-task-two","新题essay，保持原问题并核对每一项义务。 隐藏旧模型/词句提示；保留第一遍，AI改稿标辅助。","保留新材料与题号、首答、实际支持/用时条件及反馈来源；看到模型、重播或AI改写要标辅助。","1","prompts","0","0","unknown","0","","","本类别没有已核实的independent专门内容与证据。","https://ielts.org/news-and-insights/ielts-writing-task-2-how-to-understand-ielts-question-prompts :: Task2命令 · 权衡利弊 :: teaching-context;https://ielts.org/news-and-insights/ielts-writing-task-2-how-to-understand-ielts-question-prompts :: 实际任务与评分边界 :: rule"
"WT-OUTWEIGH","writing","academic","product-teaching-tag","timed","missing","ielts-plan.WT-OUTWEIGH.timed","writing-task-two","至少250词，约40分钟essay训练，然后合并两任务60分钟；分配时间只是建议。 新题essay，保持原问题并核对每一项义务。 短训练预算属于教学安排。","保留新材料与题号、首答、实际支持/用时条件及反馈来源；看到模型、重播或AI改写要标辅助。","1","prompts","0","0","unknown","0","","","本类别没有已核实的timed专门内容与证据。","https://ielts.org/news-and-insights/ielts-writing-task-2-how-to-understand-ielts-question-prompts :: Task2命令 · 权衡利弊 :: teaching-context;https://ielts.org/news-and-insights/ielts-writing-task-2-how-to-understand-ielts-question-prompts :: 实际任务与评分边界 :: rule"
"WT-OUTWEIGH","writing","academic","product-teaching-tag","feedback","missing","ielts-plan.WT-OUTWEIGH.feedback","writing-task-two","用段落→义务映射找到遗漏/不相关/无发展处，局部修复后新写。 每个主张关联原稿文字及原题/图示；缺图不评价数据准确性。","human-text：原作答/原稿/录音的证据定位、具体原因、修订与新题重试；不把改稿覆盖原尝试。","1","workflows","0","0","unknown","0","","","本类别没有已核实的feedback专门内容与证据。","https://ielts.org/news-and-insights/ielts-writing-task-2-how-to-understand-ielts-question-prompts :: Task2命令 · 权衡利弊 :: teaching-context;https://ielts.org/news-and-insights/ielts-writing-task-2-how-to-understand-ielts-question-prompts :: 实际任务与评分边界 :: rule"
"WT-OUTWEIGH","writing","academic","product-teaching-tag","review","missing","ielts-plan.WT-OUTWEIGH.review","writing-task-two","课程安排延迟后少而重的弊端情境 保存新题、支持情况及与原问题关联；未测过保持未验证。","延迟后换材料/话题的第一遍无提示产出；记录原问题是否再次出现。间隔是课程选择，未验证时保持“未验证”。","1","workflows","0","0","unknown","0","","","本类别没有已核实的review专门内容与证据。","https://ielts.org/news-and-insights/ielts-writing-task-2-how-to-understand-ielts-question-prompts :: Task2命令 · 权衡利弊 :: teaching-context;https://ielts.org/news-and-insights/ielts-writing-task-2-how-to-understand-ielts-question-prompts :: 实际任务与评分边界 :: rule"
"WT-OUTWEIGH","writing","general-training","product-teaching-tag","explain","missing","ielts-plan.WT-OUTWEIGH.explain","writing-task-two","比较影响的范围/持久性/严重程度而不是数论点。 用理解检查和小产出检查诊断。","可读/可播放的真实内容及理解或产出检查；仅存在规划文字不算学过。","1","explanations","0","0","unknown","0","","","本类别没有已核实的explain专门内容与证据。","https://ielts.org/news-and-insights/ielts-writing-task-2-how-to-understand-ielts-question-prompts :: Task2命令 · 权衡利弊 :: teaching-context;https://ielts.org/news-and-insights/ielts-writing-task-2-how-to-understand-ielts-question-prompts :: 实际任务与评分边界 :: rule"
"WT-OUTWEIGH","writing","general-training","product-teaching-tag","model","missing","ielts-plan.WT-OUTWEIGH.model","writing-task-two","原创计划/段落带义务映射及弱替代对照，不复制范文。","可读/可播放的真实内容及理解或产出检查；仅存在规划文字不算学过。","1","models","0","0","unknown","0","","","本类别没有已核实的model专门内容与证据。","https://ielts.org/news-and-insights/ielts-writing-task-2-how-to-understand-ielts-question-prompts :: Task2命令 · 权衡利弊 :: teaching-context;https://ielts.org/news-and-insights/ielts-writing-task-2-how-to-understand-ielts-question-prompts :: 实际任务与评分边界 :: rule"
"WT-OUTWEIGH","writing","general-training","product-teaching-tag","guided","missing","ielts-plan.WT-OUTWEIGH.guided","writing-task-two","题目着色标义务，按比较影响的范围/持久性/严重程度而不是数论点。生成自己的推理链。","可读/可播放的真实内容及理解或产出检查；仅存在规划文字不算学过。","1","workflows","0","0","unknown","0","","","本类别没有已核实的guided专门内容与证据。","https://ielts.org/news-and-insights/ielts-writing-task-2-how-to-understand-ielts-question-prompts :: Task2命令 · 权衡利弊 :: teaching-context;https://ielts.org/news-and-insights/ielts-writing-task-2-how-to-understand-ielts-question-prompts :: 实际任务与评分边界 :: rule"
"WT-OUTWEIGH","writing","general-training","product-teaching-tag","independent","missing","ielts-plan.WT-OUTWEIGH.independent","writing-task-two","新题essay，保持原问题并核对每一项义务。 隐藏旧模型/词句提示；保留第一遍，AI改稿标辅助。","保留新材料与题号、首答、实际支持/用时条件及反馈来源；看到模型、重播或AI改写要标辅助。","1","prompts","0","0","unknown","0","","","本类别没有已核实的independent专门内容与证据。","https://ielts.org/news-and-insights/ielts-writing-task-2-how-to-understand-ielts-question-prompts :: Task2命令 · 权衡利弊 :: teaching-context;https://ielts.org/news-and-insights/ielts-writing-task-2-how-to-understand-ielts-question-prompts :: 实际任务与评分边界 :: rule"
"WT-OUTWEIGH","writing","general-training","product-teaching-tag","timed","missing","ielts-plan.WT-OUTWEIGH.timed","writing-task-two","至少250词，约40分钟essay训练，然后合并两任务60分钟；分配时间只是建议。 新题essay，保持原问题并核对每一项义务。 短训练预算属于教学安排。","保留新材料与题号、首答、实际支持/用时条件及反馈来源；看到模型、重播或AI改写要标辅助。","1","prompts","0","0","unknown","0","","","本类别没有已核实的timed专门内容与证据。","https://ielts.org/news-and-insights/ielts-writing-task-2-how-to-understand-ielts-question-prompts :: Task2命令 · 权衡利弊 :: teaching-context;https://ielts.org/news-and-insights/ielts-writing-task-2-how-to-understand-ielts-question-prompts :: 实际任务与评分边界 :: rule"
"WT-OUTWEIGH","writing","general-training","product-teaching-tag","feedback","missing","ielts-plan.WT-OUTWEIGH.feedback","writing-task-two","用段落→义务映射找到遗漏/不相关/无发展处，局部修复后新写。 每个主张关联原稿文字及原题/图示；缺图不评价数据准确性。","human-text：原作答/原稿/录音的证据定位、具体原因、修订与新题重试；不把改稿覆盖原尝试。","1","workflows","0","0","unknown","0","","","本类别没有已核实的feedback专门内容与证据。","https://ielts.org/news-and-insights/ielts-writing-task-2-how-to-understand-ielts-question-prompts :: Task2命令 · 权衡利弊 :: teaching-context;https://ielts.org/news-and-insights/ielts-writing-task-2-how-to-understand-ielts-question-prompts :: 实际任务与评分边界 :: rule"
"WT-OUTWEIGH","writing","general-training","product-teaching-tag","review","missing","ielts-plan.WT-OUTWEIGH.review","writing-task-two","课程安排延迟后少而重的弊端情境 保存新题、支持情况及与原问题关联；未测过保持未验证。","延迟后换材料/话题的第一遍无提示产出；记录原问题是否再次出现。间隔是课程选择，未验证时保持“未验证”。","1","workflows","0","0","unknown","0","","","本类别没有已核实的review专门内容与证据。","https://ielts.org/news-and-insights/ielts-writing-task-2-how-to-understand-ielts-question-prompts :: Task2命令 · 权衡利弊 :: teaching-context;https://ielts.org/news-and-insights/ielts-writing-task-2-how-to-understand-ielts-question-prompts :: 实际任务与评分边界 :: rule"
"WT-POSNEG","writing","academic","product-teaching-tag","explain","missing","ielts-plan.WT-POSNEG.explain","writing-task-two","从影响和受影响群体形成有理由的整体评价。 用理解检查和小产出检查诊断。","可读/可播放的真实内容及理解或产出检查；仅存在规划文字不算学过。","1","explanations","0","0","unknown","0","","","本类别没有已核实的explain专门内容与证据。","https://ielts.org/news-and-insights/ielts-writing-task-2-how-to-understand-ielts-question-prompts :: Task2命令 · 评价正负发展 :: teaching-context;https://ielts.org/news-and-insights/ielts-writing-task-2-how-to-understand-ielts-question-prompts :: 实际任务与评分边界 :: rule"
"WT-POSNEG","writing","academic","product-teaching-tag","model","missing","ielts-plan.WT-POSNEG.model","writing-task-two","原创计划/段落带义务映射及弱替代对照，不复制范文。","可读/可播放的真实内容及理解或产出检查；仅存在规划文字不算学过。","1","models","0","0","unknown","0","","","本类别没有已核实的model专门内容与证据。","https://ielts.org/news-and-insights/ielts-writing-task-2-how-to-understand-ielts-question-prompts :: Task2命令 · 评价正负发展 :: teaching-context;https://ielts.org/news-and-insights/ielts-writing-task-2-how-to-understand-ielts-question-prompts :: 实际任务与评分边界 :: rule"
"WT-POSNEG","writing","academic","product-teaching-tag","guided","missing","ielts-plan.WT-POSNEG.guided","writing-task-two","题目着色标义务，按从影响和受影响群体形成有理由的整体评价。生成自己的推理链。","可读/可播放的真实内容及理解或产出检查；仅存在规划文字不算学过。","1","workflows","0","0","unknown","0","","","本类别没有已核实的guided专门内容与证据。","https://ielts.org/news-and-insights/ielts-writing-task-2-how-to-understand-ielts-question-prompts :: Task2命令 · 评价正负发展 :: teaching-context;https://ielts.org/news-and-insights/ielts-writing-task-2-how-to-understand-ielts-question-prompts :: 实际任务与评分边界 :: rule"
"WT-POSNEG","writing","academic","product-teaching-tag","independent","missing","ielts-plan.WT-POSNEG.independent","writing-task-two","新题essay，保持原问题并核对每一项义务。 隐藏旧模型/词句提示；保留第一遍，AI改稿标辅助。","保留新材料与题号、首答、实际支持/用时条件及反馈来源；看到模型、重播或AI改写要标辅助。","1","prompts","0","0","unknown","0","","","本类别没有已核实的independent专门内容与证据。","https://ielts.org/news-and-insights/ielts-writing-task-2-how-to-understand-ielts-question-prompts :: Task2命令 · 评价正负发展 :: teaching-context;https://ielts.org/news-and-insights/ielts-writing-task-2-how-to-understand-ielts-question-prompts :: 实际任务与评分边界 :: rule"
"WT-POSNEG","writing","academic","product-teaching-tag","timed","missing","ielts-plan.WT-POSNEG.timed","writing-task-two","至少250词，约40分钟essay训练，然后合并两任务60分钟；分配时间只是建议。 新题essay，保持原问题并核对每一项义务。 短训练预算属于教学安排。","保留新材料与题号、首答、实际支持/用时条件及反馈来源；看到模型、重播或AI改写要标辅助。","1","prompts","0","0","unknown","0","","","本类别没有已核实的timed专门内容与证据。","https://ielts.org/news-and-insights/ielts-writing-task-2-how-to-understand-ielts-question-prompts :: Task2命令 · 评价正负发展 :: teaching-context;https://ielts.org/news-and-insights/ielts-writing-task-2-how-to-understand-ielts-question-prompts :: 实际任务与评分边界 :: rule"
"WT-POSNEG","writing","academic","product-teaching-tag","feedback","missing","ielts-plan.WT-POSNEG.feedback","writing-task-two","用段落→义务映射找到遗漏/不相关/无发展处，局部修复后新写。 每个主张关联原稿文字及原题/图示；缺图不评价数据准确性。","human-text：原作答/原稿/录音的证据定位、具体原因、修订与新题重试；不把改稿覆盖原尝试。","1","workflows","0","0","unknown","0","","","本类别没有已核实的feedback专门内容与证据。","https://ielts.org/news-and-insights/ielts-writing-task-2-how-to-understand-ielts-question-prompts :: Task2命令 · 评价正负发展 :: teaching-context;https://ielts.org/news-and-insights/ielts-writing-task-2-how-to-understand-ielts-question-prompts :: 实际任务与评分边界 :: rule"
"WT-POSNEG","writing","academic","product-teaching-tag","review","missing","ielts-plan.WT-POSNEG.review","writing-task-two","课程安排延迟后各群体效果不同 保存新题、支持情况及与原问题关联；未测过保持未验证。","延迟后换材料/话题的第一遍无提示产出；记录原问题是否再次出现。间隔是课程选择，未验证时保持“未验证”。","1","workflows","0","0","unknown","0","","","本类别没有已核实的review专门内容与证据。","https://ielts.org/news-and-insights/ielts-writing-task-2-how-to-understand-ielts-question-prompts :: Task2命令 · 评价正负发展 :: teaching-context;https://ielts.org/news-and-insights/ielts-writing-task-2-how-to-understand-ielts-question-prompts :: 实际任务与评分边界 :: rule"
"WT-POSNEG","writing","general-training","product-teaching-tag","explain","missing","ielts-plan.WT-POSNEG.explain","writing-task-two","从影响和受影响群体形成有理由的整体评价。 用理解检查和小产出检查诊断。","可读/可播放的真实内容及理解或产出检查；仅存在规划文字不算学过。","1","explanations","0","0","unknown","0","","","本类别没有已核实的explain专门内容与证据。","https://ielts.org/news-and-insights/ielts-writing-task-2-how-to-understand-ielts-question-prompts :: Task2命令 · 评价正负发展 :: teaching-context;https://ielts.org/news-and-insights/ielts-writing-task-2-how-to-understand-ielts-question-prompts :: 实际任务与评分边界 :: rule"
"WT-POSNEG","writing","general-training","product-teaching-tag","model","missing","ielts-plan.WT-POSNEG.model","writing-task-two","原创计划/段落带义务映射及弱替代对照，不复制范文。","可读/可播放的真实内容及理解或产出检查；仅存在规划文字不算学过。","1","models","0","0","unknown","0","","","本类别没有已核实的model专门内容与证据。","https://ielts.org/news-and-insights/ielts-writing-task-2-how-to-understand-ielts-question-prompts :: Task2命令 · 评价正负发展 :: teaching-context;https://ielts.org/news-and-insights/ielts-writing-task-2-how-to-understand-ielts-question-prompts :: 实际任务与评分边界 :: rule"
"WT-POSNEG","writing","general-training","product-teaching-tag","guided","missing","ielts-plan.WT-POSNEG.guided","writing-task-two","题目着色标义务，按从影响和受影响群体形成有理由的整体评价。生成自己的推理链。","可读/可播放的真实内容及理解或产出检查；仅存在规划文字不算学过。","1","workflows","0","0","unknown","0","","","本类别没有已核实的guided专门内容与证据。","https://ielts.org/news-and-insights/ielts-writing-task-2-how-to-understand-ielts-question-prompts :: Task2命令 · 评价正负发展 :: teaching-context;https://ielts.org/news-and-insights/ielts-writing-task-2-how-to-understand-ielts-question-prompts :: 实际任务与评分边界 :: rule"
"WT-POSNEG","writing","general-training","product-teaching-tag","independent","missing","ielts-plan.WT-POSNEG.independent","writing-task-two","新题essay，保持原问题并核对每一项义务。 隐藏旧模型/词句提示；保留第一遍，AI改稿标辅助。","保留新材料与题号、首答、实际支持/用时条件及反馈来源；看到模型、重播或AI改写要标辅助。","1","prompts","0","0","unknown","0","","","本类别没有已核实的independent专门内容与证据。","https://ielts.org/news-and-insights/ielts-writing-task-2-how-to-understand-ielts-question-prompts :: Task2命令 · 评价正负发展 :: teaching-context;https://ielts.org/news-and-insights/ielts-writing-task-2-how-to-understand-ielts-question-prompts :: 实际任务与评分边界 :: rule"
"WT-POSNEG","writing","general-training","product-teaching-tag","timed","missing","ielts-plan.WT-POSNEG.timed","writing-task-two","至少250词，约40分钟essay训练，然后合并两任务60分钟；分配时间只是建议。 新题essay，保持原问题并核对每一项义务。 短训练预算属于教学安排。","保留新材料与题号、首答、实际支持/用时条件及反馈来源；看到模型、重播或AI改写要标辅助。","1","prompts","0","0","unknown","0","","","本类别没有已核实的timed专门内容与证据。","https://ielts.org/news-and-insights/ielts-writing-task-2-how-to-understand-ielts-question-prompts :: Task2命令 · 评价正负发展 :: teaching-context;https://ielts.org/news-and-insights/ielts-writing-task-2-how-to-understand-ielts-question-prompts :: 实际任务与评分边界 :: rule"
"WT-POSNEG","writing","general-training","product-teaching-tag","feedback","missing","ielts-plan.WT-POSNEG.feedback","writing-task-two","用段落→义务映射找到遗漏/不相关/无发展处，局部修复后新写。 每个主张关联原稿文字及原题/图示；缺图不评价数据准确性。","human-text：原作答/原稿/录音的证据定位、具体原因、修订与新题重试；不把改稿覆盖原尝试。","1","workflows","0","0","unknown","0","","","本类别没有已核实的feedback专门内容与证据。","https://ielts.org/news-and-insights/ielts-writing-task-2-how-to-understand-ielts-question-prompts :: Task2命令 · 评价正负发展 :: teaching-context;https://ielts.org/news-and-insights/ielts-writing-task-2-how-to-understand-ielts-question-prompts :: 实际任务与评分边界 :: rule"
"WT-POSNEG","writing","general-training","product-teaching-tag","review","missing","ielts-plan.WT-POSNEG.review","writing-task-two","课程安排延迟后各群体效果不同 保存新题、支持情况及与原问题关联；未测过保持未验证。","延迟后换材料/话题的第一遍无提示产出；记录原问题是否再次出现。间隔是课程选择，未验证时保持“未验证”。","1","workflows","0","0","unknown","0","","","本类别没有已核实的review专门内容与证据。","https://ielts.org/news-and-insights/ielts-writing-task-2-how-to-understand-ielts-question-prompts :: Task2命令 · 评价正负发展 :: teaching-context;https://ielts.org/news-and-insights/ielts-writing-task-2-how-to-understand-ielts-question-prompts :: 实际任务与评分边界 :: rule"
"WT-CAUSE","writing","academic","product-teaching-tag","explain","missing","ielts-plan.WT-CAUSE.explain","writing-task-two","解释机制并区分原因和后果；只问原因时不要只写办法。 用理解检查和小产出检查诊断。","可读/可播放的真实内容及理解或产出检查；仅存在规划文字不算学过。","1","explanations","0","0","unknown","0","","","本类别没有已核实的explain专门内容与证据。","https://ielts.org/news-and-insights/ielts-writing-task-2-how-to-understand-ielts-question-prompts :: Task2命令 · 原因 :: teaching-context;https://ielts.org/news-and-insights/ielts-writing-task-2-how-to-understand-ielts-question-prompts :: 实际任务与评分边界 :: rule"
"WT-CAUSE","writing","academic","product-teaching-tag","model","missing","ielts-plan.WT-CAUSE.model","writing-task-two","原创计划/段落带义务映射及弱替代对照，不复制范文。","可读/可播放的真实内容及理解或产出检查；仅存在规划文字不算学过。","1","models","0","0","unknown","0","","","本类别没有已核实的model专门内容与证据。","https://ielts.org/news-and-insights/ielts-writing-task-2-how-to-understand-ielts-question-prompts :: Task2命令 · 原因 :: teaching-context;https://ielts.org/news-and-insights/ielts-writing-task-2-how-to-understand-ielts-question-prompts :: 实际任务与评分边界 :: rule"
"WT-CAUSE","writing","academic","product-teaching-tag","guided","missing","ielts-plan.WT-CAUSE.guided","writing-task-two","题目着色标义务，按解释机制并区分原因和后果；只问原因时不要只写办法。生成自己的推理链。","可读/可播放的真实内容及理解或产出检查；仅存在规划文字不算学过。","1","workflows","0","0","unknown","0","","","本类别没有已核实的guided专门内容与证据。","https://ielts.org/news-and-insights/ielts-writing-task-2-how-to-understand-ielts-question-prompts :: Task2命令 · 原因 :: teaching-context;https://ielts.org/news-and-insights/ielts-writing-task-2-how-to-understand-ielts-question-prompts :: 实际任务与评分边界 :: rule"
"WT-CAUSE","writing","academic","product-teaching-tag","independent","missing","ielts-plan.WT-CAUSE.independent","writing-task-two","新题essay，保持原问题并核对每一项义务。 隐藏旧模型/词句提示；保留第一遍，AI改稿标辅助。","保留新材料与题号、首答、实际支持/用时条件及反馈来源；看到模型、重播或AI改写要标辅助。","1","prompts","0","0","unknown","0","","","本类别没有已核实的independent专门内容与证据。","https://ielts.org/news-and-insights/ielts-writing-task-2-how-to-understand-ielts-question-prompts :: Task2命令 · 原因 :: teaching-context;https://ielts.org/news-and-insights/ielts-writing-task-2-how-to-understand-ielts-question-prompts :: 实际任务与评分边界 :: rule"
"WT-CAUSE","writing","academic","product-teaching-tag","timed","missing","ielts-plan.WT-CAUSE.timed","writing-task-two","至少250词，约40分钟essay训练，然后合并两任务60分钟；分配时间只是建议。 新题essay，保持原问题并核对每一项义务。 短训练预算属于教学安排。","保留新材料与题号、首答、实际支持/用时条件及反馈来源；看到模型、重播或AI改写要标辅助。","1","prompts","0","0","unknown","0","","","本类别没有已核实的timed专门内容与证据。","https://ielts.org/news-and-insights/ielts-writing-task-2-how-to-understand-ielts-question-prompts :: Task2命令 · 原因 :: teaching-context;https://ielts.org/news-and-insights/ielts-writing-task-2-how-to-understand-ielts-question-prompts :: 实际任务与评分边界 :: rule"
"WT-CAUSE","writing","academic","product-teaching-tag","feedback","missing","ielts-plan.WT-CAUSE.feedback","writing-task-two","用段落→义务映射找到遗漏/不相关/无发展处，局部修复后新写。 每个主张关联原稿文字及原题/图示；缺图不评价数据准确性。","human-text：原作答/原稿/录音的证据定位、具体原因、修订与新题重试；不把改稿覆盖原尝试。","1","workflows","0","0","unknown","0","","","本类别没有已核实的feedback专门内容与证据。","https://ielts.org/news-and-insights/ielts-writing-task-2-how-to-understand-ielts-question-prompts :: Task2命令 · 原因 :: teaching-context;https://ielts.org/news-and-insights/ielts-writing-task-2-how-to-understand-ielts-question-prompts :: 实际任务与评分边界 :: rule"
"WT-CAUSE","writing","academic","product-teaching-tag","review","missing","ielts-plan.WT-CAUSE.review","writing-task-two","课程安排延迟后原因题改变为原因加影响 保存新题、支持情况及与原问题关联；未测过保持未验证。","延迟后换材料/话题的第一遍无提示产出；记录原问题是否再次出现。间隔是课程选择，未验证时保持“未验证”。","1","workflows","0","0","unknown","0","","","本类别没有已核实的review专门内容与证据。","https://ielts.org/news-and-insights/ielts-writing-task-2-how-to-understand-ielts-question-prompts :: Task2命令 · 原因 :: teaching-context;https://ielts.org/news-and-insights/ielts-writing-task-2-how-to-understand-ielts-question-prompts :: 实际任务与评分边界 :: rule"
"WT-CAUSE","writing","general-training","product-teaching-tag","explain","missing","ielts-plan.WT-CAUSE.explain","writing-task-two","解释机制并区分原因和后果；只问原因时不要只写办法。 用理解检查和小产出检查诊断。","可读/可播放的真实内容及理解或产出检查；仅存在规划文字不算学过。","1","explanations","0","0","unknown","0","","","本类别没有已核实的explain专门内容与证据。","https://ielts.org/news-and-insights/ielts-writing-task-2-how-to-understand-ielts-question-prompts :: Task2命令 · 原因 :: teaching-context;https://ielts.org/news-and-insights/ielts-writing-task-2-how-to-understand-ielts-question-prompts :: 实际任务与评分边界 :: rule"
"WT-CAUSE","writing","general-training","product-teaching-tag","model","missing","ielts-plan.WT-CAUSE.model","writing-task-two","原创计划/段落带义务映射及弱替代对照，不复制范文。","可读/可播放的真实内容及理解或产出检查；仅存在规划文字不算学过。","1","models","0","0","unknown","0","","","本类别没有已核实的model专门内容与证据。","https://ielts.org/news-and-insights/ielts-writing-task-2-how-to-understand-ielts-question-prompts :: Task2命令 · 原因 :: teaching-context;https://ielts.org/news-and-insights/ielts-writing-task-2-how-to-understand-ielts-question-prompts :: 实际任务与评分边界 :: rule"
"WT-CAUSE","writing","general-training","product-teaching-tag","guided","missing","ielts-plan.WT-CAUSE.guided","writing-task-two","题目着色标义务，按解释机制并区分原因和后果；只问原因时不要只写办法。生成自己的推理链。","可读/可播放的真实内容及理解或产出检查；仅存在规划文字不算学过。","1","workflows","0","0","unknown","0","","","本类别没有已核实的guided专门内容与证据。","https://ielts.org/news-and-insights/ielts-writing-task-2-how-to-understand-ielts-question-prompts :: Task2命令 · 原因 :: teaching-context;https://ielts.org/news-and-insights/ielts-writing-task-2-how-to-understand-ielts-question-prompts :: 实际任务与评分边界 :: rule"
"WT-CAUSE","writing","general-training","product-teaching-tag","independent","missing","ielts-plan.WT-CAUSE.independent","writing-task-two","新题essay，保持原问题并核对每一项义务。 隐藏旧模型/词句提示；保留第一遍，AI改稿标辅助。","保留新材料与题号、首答、实际支持/用时条件及反馈来源；看到模型、重播或AI改写要标辅助。","1","prompts","0","0","unknown","0","","","本类别没有已核实的independent专门内容与证据。","https://ielts.org/news-and-insights/ielts-writing-task-2-how-to-understand-ielts-question-prompts :: Task2命令 · 原因 :: teaching-context;https://ielts.org/news-and-insights/ielts-writing-task-2-how-to-understand-ielts-question-prompts :: 实际任务与评分边界 :: rule"
"WT-CAUSE","writing","general-training","product-teaching-tag","timed","missing","ielts-plan.WT-CAUSE.timed","writing-task-two","至少250词，约40分钟essay训练，然后合并两任务60分钟；分配时间只是建议。 新题essay，保持原问题并核对每一项义务。 短训练预算属于教学安排。","保留新材料与题号、首答、实际支持/用时条件及反馈来源；看到模型、重播或AI改写要标辅助。","1","prompts","0","0","unknown","0","","","本类别没有已核实的timed专门内容与证据。","https://ielts.org/news-and-insights/ielts-writing-task-2-how-to-understand-ielts-question-prompts :: Task2命令 · 原因 :: teaching-context;https://ielts.org/news-and-insights/ielts-writing-task-2-how-to-understand-ielts-question-prompts :: 实际任务与评分边界 :: rule"
"WT-CAUSE","writing","general-training","product-teaching-tag","feedback","missing","ielts-plan.WT-CAUSE.feedback","writing-task-two","用段落→义务映射找到遗漏/不相关/无发展处，局部修复后新写。 每个主张关联原稿文字及原题/图示；缺图不评价数据准确性。","human-text：原作答/原稿/录音的证据定位、具体原因、修订与新题重试；不把改稿覆盖原尝试。","1","workflows","0","0","unknown","0","","","本类别没有已核实的feedback专门内容与证据。","https://ielts.org/news-and-insights/ielts-writing-task-2-how-to-understand-ielts-question-prompts :: Task2命令 · 原因 :: teaching-context;https://ielts.org/news-and-insights/ielts-writing-task-2-how-to-understand-ielts-question-prompts :: 实际任务与评分边界 :: rule"
"WT-CAUSE","writing","general-training","product-teaching-tag","review","missing","ielts-plan.WT-CAUSE.review","writing-task-two","课程安排延迟后原因题改变为原因加影响 保存新题、支持情况及与原问题关联；未测过保持未验证。","延迟后换材料/话题的第一遍无提示产出；记录原问题是否再次出现。间隔是课程选择，未验证时保持“未验证”。","1","workflows","0","0","unknown","0","","","本类别没有已核实的review专门内容与证据。","https://ielts.org/news-and-insights/ielts-writing-task-2-how-to-understand-ielts-question-prompts :: Task2命令 · 原因 :: teaching-context;https://ielts.org/news-and-insights/ielts-writing-task-2-how-to-understand-ielts-question-prompts :: 实际任务与评分边界 :: rule"
"WT-PROBLEM-SOLUTION","writing","academic","product-teaching-tag","explain","missing","ielts-plan.WT-PROBLEM-SOLUTION.explain","writing-task-two","按实际问题配行动者、措施与作用机制；题目要原因才写原因。 用理解检查和小产出检查诊断。","可读/可播放的真实内容及理解或产出检查；仅存在规划文字不算学过。","1","explanations","0","0","unknown","0","","","本类别没有已核实的explain专门内容与证据。","https://ielts.org/news-and-insights/ielts-writing-task-2-how-to-understand-ielts-question-prompts :: Task2命令 · 问题/原因与解决 :: teaching-context;https://ielts.org/news-and-insights/ielts-writing-task-2-how-to-understand-ielts-question-prompts :: 实际任务与评分边界 :: rule"
"WT-PROBLEM-SOLUTION","writing","academic","product-teaching-tag","model","missing","ielts-plan.WT-PROBLEM-SOLUTION.model","writing-task-two","原创计划/段落带义务映射及弱替代对照，不复制范文。","可读/可播放的真实内容及理解或产出检查；仅存在规划文字不算学过。","1","models","0","0","unknown","0","","","本类别没有已核实的model专门内容与证据。","https://ielts.org/news-and-insights/ielts-writing-task-2-how-to-understand-ielts-question-prompts :: Task2命令 · 问题/原因与解决 :: teaching-context;https://ielts.org/news-and-insights/ielts-writing-task-2-how-to-understand-ielts-question-prompts :: 实际任务与评分边界 :: rule"
"WT-PROBLEM-SOLUTION","writing","academic","product-teaching-tag","guided","missing","ielts-plan.WT-PROBLEM-SOLUTION.guided","writing-task-two","题目着色标义务，按按实际问题配行动者、措施与作用机制；题目要原因才写原因。生成自己的推理链。","可读/可播放的真实内容及理解或产出检查；仅存在规划文字不算学过。","1","workflows","0","0","unknown","0","","","本类别没有已核实的guided专门内容与证据。","https://ielts.org/news-and-insights/ielts-writing-task-2-how-to-understand-ielts-question-prompts :: Task2命令 · 问题/原因与解决 :: teaching-context;https://ielts.org/news-and-insights/ielts-writing-task-2-how-to-understand-ielts-question-prompts :: 实际任务与评分边界 :: rule"
"WT-PROBLEM-SOLUTION","writing","academic","product-teaching-tag","independent","missing","ielts-plan.WT-PROBLEM-SOLUTION.independent","writing-task-two","新题essay，保持原问题并核对每一项义务。 隐藏旧模型/词句提示；保留第一遍，AI改稿标辅助。","保留新材料与题号、首答、实际支持/用时条件及反馈来源；看到模型、重播或AI改写要标辅助。","1","prompts","0","0","unknown","0","","","本类别没有已核实的independent专门内容与证据。","https://ielts.org/news-and-insights/ielts-writing-task-2-how-to-understand-ielts-question-prompts :: Task2命令 · 问题/原因与解决 :: teaching-context;https://ielts.org/news-and-insights/ielts-writing-task-2-how-to-understand-ielts-question-prompts :: 实际任务与评分边界 :: rule"
"WT-PROBLEM-SOLUTION","writing","academic","product-teaching-tag","timed","missing","ielts-plan.WT-PROBLEM-SOLUTION.timed","writing-task-two","至少250词，约40分钟essay训练，然后合并两任务60分钟；分配时间只是建议。 新题essay，保持原问题并核对每一项义务。 短训练预算属于教学安排。","保留新材料与题号、首答、实际支持/用时条件及反馈来源；看到模型、重播或AI改写要标辅助。","1","prompts","0","0","unknown","0","","","本类别没有已核实的timed专门内容与证据。","https://ielts.org/news-and-insights/ielts-writing-task-2-how-to-understand-ielts-question-prompts :: Task2命令 · 问题/原因与解决 :: teaching-context;https://ielts.org/news-and-insights/ielts-writing-task-2-how-to-understand-ielts-question-prompts :: 实际任务与评分边界 :: rule"
"WT-PROBLEM-SOLUTION","writing","academic","product-teaching-tag","feedback","missing","ielts-plan.WT-PROBLEM-SOLUTION.feedback","writing-task-two","用段落→义务映射找到遗漏/不相关/无发展处，局部修复后新写。 每个主张关联原稿文字及原题/图示；缺图不评价数据准确性。","human-text：原作答/原稿/录音的证据定位、具体原因、修订与新题重试；不把改稿覆盖原尝试。","1","workflows","0","0","unknown","0","","","本类别没有已核实的feedback专门内容与证据。","https://ielts.org/news-and-insights/ielts-writing-task-2-how-to-understand-ielts-question-prompts :: Task2命令 · 问题/原因与解决 :: teaching-context;https://ielts.org/news-and-insights/ielts-writing-task-2-how-to-understand-ielts-question-prompts :: 实际任务与评分边界 :: rule"
"WT-PROBLEM-SOLUTION","writing","academic","product-teaching-tag","review","missing","ielts-plan.WT-PROBLEM-SOLUTION.review","writing-task-two","课程安排延迟后causes+solutions与problems+solutions互换 保存新题、支持情况及与原问题关联；未测过保持未验证。","延迟后换材料/话题的第一遍无提示产出；记录原问题是否再次出现。间隔是课程选择，未验证时保持“未验证”。","1","workflows","0","0","unknown","0","","","本类别没有已核实的review专门内容与证据。","https://ielts.org/news-and-insights/ielts-writing-task-2-how-to-understand-ielts-question-prompts :: Task2命令 · 问题/原因与解决 :: teaching-context;https://ielts.org/news-and-insights/ielts-writing-task-2-how-to-understand-ielts-question-prompts :: 实际任务与评分边界 :: rule"
"WT-PROBLEM-SOLUTION","writing","general-training","product-teaching-tag","explain","missing","ielts-plan.WT-PROBLEM-SOLUTION.explain","writing-task-two","按实际问题配行动者、措施与作用机制；题目要原因才写原因。 用理解检查和小产出检查诊断。","可读/可播放的真实内容及理解或产出检查；仅存在规划文字不算学过。","1","explanations","0","0","unknown","0","","","本类别没有已核实的explain专门内容与证据。","https://ielts.org/news-and-insights/ielts-writing-task-2-how-to-understand-ielts-question-prompts :: Task2命令 · 问题/原因与解决 :: teaching-context;https://ielts.org/news-and-insights/ielts-writing-task-2-how-to-understand-ielts-question-prompts :: 实际任务与评分边界 :: rule"
"WT-PROBLEM-SOLUTION","writing","general-training","product-teaching-tag","model","missing","ielts-plan.WT-PROBLEM-SOLUTION.model","writing-task-two","原创计划/段落带义务映射及弱替代对照，不复制范文。","可读/可播放的真实内容及理解或产出检查；仅存在规划文字不算学过。","1","models","0","0","unknown","0","","","本类别没有已核实的model专门内容与证据。","https://ielts.org/news-and-insights/ielts-writing-task-2-how-to-understand-ielts-question-prompts :: Task2命令 · 问题/原因与解决 :: teaching-context;https://ielts.org/news-and-insights/ielts-writing-task-2-how-to-understand-ielts-question-prompts :: 实际任务与评分边界 :: rule"
"WT-PROBLEM-SOLUTION","writing","general-training","product-teaching-tag","guided","missing","ielts-plan.WT-PROBLEM-SOLUTION.guided","writing-task-two","题目着色标义务，按按实际问题配行动者、措施与作用机制；题目要原因才写原因。生成自己的推理链。","可读/可播放的真实内容及理解或产出检查；仅存在规划文字不算学过。","1","workflows","0","0","unknown","0","","","本类别没有已核实的guided专门内容与证据。","https://ielts.org/news-and-insights/ielts-writing-task-2-how-to-understand-ielts-question-prompts :: Task2命令 · 问题/原因与解决 :: teaching-context;https://ielts.org/news-and-insights/ielts-writing-task-2-how-to-understand-ielts-question-prompts :: 实际任务与评分边界 :: rule"
"WT-PROBLEM-SOLUTION","writing","general-training","product-teaching-tag","independent","missing","ielts-plan.WT-PROBLEM-SOLUTION.independent","writing-task-two","新题essay，保持原问题并核对每一项义务。 隐藏旧模型/词句提示；保留第一遍，AI改稿标辅助。","保留新材料与题号、首答、实际支持/用时条件及反馈来源；看到模型、重播或AI改写要标辅助。","1","prompts","0","0","unknown","0","","","本类别没有已核实的independent专门内容与证据。","https://ielts.org/news-and-insights/ielts-writing-task-2-how-to-understand-ielts-question-prompts :: Task2命令 · 问题/原因与解决 :: teaching-context;https://ielts.org/news-and-insights/ielts-writing-task-2-how-to-understand-ielts-question-prompts :: 实际任务与评分边界 :: rule"
"WT-PROBLEM-SOLUTION","writing","general-training","product-teaching-tag","timed","missing","ielts-plan.WT-PROBLEM-SOLUTION.timed","writing-task-two","至少250词，约40分钟essay训练，然后合并两任务60分钟；分配时间只是建议。 新题essay，保持原问题并核对每一项义务。 短训练预算属于教学安排。","保留新材料与题号、首答、实际支持/用时条件及反馈来源；看到模型、重播或AI改写要标辅助。","1","prompts","0","0","unknown","0","","","本类别没有已核实的timed专门内容与证据。","https://ielts.org/news-and-insights/ielts-writing-task-2-how-to-understand-ielts-question-prompts :: Task2命令 · 问题/原因与解决 :: teaching-context;https://ielts.org/news-and-insights/ielts-writing-task-2-how-to-understand-ielts-question-prompts :: 实际任务与评分边界 :: rule"
"WT-PROBLEM-SOLUTION","writing","general-training","product-teaching-tag","feedback","missing","ielts-plan.WT-PROBLEM-SOLUTION.feedback","writing-task-two","用段落→义务映射找到遗漏/不相关/无发展处，局部修复后新写。 每个主张关联原稿文字及原题/图示；缺图不评价数据准确性。","human-text：原作答/原稿/录音的证据定位、具体原因、修订与新题重试；不把改稿覆盖原尝试。","1","workflows","0","0","unknown","0","","","本类别没有已核实的feedback专门内容与证据。","https://ielts.org/news-and-insights/ielts-writing-task-2-how-to-understand-ielts-question-prompts :: Task2命令 · 问题/原因与解决 :: teaching-context;https://ielts.org/news-and-insights/ielts-writing-task-2-how-to-understand-ielts-question-prompts :: 实际任务与评分边界 :: rule"
"WT-PROBLEM-SOLUTION","writing","general-training","product-teaching-tag","review","missing","ielts-plan.WT-PROBLEM-SOLUTION.review","writing-task-two","课程安排延迟后causes+solutions与problems+solutions互换 保存新题、支持情况及与原问题关联；未测过保持未验证。","延迟后换材料/话题的第一遍无提示产出；记录原问题是否再次出现。间隔是课程选择，未验证时保持“未验证”。","1","workflows","0","0","unknown","0","","","本类别没有已核实的review专门内容与证据。","https://ielts.org/news-and-insights/ielts-writing-task-2-how-to-understand-ielts-question-prompts :: Task2命令 · 问题/原因与解决 :: teaching-context;https://ielts.org/news-and-insights/ielts-writing-task-2-how-to-understand-ielts-question-prompts :: 实际任务与评分边界 :: rule"
"WT-MULTIPART","writing","academic","product-teaching-tag","explain","missing","ielts-plan.WT-MULTIPART.explain","writing-task-two","逐项回应全部问题和对象，组织成连贯整体。 用理解检查和小产出检查诊断。","可读/可播放的真实内容及理解或产出检查；仅存在规划文字不算学过。","1","explanations","0","0","unknown","0","","","本类别没有已核实的explain专门内容与证据。","https://ielts.org/news-and-insights/ielts-writing-task-2-how-to-understand-ielts-question-prompts :: Task2命令 · 多问题/混合命令 :: teaching-context;https://ielts.org/news-and-insights/ielts-writing-task-2-how-to-understand-ielts-question-prompts :: 实际任务与评分边界 :: rule"
"WT-MULTIPART","writing","academic","product-teaching-tag","model","missing","ielts-plan.WT-MULTIPART.model","writing-task-two","原创计划/段落带义务映射及弱替代对照，不复制范文。","可读/可播放的真实内容及理解或产出检查；仅存在规划文字不算学过。","1","models","0","0","unknown","0","","","本类别没有已核实的model专门内容与证据。","https://ielts.org/news-and-insights/ielts-writing-task-2-how-to-understand-ielts-question-prompts :: Task2命令 · 多问题/混合命令 :: teaching-context;https://ielts.org/news-and-insights/ielts-writing-task-2-how-to-understand-ielts-question-prompts :: 实际任务与评分边界 :: rule"
"WT-MULTIPART","writing","academic","product-teaching-tag","guided","missing","ielts-plan.WT-MULTIPART.guided","writing-task-two","题目着色标义务，按逐项回应全部问题和对象，组织成连贯整体。生成自己的推理链。","可读/可播放的真实内容及理解或产出检查；仅存在规划文字不算学过。","1","workflows","0","0","unknown","0","","","本类别没有已核实的guided专门内容与证据。","https://ielts.org/news-and-insights/ielts-writing-task-2-how-to-understand-ielts-question-prompts :: Task2命令 · 多问题/混合命令 :: teaching-context;https://ielts.org/news-and-insights/ielts-writing-task-2-how-to-understand-ielts-question-prompts :: 实际任务与评分边界 :: rule"
"WT-MULTIPART","writing","academic","product-teaching-tag","independent","missing","ielts-plan.WT-MULTIPART.independent","writing-task-two","新题essay，保持原问题并核对每一项义务。 隐藏旧模型/词句提示；保留第一遍，AI改稿标辅助。","保留新材料与题号、首答、实际支持/用时条件及反馈来源；看到模型、重播或AI改写要标辅助。","1","prompts","0","0","unknown","0","","","本类别没有已核实的independent专门内容与证据。","https://ielts.org/news-and-insights/ielts-writing-task-2-how-to-understand-ielts-question-prompts :: Task2命令 · 多问题/混合命令 :: teaching-context;https://ielts.org/news-and-insights/ielts-writing-task-2-how-to-understand-ielts-question-prompts :: 实际任务与评分边界 :: rule"
"WT-MULTIPART","writing","academic","product-teaching-tag","timed","missing","ielts-plan.WT-MULTIPART.timed","writing-task-two","至少250词，约40分钟essay训练，然后合并两任务60分钟；分配时间只是建议。 新题essay，保持原问题并核对每一项义务。 短训练预算属于教学安排。","保留新材料与题号、首答、实际支持/用时条件及反馈来源；看到模型、重播或AI改写要标辅助。","1","prompts","0","0","unknown","0","","","本类别没有已核实的timed专门内容与证据。","https://ielts.org/news-and-insights/ielts-writing-task-2-how-to-understand-ielts-question-prompts :: Task2命令 · 多问题/混合命令 :: teaching-context;https://ielts.org/news-and-insights/ielts-writing-task-2-how-to-understand-ielts-question-prompts :: 实际任务与评分边界 :: rule"
"WT-MULTIPART","writing","academic","product-teaching-tag","feedback","missing","ielts-plan.WT-MULTIPART.feedback","writing-task-two","用段落→义务映射找到遗漏/不相关/无发展处，局部修复后新写。 每个主张关联原稿文字及原题/图示；缺图不评价数据准确性。","human-text：原作答/原稿/录音的证据定位、具体原因、修订与新题重试；不把改稿覆盖原尝试。","1","workflows","0","0","unknown","0","","","本类别没有已核实的feedback专门内容与证据。","https://ielts.org/news-and-insights/ielts-writing-task-2-how-to-understand-ielts-question-prompts :: Task2命令 · 多问题/混合命令 :: teaching-context;https://ielts.org/news-and-insights/ielts-writing-task-2-how-to-understand-ielts-question-prompts :: 实际任务与评分边界 :: rule"
"WT-MULTIPART","writing","academic","product-teaching-tag","review","missing","ielts-plan.WT-MULTIPART.review","writing-task-two","课程安排延迟后why+个人/社会影响的混合问法 保存新题、支持情况及与原问题关联；未测过保持未验证。","延迟后换材料/话题的第一遍无提示产出；记录原问题是否再次出现。间隔是课程选择，未验证时保持“未验证”。","1","workflows","0","0","unknown","0","","","本类别没有已核实的review专门内容与证据。","https://ielts.org/news-and-insights/ielts-writing-task-2-how-to-understand-ielts-question-prompts :: Task2命令 · 多问题/混合命令 :: teaching-context;https://ielts.org/news-and-insights/ielts-writing-task-2-how-to-understand-ielts-question-prompts :: 实际任务与评分边界 :: rule"
"WT-MULTIPART","writing","general-training","product-teaching-tag","explain","missing","ielts-plan.WT-MULTIPART.explain","writing-task-two","逐项回应全部问题和对象，组织成连贯整体。 用理解检查和小产出检查诊断。","可读/可播放的真实内容及理解或产出检查；仅存在规划文字不算学过。","1","explanations","0","0","unknown","0","","","本类别没有已核实的explain专门内容与证据。","https://ielts.org/news-and-insights/ielts-writing-task-2-how-to-understand-ielts-question-prompts :: Task2命令 · 多问题/混合命令 :: teaching-context;https://ielts.org/news-and-insights/ielts-writing-task-2-how-to-understand-ielts-question-prompts :: 实际任务与评分边界 :: rule"
"WT-MULTIPART","writing","general-training","product-teaching-tag","model","missing","ielts-plan.WT-MULTIPART.model","writing-task-two","原创计划/段落带义务映射及弱替代对照，不复制范文。","可读/可播放的真实内容及理解或产出检查；仅存在规划文字不算学过。","1","models","0","0","unknown","0","","","本类别没有已核实的model专门内容与证据。","https://ielts.org/news-and-insights/ielts-writing-task-2-how-to-understand-ielts-question-prompts :: Task2命令 · 多问题/混合命令 :: teaching-context;https://ielts.org/news-and-insights/ielts-writing-task-2-how-to-understand-ielts-question-prompts :: 实际任务与评分边界 :: rule"
"WT-MULTIPART","writing","general-training","product-teaching-tag","guided","missing","ielts-plan.WT-MULTIPART.guided","writing-task-two","题目着色标义务，按逐项回应全部问题和对象，组织成连贯整体。生成自己的推理链。","可读/可播放的真实内容及理解或产出检查；仅存在规划文字不算学过。","1","workflows","0","0","unknown","0","","","本类别没有已核实的guided专门内容与证据。","https://ielts.org/news-and-insights/ielts-writing-task-2-how-to-understand-ielts-question-prompts :: Task2命令 · 多问题/混合命令 :: teaching-context;https://ielts.org/news-and-insights/ielts-writing-task-2-how-to-understand-ielts-question-prompts :: 实际任务与评分边界 :: rule"
"WT-MULTIPART","writing","general-training","product-teaching-tag","independent","missing","ielts-plan.WT-MULTIPART.independent","writing-task-two","新题essay，保持原问题并核对每一项义务。 隐藏旧模型/词句提示；保留第一遍，AI改稿标辅助。","保留新材料与题号、首答、实际支持/用时条件及反馈来源；看到模型、重播或AI改写要标辅助。","1","prompts","0","0","unknown","0","","","本类别没有已核实的independent专门内容与证据。","https://ielts.org/news-and-insights/ielts-writing-task-2-how-to-understand-ielts-question-prompts :: Task2命令 · 多问题/混合命令 :: teaching-context;https://ielts.org/news-and-insights/ielts-writing-task-2-how-to-understand-ielts-question-prompts :: 实际任务与评分边界 :: rule"
"WT-MULTIPART","writing","general-training","product-teaching-tag","timed","missing","ielts-plan.WT-MULTIPART.timed","writing-task-two","至少250词，约40分钟essay训练，然后合并两任务60分钟；分配时间只是建议。 新题essay，保持原问题并核对每一项义务。 短训练预算属于教学安排。","保留新材料与题号、首答、实际支持/用时条件及反馈来源；看到模型、重播或AI改写要标辅助。","1","prompts","0","0","unknown","0","","","本类别没有已核实的timed专门内容与证据。","https://ielts.org/news-and-insights/ielts-writing-task-2-how-to-understand-ielts-question-prompts :: Task2命令 · 多问题/混合命令 :: teaching-context;https://ielts.org/news-and-insights/ielts-writing-task-2-how-to-understand-ielts-question-prompts :: 实际任务与评分边界 :: rule"
"WT-MULTIPART","writing","general-training","product-teaching-tag","feedback","missing","ielts-plan.WT-MULTIPART.feedback","writing-task-two","用段落→义务映射找到遗漏/不相关/无发展处，局部修复后新写。 每个主张关联原稿文字及原题/图示；缺图不评价数据准确性。","human-text：原作答/原稿/录音的证据定位、具体原因、修订与新题重试；不把改稿覆盖原尝试。","1","workflows","0","0","unknown","0","","","本类别没有已核实的feedback专门内容与证据。","https://ielts.org/news-and-insights/ielts-writing-task-2-how-to-understand-ielts-question-prompts :: Task2命令 · 多问题/混合命令 :: teaching-context;https://ielts.org/news-and-insights/ielts-writing-task-2-how-to-understand-ielts-question-prompts :: 实际任务与评分边界 :: rule"
"WT-MULTIPART","writing","general-training","product-teaching-tag","review","missing","ielts-plan.WT-MULTIPART.review","writing-task-two","课程安排延迟后why+个人/社会影响的混合问法 保存新题、支持情况及与原问题关联；未测过保持未验证。","延迟后换材料/话题的第一遍无提示产出；记录原问题是否再次出现。间隔是课程选择，未验证时保持“未验证”。","1","workflows","0","0","unknown","0","","","本类别没有已核实的review专门内容与证据。","https://ielts.org/news-and-insights/ielts-writing-task-2-how-to-understand-ielts-question-prompts :: Task2命令 · 多问题/混合命令 :: teaching-context;https://ielts.org/news-and-insights/ielts-writing-task-2-how-to-understand-ielts-question-prompts :: 实际任务与评分边界 :: rule"
"WT-EVALUATE","writing","academic","product-teaching-tag","explain","missing","ielts-plan.WT-EVALUATE.explain","writing-task-two","建立判断依据并说明替代/责任分配，避免强迫二元立场。 用理解检查和小产出检查诊断。","可读/可播放的真实内容及理解或产出检查；仅存在规划文字不算学过。","1","explanations","0","0","unknown","0","","","本类别没有已核实的explain专门内容与证据。","https://ielts.org/news-and-insights/ielts-writing-task-2-how-to-understand-ielts-question-prompts :: Task2命令 · 替代/责任/选择评价 :: teaching-context;https://ielts.org/news-and-insights/ielts-writing-task-2-how-to-understand-ielts-question-prompts :: 实际任务与评分边界 :: rule"
"WT-EVALUATE","writing","academic","product-teaching-tag","model","missing","ielts-plan.WT-EVALUATE.model","writing-task-two","原创计划/段落带义务映射及弱替代对照，不复制范文。","可读/可播放的真实内容及理解或产出检查；仅存在规划文字不算学过。","1","models","0","0","unknown","0","","","本类别没有已核实的model专门内容与证据。","https://ielts.org/news-and-insights/ielts-writing-task-2-how-to-understand-ielts-question-prompts :: Task2命令 · 替代/责任/选择评价 :: teaching-context;https://ielts.org/news-and-insights/ielts-writing-task-2-how-to-understand-ielts-question-prompts :: 实际任务与评分边界 :: rule"
"WT-EVALUATE","writing","academic","product-teaching-tag","guided","missing","ielts-plan.WT-EVALUATE.guided","writing-task-two","题目着色标义务，按建立判断依据并说明替代/责任分配，避免强迫二元立场。生成自己的推理链。","可读/可播放的真实内容及理解或产出检查；仅存在规划文字不算学过。","1","workflows","0","0","unknown","0","","","本类别没有已核实的guided专门内容与证据。","https://ielts.org/news-and-insights/ielts-writing-task-2-how-to-understand-ielts-question-prompts :: Task2命令 · 替代/责任/选择评价 :: teaching-context;https://ielts.org/news-and-insights/ielts-writing-task-2-how-to-understand-ielts-question-prompts :: 实际任务与评分边界 :: rule"
"WT-EVALUATE","writing","academic","product-teaching-tag","independent","missing","ielts-plan.WT-EVALUATE.independent","writing-task-two","新题essay，保持原问题并核对每一项义务。 隐藏旧模型/词句提示；保留第一遍，AI改稿标辅助。","保留新材料与题号、首答、实际支持/用时条件及反馈来源；看到模型、重播或AI改写要标辅助。","1","prompts","0","0","unknown","0","","","本类别没有已核实的independent专门内容与证据。","https://ielts.org/news-and-insights/ielts-writing-task-2-how-to-understand-ielts-question-prompts :: Task2命令 · 替代/责任/选择评价 :: teaching-context;https://ielts.org/news-and-insights/ielts-writing-task-2-how-to-understand-ielts-question-prompts :: 实际任务与评分边界 :: rule"
"WT-EVALUATE","writing","academic","product-teaching-tag","timed","missing","ielts-plan.WT-EVALUATE.timed","writing-task-two","至少250词，约40分钟essay训练，然后合并两任务60分钟；分配时间只是建议。 新题essay，保持原问题并核对每一项义务。 短训练预算属于教学安排。","保留新材料与题号、首答、实际支持/用时条件及反馈来源；看到模型、重播或AI改写要标辅助。","1","prompts","0","0","unknown","0","","","本类别没有已核实的timed专门内容与证据。","https://ielts.org/news-and-insights/ielts-writing-task-2-how-to-understand-ielts-question-prompts :: Task2命令 · 替代/责任/选择评价 :: teaching-context;https://ielts.org/news-and-insights/ielts-writing-task-2-how-to-understand-ielts-question-prompts :: 实际任务与评分边界 :: rule"
"WT-EVALUATE","writing","academic","product-teaching-tag","feedback","missing","ielts-plan.WT-EVALUATE.feedback","writing-task-two","用段落→义务映射找到遗漏/不相关/无发展处，局部修复后新写。 每个主张关联原稿文字及原题/图示；缺图不评价数据准确性。","human-text：原作答/原稿/录音的证据定位、具体原因、修订与新题重试；不把改稿覆盖原尝试。","1","workflows","0","0","unknown","0","","","本类别没有已核实的feedback专门内容与证据。","https://ielts.org/news-and-insights/ielts-writing-task-2-how-to-understand-ielts-question-prompts :: Task2命令 · 替代/责任/选择评价 :: teaching-context;https://ielts.org/news-and-insights/ielts-writing-task-2-how-to-understand-ielts-question-prompts :: 实际任务与评分边界 :: rule"
"WT-EVALUATE","writing","academic","product-teaching-tag","review","missing","ielts-plan.WT-EVALUATE.review","writing-task-two","课程安排延迟后共享责任与限定选项 保存新题、支持情况及与原问题关联；未测过保持未验证。","延迟后换材料/话题的第一遍无提示产出；记录原问题是否再次出现。间隔是课程选择，未验证时保持“未验证”。","1","workflows","0","0","unknown","0","","","本类别没有已核实的review专门内容与证据。","https://ielts.org/news-and-insights/ielts-writing-task-2-how-to-understand-ielts-question-prompts :: Task2命令 · 替代/责任/选择评价 :: teaching-context;https://ielts.org/news-and-insights/ielts-writing-task-2-how-to-understand-ielts-question-prompts :: 实际任务与评分边界 :: rule"
"WT-EVALUATE","writing","general-training","product-teaching-tag","explain","missing","ielts-plan.WT-EVALUATE.explain","writing-task-two","建立判断依据并说明替代/责任分配，避免强迫二元立场。 用理解检查和小产出检查诊断。","可读/可播放的真实内容及理解或产出检查；仅存在规划文字不算学过。","1","explanations","0","0","unknown","0","","","本类别没有已核实的explain专门内容与证据。","https://ielts.org/news-and-insights/ielts-writing-task-2-how-to-understand-ielts-question-prompts :: Task2命令 · 替代/责任/选择评价 :: teaching-context;https://ielts.org/news-and-insights/ielts-writing-task-2-how-to-understand-ielts-question-prompts :: 实际任务与评分边界 :: rule"
"WT-EVALUATE","writing","general-training","product-teaching-tag","model","missing","ielts-plan.WT-EVALUATE.model","writing-task-two","原创计划/段落带义务映射及弱替代对照，不复制范文。","可读/可播放的真实内容及理解或产出检查；仅存在规划文字不算学过。","1","models","0","0","unknown","0","","","本类别没有已核实的model专门内容与证据。","https://ielts.org/news-and-insights/ielts-writing-task-2-how-to-understand-ielts-question-prompts :: Task2命令 · 替代/责任/选择评价 :: teaching-context;https://ielts.org/news-and-insights/ielts-writing-task-2-how-to-understand-ielts-question-prompts :: 实际任务与评分边界 :: rule"
"WT-EVALUATE","writing","general-training","product-teaching-tag","guided","missing","ielts-plan.WT-EVALUATE.guided","writing-task-two","题目着色标义务，按建立判断依据并说明替代/责任分配，避免强迫二元立场。生成自己的推理链。","可读/可播放的真实内容及理解或产出检查；仅存在规划文字不算学过。","1","workflows","0","0","unknown","0","","","本类别没有已核实的guided专门内容与证据。","https://ielts.org/news-and-insights/ielts-writing-task-2-how-to-understand-ielts-question-prompts :: Task2命令 · 替代/责任/选择评价 :: teaching-context;https://ielts.org/news-and-insights/ielts-writing-task-2-how-to-understand-ielts-question-prompts :: 实际任务与评分边界 :: rule"
"WT-EVALUATE","writing","general-training","product-teaching-tag","independent","missing","ielts-plan.WT-EVALUATE.independent","writing-task-two","新题essay，保持原问题并核对每一项义务。 隐藏旧模型/词句提示；保留第一遍，AI改稿标辅助。","保留新材料与题号、首答、实际支持/用时条件及反馈来源；看到模型、重播或AI改写要标辅助。","1","prompts","0","0","unknown","0","","","本类别没有已核实的independent专门内容与证据。","https://ielts.org/news-and-insights/ielts-writing-task-2-how-to-understand-ielts-question-prompts :: Task2命令 · 替代/责任/选择评价 :: teaching-context;https://ielts.org/news-and-insights/ielts-writing-task-2-how-to-understand-ielts-question-prompts :: 实际任务与评分边界 :: rule"
"WT-EVALUATE","writing","general-training","product-teaching-tag","timed","missing","ielts-plan.WT-EVALUATE.timed","writing-task-two","至少250词，约40分钟essay训练，然后合并两任务60分钟；分配时间只是建议。 新题essay，保持原问题并核对每一项义务。 短训练预算属于教学安排。","保留新材料与题号、首答、实际支持/用时条件及反馈来源；看到模型、重播或AI改写要标辅助。","1","prompts","0","0","unknown","0","","","本类别没有已核实的timed专门内容与证据。","https://ielts.org/news-and-insights/ielts-writing-task-2-how-to-understand-ielts-question-prompts :: Task2命令 · 替代/责任/选择评价 :: teaching-context;https://ielts.org/news-and-insights/ielts-writing-task-2-how-to-understand-ielts-question-prompts :: 实际任务与评分边界 :: rule"
"WT-EVALUATE","writing","general-training","product-teaching-tag","feedback","missing","ielts-plan.WT-EVALUATE.feedback","writing-task-two","用段落→义务映射找到遗漏/不相关/无发展处，局部修复后新写。 每个主张关联原稿文字及原题/图示；缺图不评价数据准确性。","human-text：原作答/原稿/录音的证据定位、具体原因、修订与新题重试；不把改稿覆盖原尝试。","1","workflows","0","0","unknown","0","","","本类别没有已核实的feedback专门内容与证据。","https://ielts.org/news-and-insights/ielts-writing-task-2-how-to-understand-ielts-question-prompts :: Task2命令 · 替代/责任/选择评价 :: teaching-context;https://ielts.org/news-and-insights/ielts-writing-task-2-how-to-understand-ielts-question-prompts :: 实际任务与评分边界 :: rule"
"WT-EVALUATE","writing","general-training","product-teaching-tag","review","missing","ielts-plan.WT-EVALUATE.review","writing-task-two","课程安排延迟后共享责任与限定选项 保存新题、支持情况及与原问题关联；未测过保持未验证。","延迟后换材料/话题的第一遍无提示产出；记录原问题是否再次出现。间隔是课程选择，未验证时保持“未验证”。","1","workflows","0","0","unknown","0","","","本类别没有已核实的review专门内容与证据。","https://ielts.org/news-and-insights/ielts-writing-task-2-how-to-understand-ielts-question-prompts :: Task2命令 · 替代/责任/选择评价 :: teaching-context;https://ielts.org/news-and-insights/ielts-writing-task-2-how-to-understand-ielts-question-prompts :: 实际任务与评分边界 :: rule"
"W-FORMAT-A","writing","academic","official-format","explain","partial","ielts-plan.W-FORMAT-A.explain","writing-feedback","60分钟两任务都要完成；Task1至少150词，Task2至少250词且两倍权重。20/40分配是建议，不独立强制锁时；字数不足不编固定扣Band。","可读/可播放的真实内容及理解或产出检查；仅存在规划文字不算学过。","1","explanations","1","unknown","unknown","0","ielts-w1;ielts-w3","app/data/ielts.json#writing.ielts-w1;app/data/ielts.json#writing.ielts-w3;app/data/ielts.json#facts: overview / skill formats","1静态表格/1原创未评分参考/草稿/自查；无带注解示范、逐步产出、真人评分或新题复验。计时可暂停重置。 1双边讨论+个人观点题/1原创未评分参考；适用两种essay准备，但不能覆盖所有题目命令、语体或混合题。 概览文字存在，默认地图仍为Academic；没有验证用户目标、完整练习条件或新模式交付教学。","https://ielts.org/take-a-test/test-types/ielts-academic-test/ielts-academic-format-writing :: 完整条件 :: rule;https://ielts.org/organisations/ielts-for-organisations/understanding-ielts-scoring :: 维度与任务权重 :: rule"
"W-FORMAT-A","writing","academic","official-format","model","partial","ielts-plan.W-FORMAT-A.model","writing-feedback","用合法或原创完整表现示范各维度的证据位置；官方样例只链接，不复制题库或宣称自造考官分。","可读/可播放的真实内容及理解或产出检查；仅存在规划文字不算学过。","1","models","2","unknown","unknown","0","ielts-w1.sample;ielts-w3.sample","app/data/ielts.json#writing.ielts-w1;app/data/ielts.json#writing.ielts-w3","1静态表格/1原创未评分参考/草稿/自查；无带注解示范、逐步产出、真人评分或新题复验。计时可暂停重置。 1双边讨论+个人观点题/1原创未评分参考；适用两种essay准备，但不能覆盖所有题目命令、语体或混合题。","https://ielts.org/take-a-test/test-types/ielts-academic-test/ielts-academic-format-writing :: 完整条件 :: rule;https://ielts.org/organisations/ielts-for-organisations/understanding-ielts-scoring :: 维度与任务权重 :: rule"
"W-FORMAT-A","writing","academic","official-format","guided","missing","ielts-plan.W-FORMAT-A.guided","writing-feedback","先做一次有支持的整合练习，明确哪些支持使用过、哪些条件需要补。","可读/可播放的真实内容及理解或产出检查；仅存在规划文字不算学过。","1","workflows","0","0","unknown","0","","","本类别没有已核实的guided专门内容与证据。","https://ielts.org/take-a-test/test-types/ielts-academic-test/ielts-academic-format-writing :: 完整条件 :: rule;https://ielts.org/organisations/ielts-for-organisations/understanding-ielts-scoring :: 维度与任务权重 :: rule"
"W-FORMAT-A","writing","academic","official-format","independent","partial","ielts-plan.W-FORMAT-A.independent","writing-feedback","新的完整题目/两任务或三部分；保留首稿/原音频及相应输入。","保留新材料与题号、首答、实际支持/用时条件及反馈来源；看到模型、重播或AI改写要标辅助。","1","prompts","2","unknown","unknown","0","ielts-w1;ielts-w3","app/data/ielts.json#writing.ielts-w1;app/data/ielts.json#writing.ielts-w3;map/learning.tsx#EvidenceForm","1静态表格/1原创未评分参考/草稿/自查；无带注解示范、逐步产出、真人评分或新题复验。计时可暂停重置。 1双边讨论+个人观点题/1原创未评分参考；适用两种essay准备，但不能覆盖所有题目命令、语体或混合题。 外部作答/评阅/复验自录表单，无法核验实际素材或评价；不是站内内容或真实学习效果。当前模考限定Academic。","https://ielts.org/take-a-test/test-types/ielts-academic-test/ielts-academic-format-writing :: 完整条件 :: rule;https://ielts.org/organisations/ielts-for-organisations/understanding-ielts-scoring :: 维度与任务权重 :: rule"
"W-FORMAT-A","writing","academic","official-format","timed","partial","ielts-plan.W-FORMAT-A.timed","writing-feedback","新两任务60分钟，保留本类别Task1、essay、原视觉/情境和实际用时。","保留新材料与题号、首答、实际支持/用时条件及反馈来源；看到模型、重播或AI改写要标辅助。","1","prompts","2","unknown","unknown","0","ielts-w1;ielts-w3","app/data/ielts.json#writing.ielts-w1;app/data/ielts.json#writing.ielts-w3;map/learning.tsx#EvidenceForm","1静态表格/1原创未评分参考/草稿/自查；无带注解示范、逐步产出、真人评分或新题复验。计时可暂停重置。 1双边讨论+个人观点题/1原创未评分参考；适用两种essay准备，但不能覆盖所有题目命令、语体或混合题。 外部作答/评阅/复验自录表单，无法核验实际素材或评价；不是站内内容或真实学习效果。当前模考限定Academic。","https://ielts.org/take-a-test/test-types/ielts-academic-test/ielts-academic-format-writing :: 完整条件 :: rule;https://ielts.org/organisations/ielts-for-organisations/understanding-ielts-scoring :: 维度与任务权重 :: rule"
"W-FORMAT-A","writing","academic","official-format","feedback","partial","ielts-plan.W-FORMAT-A.feedback","writing-feedback","熟悉标准的人工评阅，逐维定位证据与局部修复；不可评项保留不可评，不补造合成分。","human-text：原作答/原稿/录音的证据定位、具体原因、修订与新题重试；不把改稿覆盖原尝试。","1","workflows","1","unknown","unknown","0","ielts-w1;ielts-w3","app/data/ielts.json#writing.ielts-w1;app/data/ielts.json#writing.ielts-w3;map/learning.tsx#EvidenceForm","1静态表格/1原创未评分参考/草稿/自查；无带注解示范、逐步产出、真人评分或新题复验。计时可暂停重置。 1双边讨论+个人观点题/1原创未评分参考；适用两种essay准备，但不能覆盖所有题目命令、语体或混合题。 外部作答/评阅/复验自录表单，无法核验实际素材或评价；不是站内内容或真实学习效果。当前模考限定Academic。","https://ielts.org/take-a-test/test-types/ielts-academic-test/ielts-academic-format-writing :: 完整条件 :: rule;https://ielts.org/organisations/ielts-for-organisations/understanding-ielts-scoring :: 维度与任务权重 :: rule"
"W-FORMAT-A","writing","academic","official-format","review","partial","ielts-plan.W-FORMAT-A.review","writing-feedback","针对修复之后，另一次新完整表现及延迟迁移；不是同卷重做，也不保证正式Band。","延迟后换材料/话题的第一遍无提示产出；记录原问题是否再次出现。间隔是课程选择，未验证时保持“未验证”。","1","workflows","0","0","unknown","0","","map/learning.tsx#EvidenceForm","外部作答/评阅/复验自录表单，无法核验实际素材或评价；不是站内内容或真实学习效果。当前模考限定Academic。","https://ielts.org/take-a-test/test-types/ielts-academic-test/ielts-academic-format-writing :: 完整条件 :: rule;https://ielts.org/organisations/ielts-for-organisations/understanding-ielts-scoring :: 维度与任务权重 :: rule"
"W-FORMAT-GT","writing","general-training","official-format","explain","partial","ielts-plan.W-FORMAT-GT.explain","","60分钟两任务都要完成；Task1至少150词，Task2至少250词且两倍权重。20/40分配是建议，不独立强制锁时；字数不足不编固定扣Band。","可读/可播放的真实内容及理解或产出检查；仅存在规划文字不算学过。","1","explanations","1","unknown","unknown","0","ielts-w2;ielts-w3","app/data/ielts.json#writing.ielts-w2;app/data/ielts.json#writing.ielts-w3;app/data/ielts.json#facts: overview / skill formats","1正式情境请求信/1原创未评分参考；地图未接，缺半正式/个人场景、完整书信练习链及延迟鲜题。 1双边讨论+个人观点题/1原创未评分参考；适用两种essay准备，但不能覆盖所有题目命令、语体或混合题。 概览文字存在，默认地图仍为Academic；没有验证用户目标、完整练习条件或新模式交付教学。","https://ielts.org/take-a-test/test-types/ielts-general-training-test/ielts-general-training-format-writing :: 完整条件 :: rule;https://ielts.org/organisations/ielts-for-organisations/understanding-ielts-scoring :: 维度与任务权重 :: rule"
"W-FORMAT-GT","writing","general-training","official-format","model","partial","ielts-plan.W-FORMAT-GT.model","","用合法或原创完整表现示范各维度的证据位置；官方样例只链接，不复制题库或宣称自造考官分。","可读/可播放的真实内容及理解或产出检查；仅存在规划文字不算学过。","1","models","2","unknown","unknown","0","ielts-w2.sample;ielts-w3.sample","app/data/ielts.json#writing.ielts-w2;app/data/ielts.json#writing.ielts-w3","1正式情境请求信/1原创未评分参考；地图未接，缺半正式/个人场景、完整书信练习链及延迟鲜题。 1双边讨论+个人观点题/1原创未评分参考；适用两种essay准备，但不能覆盖所有题目命令、语体或混合题。","https://ielts.org/take-a-test/test-types/ielts-general-training-test/ielts-general-training-format-writing :: 完整条件 :: rule;https://ielts.org/organisations/ielts-for-organisations/understanding-ielts-scoring :: 维度与任务权重 :: rule"
"W-FORMAT-GT","writing","general-training","official-format","guided","missing","ielts-plan.W-FORMAT-GT.guided","","先做一次有支持的整合练习，明确哪些支持使用过、哪些条件需要补。","可读/可播放的真实内容及理解或产出检查；仅存在规划文字不算学过。","1","workflows","0","0","unknown","0","","","本类别没有已核实的guided专门内容与证据。","https://ielts.org/take-a-test/test-types/ielts-general-training-test/ielts-general-training-format-writing :: 完整条件 :: rule;https://ielts.org/organisations/ielts-for-organisations/understanding-ielts-scoring :: 维度与任务权重 :: rule"
"W-FORMAT-GT","writing","general-training","official-format","independent","partial","ielts-plan.W-FORMAT-GT.independent","","新的完整题目/两任务或三部分；保留首稿/原音频及相应输入。","保留新材料与题号、首答、实际支持/用时条件及反馈来源；看到模型、重播或AI改写要标辅助。","1","prompts","2","unknown","unknown","0","ielts-w2;ielts-w3","app/data/ielts.json#writing.ielts-w2;app/data/ielts.json#writing.ielts-w3","1正式情境请求信/1原创未评分参考；地图未接，缺半正式/个人场景、完整书信练习链及延迟鲜题。 1双边讨论+个人观点题/1原创未评分参考；适用两种essay准备，但不能覆盖所有题目命令、语体或混合题。","https://ielts.org/take-a-test/test-types/ielts-general-training-test/ielts-general-training-format-writing :: 完整条件 :: rule;https://ielts.org/organisations/ielts-for-organisations/understanding-ielts-scoring :: 维度与任务权重 :: rule"
"W-FORMAT-GT","writing","general-training","official-format","timed","partial","ielts-plan.W-FORMAT-GT.timed","","新两任务60分钟，保留本类别Task1、essay、原视觉/情境和实际用时。","保留新材料与题号、首答、实际支持/用时条件及反馈来源；看到模型、重播或AI改写要标辅助。","1","prompts","2","unknown","unknown","0","ielts-w2;ielts-w3","app/data/ielts.json#writing.ielts-w2;app/data/ielts.json#writing.ielts-w3","1正式情境请求信/1原创未评分参考；地图未接，缺半正式/个人场景、完整书信练习链及延迟鲜题。 1双边讨论+个人观点题/1原创未评分参考；适用两种essay准备，但不能覆盖所有题目命令、语体或混合题。","https://ielts.org/take-a-test/test-types/ielts-general-training-test/ielts-general-training-format-writing :: 完整条件 :: rule;https://ielts.org/organisations/ielts-for-organisations/understanding-ielts-scoring :: 维度与任务权重 :: rule"
"W-FORMAT-GT","writing","general-training","official-format","feedback","partial","ielts-plan.W-FORMAT-GT.feedback","","熟悉标准的人工评阅，逐维定位证据与局部修复；不可评项保留不可评，不补造合成分。","human-text：原作答/原稿/录音的证据定位、具体原因、修订与新题重试；不把改稿覆盖原尝试。","1","workflows","1","unknown","unknown","0","ielts-w2;ielts-w3","app/data/ielts.json#writing.ielts-w2;app/data/ielts.json#writing.ielts-w3","1正式情境请求信/1原创未评分参考；地图未接，缺半正式/个人场景、完整书信练习链及延迟鲜题。 1双边讨论+个人观点题/1原创未评分参考；适用两种essay准备，但不能覆盖所有题目命令、语体或混合题。","https://ielts.org/take-a-test/test-types/ielts-general-training-test/ielts-general-training-format-writing :: 完整条件 :: rule;https://ielts.org/organisations/ielts-for-organisations/understanding-ielts-scoring :: 维度与任务权重 :: rule"
"W-FORMAT-GT","writing","general-training","official-format","review","missing","ielts-plan.W-FORMAT-GT.review","","针对修复之后，另一次新完整表现及延迟迁移；不是同卷重做，也不保证正式Band。","延迟后换材料/话题的第一遍无提示产出；记录原问题是否再次出现。间隔是课程选择，未验证时保持“未验证”。","1","workflows","0","0","unknown","0","","","本类别没有已核实的review专门内容与证据。","https://ielts.org/take-a-test/test-types/ielts-general-training-test/ielts-general-training-format-writing :: 完整条件 :: rule;https://ielts.org/organisations/ielts-for-organisations/understanding-ielts-scoring :: 维度与任务权重 :: rule"
